{
  "started_at_utc": "2026-05-26T22:15:34+00:00",
  "scenario": "high",
  "target": "pi@100.66.79.93",
  "client_source_ip": "100.70.166.91",
  "protocols": [
    "ssh",
    "ssh3",
    "mosh"
  ],
  "workloads": [
    "command_loop"
  ],
  "commands": [
    "ls",
    "df -h",
    "ps aux",
    "grep -rn root /etc/",
    "cat /proc/meminfo",
    "find /usr -maxdepth 3"
  ],
  "trials": 10,
  "iterations": 50,
  "warmup": 3,
  "timeout_sec": 20,
  "random_seed": 42,
  "shuffle_pairs": true,
  "reopen_on_failure": true,
  "mosh_predict": "always",
  "summary": [
    {
      "protocol": "ssh",
      "workload": "command_loop",
      "command": "ls",
      "n": 470,
      "failures": 0,
      "success_rate_pct": 100.0,
      "min_ms": 50.252718,
      "mean_ms": 50.34769061276596,
      "median_ms": 50.333368,
      "stdev_ms": 0.051697711222459156,
      "p95_ms": 50.435534950000005,
      "p99_ms": 50.48467864,
      "max_ms": 50.556879,
      "ci95_half_width_ms": 0.004673889694665602,
      "recv_pct_mean": 100.0,
      "recv_pct_min": 100.0
    },
    {
      "protocol": "ssh",
      "workload": "command_loop",
      "command": "df -h",
      "n": 470,
      "failures": 0,
      "success_rate_pct": 100.0,
      "min_ms": 50.242047,
      "mean_ms": 51.21634390425532,
      "median_ms": 50.3305345,
      "stdev_ms": 17.08899815273262,
      "p95_ms": 50.4388399,
      "p99_ms": 50.511923939999996,
      "max_ms": 418.464739,
      "ci95_half_width_ms": 1.5449831427646934,
      "recv_pct_mean": 100.0,
      "recv_pct_min": 100.0
    },
    {
      "protocol": "ssh",
      "workload": "command_loop",
      "command": "ps aux",
      "n": 470,
      "failures": 0,
      "success_rate_pct": 100.0,
      "min_ms": 52.709469,
      "mean_ms": 54.70066115744681,
      "median_ms": 53.0340445,
      "stdev_ms": 3.3525869068885004,
      "p95_ms": 62.548636699999996,
      "p99_ms": 64.97514902,
      "max_ms": 66.607633,
      "ci95_half_width_ms": 0.3031008728248998,
      "recv_pct_mean": 92.63229079910437,
      "recv_pct_min": 92.30029741340464
    },
    {
      "protocol": "ssh",
      "workload": "command_loop",
      "command": "grep -rn root /etc/",
      "n": 470,
      "failures": 0,
      "success_rate_pct": 100.0,
      "min_ms": 52.469608,
      "mean_ms": 54.23539817021277,
      "median_ms": 52.860302000000004,
      "stdev_ms": 3.3059140282714696,
      "p95_ms": 61.4397622,
      "p99_ms": 67.01367924,
      "max_ms": 75.835382,
      "ci95_half_width_ms": 0.2988812684898098,
      "recv_pct_mean": 100.0,
      "recv_pct_min": 100.0
    },
    {
      "protocol": "ssh",
      "workload": "command_loop",
      "command": "cat /proc/meminfo",
      "n": 470,
      "failures": 0,
      "success_rate_pct": 100.0,
      "min_ms": 50.251734,
      "mean_ms": 51.4448058893617,
      "median_ms": 50.328357,
      "stdev_ms": 16.65127566040077,
      "p95_ms": 50.45808985,
      "p99_ms": 50.5140949,
      "max_ms": 362.017454,
      "ci95_half_width_ms": 1.5054095021207266,
      "recv_pct_mean": 100.0,
      "recv_pct_min": 100.0
    },
    {
      "protocol": "ssh",
      "workload": "command_loop",
      "command": "find /usr -maxdepth 3",
      "n": 470,
      "failures": 0,
      "success_rate_pct": 100.0,
      "min_ms": 70.412861,
      "mean_ms": 79.15454471276595,
      "median_ms": 75.843535,
      "stdev_ms": 9.418806329032234,
      "p95_ms": 100.01491494999999,
      "p99_ms": 120.14904069,
      "max_ms": 133.000129,
      "ci95_half_width_ms": 0.8515359925293972,
      "recv_pct_mean": 98.72496960119618,
      "recv_pct_min": 85.42779227046542
    },
    {
      "protocol": "ssh3",
      "workload": "command_loop",
      "command": "ls",
      "n": 470,
      "failures": 0,
      "success_rate_pct": 100.0,
      "min_ms": 50.256748,
      "mean_ms": 50.35726114468085,
      "median_ms": 50.340576999999996,
      "stdev_ms": 0.05872408573663596,
      "p95_ms": 50.48202635,
      "p99_ms": 50.52380039,
      "max_ms": 50.606954,
      "ci95_half_width_ms": 0.0053091305719910374,
      "recv_pct_mean": 100.0,
      "recv_pct_min": 100.0
    },
    {
      "protocol": "ssh3",
      "workload": "command_loop",
      "command": "df -h",
      "n": 470,
      "failures": 0,
      "success_rate_pct": 100.0,
      "min_ms": 50.264548,
      "mean_ms": 50.36652734680851,
      "median_ms": 50.3507745,
      "stdev_ms": 0.05977131400429959,
      "p95_ms": 50.478223549999996,
      "p99_ms": 50.52488631,
      "max_ms": 50.553376,
      "ci95_half_width_ms": 0.00540380844635831,
      "recv_pct_mean": 95.67796610169492,
      "recv_pct_min": 93.36158192090396
    },
    {
      "protocol": "ssh3",
      "workload": "command_loop",
      "command": "ps aux",
      "n": 470,
      "failures": 0,
      "success_rate_pct": 100.0,
      "min_ms": 52.6314,
      "mean_ms": 52.918362519148936,
      "median_ms": 52.885341499999996,
      "stdev_ms": 0.1375147583666348,
      "p95_ms": 53.17131195,
      "p99_ms": 53.2715732,
      "max_ms": 53.584248,
      "ci95_half_width_ms": 0.01243244230346164,
      "recv_pct_mean": 90.90497280581711,
      "recv_pct_min": 90.2063868777601
    },
    {
      "protocol": "ssh3",
      "workload": "command_loop",
      "command": "grep -rn root /etc/",
      "n": 470,
      "failures": 0,
      "success_rate_pct": 100.0,
      "min_ms": 52.485346,
      "mean_ms": 52.88100471489361,
      "median_ms": 52.8298855,
      "stdev_ms": 0.5964890285853071,
      "p95_ms": 53.153365650000005,
      "p99_ms": 53.27505381,
      "max_ms": 65.344777,
      "ci95_half_width_ms": 0.05392741492344439,
      "recv_pct_mean": 100.0,
      "recv_pct_min": 100.0
    },
    {
      "protocol": "ssh3",
      "workload": "command_loop",
      "command": "cat /proc/meminfo",
      "n": 470,
      "failures": 0,
      "success_rate_pct": 100.0,
      "min_ms": 50.262439,
      "mean_ms": 50.35178460212766,
      "median_ms": 50.337695,
      "stdev_ms": 0.0514045105037409,
      "p95_ms": 50.4508646,
      "p99_ms": 50.49774254,
      "max_ms": 50.532257,
      "ci95_half_width_ms": 0.00464738198696866,
      "recv_pct_mean": 100.0,
      "recv_pct_min": 100.0
    },
    {
      "protocol": "ssh3",
      "workload": "command_loop",
      "command": "find /usr -maxdepth 3",
      "n": 470,
      "failures": 0,
      "success_rate_pct": 100.0,
      "min_ms": 69.254867,
      "mean_ms": 72.41991841914894,
      "median_ms": 72.20988399999999,
      "stdev_ms": 2.4165570676188297,
      "p95_ms": 76.16261349999999,
      "p99_ms": 77.63277287,
      "max_ms": 96.49653,
      "ci95_half_width_ms": 0.21847623246439163,
      "recv_pct_mean": 91.10038584419752,
      "recv_pct_min": 85.42642646744153
    },
    {
      "protocol": "mosh",
      "workload": "command_loop",
      "command": "ls",
      "n": 470,
      "failures": 20,
      "success_rate_pct": 95.91836734693878,
      "min_ms": 50.120926,
      "mean_ms": 51.16025935744681,
      "median_ms": 50.335406000000006,
      "stdev_ms": 11.972649990932325,
      "p95_ms": 50.466338050000005,
      "p99_ms": 50.50996754,
      "max_ms": 241.859495,
      "ci95_half_width_ms": 1.082424039425298,
      "recv_pct_mean": 85.55481347199695,
      "recv_pct_min": 0.4484304932735426
    },
    {
      "protocol": "mosh",
      "workload": "command_loop",
      "command": "df -h",
      "n": 470,
      "failures": 90,
      "success_rate_pct": 83.92857142857143,
      "min_ms": 50.085684,
      "mean_ms": 69.08306253191489,
      "median_ms": 50.3266755,
      "stdev_ms": 406.7403161824985,
      "p95_ms": 50.45873495,
      "p99_ms": 50.51524084,
      "max_ms": 8868.241217,
      "ci95_half_width_ms": 36.772602253705315,
      "recv_pct_mean": 60.208558721000124,
      "recv_pct_min": 0.5649717514124294
    },
    {
      "protocol": "mosh",
      "workload": "command_loop",
      "command": "ps aux",
      "n": 470,
      "failures": 0,
      "success_rate_pct": 100.0,