{
  "started_at_utc": "2026-05-26T20:34:23+00:00",
  "scenario": "low",
  "target": "pi@100.66.79.93",
  "client_source_ip": "100.70.166.91",
  "protocols": [
    "ssh",
    "ssh3",
    "mosh"
  ],
  "workloads": [
    "command_loop"
  ],
  "commands": [
    "ls",
    "df -h",
    "ps aux",
    "grep -rn root /etc/",
    "cat /proc/meminfo",
    "find /usr -maxdepth 3"
  ],
  "trials": 10,
  "iterations": 50,
  "warmup": 3,
  "timeout_sec": 20,
  "random_seed": 42,
  "shuffle_pairs": true,
  "reopen_on_failure": true,
  "mosh_predict": "always",
  "summary": [
    {
      "protocol": "ssh",
      "workload": "command_loop",
      "command": "ls",
      "n": 470,
      "failures": 0,
      "success_rate_pct": 100.0,
      "min_ms": 50.242286,
      "mean_ms": 50.34714589574468,
      "median_ms": 50.32964,
      "stdev_ms": 0.05226223036426925,
      "p95_ms": 50.4564666,
      "p99_ms": 50.4856768,
      "max_ms": 50.523079,
      "ci95_half_width_ms": 0.0047249267741988525,
      "recv_pct_mean": 100.0,
      "recv_pct_min": 100.0
    },
    {
      "protocol": "ssh",
      "workload": "command_loop",
      "command": "df -h",
      "n": 470,
      "failures": 0,
      "success_rate_pct": 100.0,
      "min_ms": 50.25014,
      "mean_ms": 50.35195796808511,
      "median_ms": 50.3334975,
      "stdev_ms": 0.05543157002516943,
      "p95_ms": 50.4639927,
      "p99_ms": 50.49416602,
      "max_ms": 50.601436,
      "ci95_half_width_ms": 0.005011460619309214,
      "recv_pct_mean": 100.0,
      "recv_pct_min": 100.0
    },
    {
      "protocol": "ssh",
      "workload": "command_loop",
      "command": "ps aux",
      "n": 470,
      "failures": 0,
      "success_rate_pct": 100.0,
      "min_ms": 52.484691,
      "mean_ms": 53.70065258510638,
      "median_ms": 52.9798745,
      "stdev_ms": 3.3618752091582196,
      "p95_ms": 56.37963215,
      "p99_ms": 74.29913465000001,
      "max_ms": 88.572212,
      "ci95_half_width_ms": 0.3039406101988151,
      "recv_pct_mean": 94.65861730816377,
      "recv_pct_min": 78.17479774454523
    },
    {
      "protocol": "ssh",
      "workload": "command_loop",
      "command": "grep -rn root /etc/",
      "n": 470,
      "failures": 0,
      "success_rate_pct": 100.0,
      "min_ms": 52.464931,
      "mean_ms": 53.27607726382979,
      "median_ms": 52.825976999999995,
      "stdev_ms": 1.7941042819802957,
      "p95_ms": 55.75759374999999,
      "p99_ms": 61.94961258000001,
      "max_ms": 69.900032,
      "ci95_half_width_ms": 0.16220148467733758,
      "recv_pct_mean": 100.0,
      "recv_pct_min": 100.0
    },
    {
      "protocol": "ssh",
      "workload": "command_loop",
      "command": "cat /proc/meminfo",
      "n": 470,
      "failures": 0,
      "success_rate_pct": 100.0,
      "min_ms": 50.25655,
      "mean_ms": 50.3463576893617,
      "median_ms": 50.330333499999995,
      "stdev_ms": 0.05364670172544101,
      "p95_ms": 50.455294,
      "p99_ms": 50.49171733,
      "max_ms": 50.516774,
      "ci95_half_width_ms": 0.004850094141854564,
      "recv_pct_mean": 100.0,
      "recv_pct_min": 100.0
    },
    {
      "protocol": "ssh",
      "workload": "command_loop",
      "command": "find /usr -maxdepth 3",
      "n": 470,
      "failures": 0,
      "success_rate_pct": 100.0,
      "min_ms": 71.188957,
      "mean_ms": 77.97819586170213,
      "median_ms": 76.273246,
      "stdev_ms": 5.172520120814761,
      "p95_ms": 86.73012494999996,
      "p99_ms": 102.28681876,
      "max_ms": 108.72285,
      "ci95_half_width_ms": 0.46763750108967767,
      "recv_pct_mean": 99.7118533394901,
      "recv_pct_min": 85.67864475918616
    },
    {
      "protocol": "ssh3",
      "workload": "command_loop",
      "command": "ls",
      "n": 470,
      "failures": 0,
      "success_rate_pct": 100.0,
      "min_ms": 50.247719,
      "mean_ms": 50.36743052765957,
      "median_ms": 50.350434500000006,
      "stdev_ms": 0.05884088468529584,
      "p95_ms": 50.48530895,
      "p99_ms": 50.52195648,
      "max_ms": 50.561204,
      "ci95_half_width_ms": 0.005319690138161,
      "recv_pct_mean": 100.0,
      "recv_pct_min": 100.0
    },
    {
      "protocol": "ssh3",
      "workload": "command_loop",
      "command": "df -h",
      "n": 470,
      "failures": 0,
      "success_rate_pct": 100.0,
      "min_ms": 50.226613,
      "mean_ms": 50.34848372553191,
      "median_ms": 50.333846,
      "stdev_ms": 0.05407441732895575,
      "p95_ms": 50.453298249999996,
      "p99_ms": 50.49048262,
      "max_ms": 50.596983,
      "ci95_half_width_ms": 0.004888763079110083,
      "recv_pct_mean": 95.60734463276836,
      "recv_pct_min": 93.36158192090396
    },
    {
      "protocol": "ssh3",
      "workload": "command_loop",
      "command": "ps aux",
      "n": 470,
      "failures": 0,
      "success_rate_pct": 100.0,
      "min_ms": 52.693417,
      "mean_ms": 52.92027360425532,
      "median_ms": 52.905249999999995,
      "stdev_ms": 0.16150586087219573,
      "p95_ms": 53.152839,
      "p99_ms": 53.29857474,
      "max_ms": 55.029713,
      "ci95_half_width_ms": 0.014601431299548832,
      "recv_pct_mean": 93.02611194858981,
      "recv_pct_min": 92.3970335866634
    },
    {
      "protocol": "ssh3",
      "workload": "command_loop",
      "command": "grep -rn root /etc/",
      "n": 470,
      "failures": 0,
      "success_rate_pct": 100.0,
      "min_ms": 52.533331,
      "mean_ms": 52.89925602127659,
      "median_ms": 52.796865,
      "stdev_ms": 0.736992641451138,
      "p95_ms": 53.14383095,
      "p99_ms": 54.563050690000004,
      "max_ms": 61.920301,
      "ci95_half_width_ms": 0.06663007375897909,
      "recv_pct_mean": 100.0,
      "recv_pct_min": 100.0
    },
    {
      "protocol": "ssh3",
      "workload": "command_loop",
      "command": "cat /proc/meminfo",
      "n": 470,
      "failures": 0,
      "success_rate_pct": 100.0,
      "min_ms": 50.26414,
      "mean_ms": 50.354161017021276,
      "median_ms": 50.338439,
      "stdev_ms": 0.05259126621269665,
      "p95_ms": 50.456305799999996,
      "p99_ms": 50.49944545,
      "max_ms": 50.559213,
      "ci95_half_width_ms": 0.004754674266394837,
      "recv_pct_mean": 100.0,
      "recv_pct_min": 100.0
    },
    {
      "protocol": "ssh3",
      "workload": "command_loop",
      "command": "find /usr -maxdepth 3",
      "n": 470,
      "failures": 0,
      "success_rate_pct": 100.0,
      "min_ms": 69.661879,
      "mean_ms": 74.63561578723404,
      "median_ms": 73.6008485,
      "stdev_ms": 5.10935334874245,
      "p95_ms": 79.98069004999999,
      "p99_ms": 97.00628242,
      "max_ms": 120.611684,
      "ci95_half_width_ms": 0.46192671587205647,
      "recv_pct_mean": 96.54685571317826,
      "recv_pct_min": 85.43143441186245
    },
    {
      "protocol": "mosh",
      "workload": "command_loop",
      "command": "ls",
      "n": 470,
      "failures": 20,
      "success_rate_pct": 95.91836734693878,
      "min_ms": 50.123474,
      "mean_ms": 50.35055474893617,
      "median_ms": 50.336406499999995,
      "stdev_ms": 0.06732638106373595,
      "p95_ms": 50.4673079,
      "p99_ms": 50.51615935,
      "max_ms": 50.554188,
      "ci95_half_width_ms": 0.006086847390184254,
      "recv_pct_mean": 85.55481347199695,
      "recv_pct_min": 0.4484304932735426
    },
    {
      "protocol": "mosh",
      "workload": "command_loop",
      "command": "df -h",
      "n": 470,
      "failures": 90,
      "success_rate_pct": 83.92857142857143,
      "min_ms": 50.103356,
      "mean_ms": 69.07353502553191,
      "median_ms": 50.327939,
      "stdev_ms": 406.65466793594726,
      "p95_ms": 50.4487969,
      "p99_ms": 50.52614858,
      "max_ms": 8866.378833,
      "ci95_half_width_ms": 36.76485896203038,
      "recv_pct_mean": 60.208558721000124,
      "recv_pct_min": 0.5649717514124294
    },
    {
      "protocol": "mosh",
      "workload": "command_loop",
      "command": "ps aux",
      "n": 470,
      "failures": 0,
      "success_rate_pct": 100.0,