[PLAN] trials_per_combination=10 samples_per_stream_per_trial=100 samples_per_stream_role=1000
[RUN] 001/090 trial=mosh_w1-s4_r01 streams=4
[LIVE] mosh_w1-s4_r01 command_3 sample=1/100 command=1/5 status=completed latency_ms=232.386 complete=0
[LIVE] mosh_w1-s4_r01 command_1 sample=1/100 command=1/5 status=completed latency_ms=232.195 complete=0
[LIVE] mosh_w1-s4_r01 command_2 sample=1/100 command=1/5 status=completed latency_ms=250.939 complete=0
[LIVE] mosh_w1-s4_r01 command_0 sample=1/100 command=1/5 status=completed latency_ms=250.894 complete=0
[LIVE] mosh_w1-s4_r01 command_2 sample=10/100 command=5/5 status=completed latency_ms=118.947 complete=0
[LIVE] mosh_w1-s4_r01 command_0 sample=10/100 command=5/5 status=completed latency_ms=73.921 complete=0
[LIVE] mosh_w1-s4_r01 command_2 sample=20/100 command=5/5 status=completed latency_ms=104.515 complete=0
[LIVE] mosh_w1-s4_r01 command_0 sample=20/100 command=5/5 status=completed latency_ms=156.796 complete=0
[LIVE] mosh_w1-s4_r01 command_2 sample=30/100 command=5/5 status=completed latency_ms=103.409 complete=0
[LIVE] mosh_w1-s4_r01 command_2 sample=40/100 command=5/5 status=completed latency_ms=561.112 complete=0
[LIVE] mosh_w1-s4_r01 command_2 sample=50/100 command=5/5 status=completed latency_ms=74.981 complete=0
[LIVE] mosh_w1-s4_r01 command_2 sample=60/100 command=5/5 status=completed latency_ms=82.976 complete=0
[LIVE] mosh_w1-s4_r01 command_2 sample=70/100 command=5/5 status=completed latency_ms=100.920 complete=0
[LIVE] mosh_w1-s4_r01 command_2 sample=80/100 command=5/5 status=completed latency_ms=63.655 complete=0
[LIVE] mosh_w1-s4_r01 command_2 sample=90/100 command=5/5 status=completed latency_ms=437.806 complete=0
[LIVE] mosh_w1-s4_r01 command_2 sample=100/100 command=5/5 status=completed latency_ms=93.576 complete=0
[LIVE] mosh_w1-s4_r01 command_3 sample=10/100 command=5/5 status=completed latency_ms=113.344 complete=0
[LIVE] mosh_w1-s4_r01 command_1 sample=10/100 command=5/5 status=completed latency_ms=327.218 complete=0
[LIVE] mosh_w1-s4_r01 command_3 sample=20/100 command=5/5 status=completed latency_ms=109.311 complete=0
[LIVE] mosh_w1-s4_r01 command_1 sample=20/100 command=5/5 status=completed latency_ms=102.208 complete=0
[LIVE] mosh_w1-s4_r01 command_3 sample=30/100 command=5/5 status=completed latency_ms=468.787 complete=0
[LIVE] mosh_w1-s4_r01 command_1 sample=30/100 command=5/5 status=completed latency_ms=95.007 complete=0
[LIVE] mosh_w1-s4_r01 command_3 sample=40/100 command=5/5 status=completed latency_ms=126.189 complete=0
[LIVE] mosh_w1-s4_r01 command_1 sample=40/100 command=5/5 status=completed latency_ms=118.401 complete=0
[LIVE] mosh_w1-s4_r01 command_0 sample=40/100 command=5/5 status=completed latency_ms=137.455 complete=0
[LIVE] mosh_w1-s4_r01 command_3 sample=50/100 command=5/5 status=completed latency_ms=105.663 complete=0
[LIVE] mosh_w1-s4_r01 command_1 sample=50/100 command=5/5 status=completed latency_ms=140.301 complete=0
[LIVE] mosh_w1-s4_r01 command_0 sample=50/100 command=5/5 status=completed latency_ms=126.627 complete=0
[LIVE] mosh_w1-s4_r01 command_1 sample=60/100 command=5/5 status=completed latency_ms=168.991 complete=0
[LIVE] mosh_w1-s4_r01 command_1 sample=70/100 command=5/5 status=completed latency_ms=91.500 complete=0
[LIVE] mosh_w1-s4_r01 command_1 sample=80/100 command=5/5 status=completed latency_ms=85.811 complete=0
[LIVE] mosh_w1-s4_r01 command_1 sample=90/100 command=5/5 status=completed latency_ms=66.980 complete=0
[LIVE] mosh_w1-s4_r01 command_1 sample=100/100 command=5/5 status=completed latency_ms=60.954 complete=0
[LIVE] mosh_w1-s4_r01 command_3 sample=60/100 command=5/5 status=completed latency_ms=97.996 complete=0
[LIVE] mosh_w1-s4_r01 command_0 sample=60/100 command=5/5 status=completed latency_ms=105.159 complete=0
[LIVE] mosh_w1-s4_r01 command_3 sample=70/100 command=5/5 status=completed latency_ms=98.085 complete=0
[LIVE] mosh_w1-s4_r01 command_0 sample=70/100 command=5/5 status=completed latency_ms=142.933 complete=0
[LIVE] mosh_w1-s4_r01 command_3 sample=80/100 command=5/5 status=completed latency_ms=103.620 complete=0
[LIVE] mosh_w1-s4_r01 command_0 sample=80/100 command=5/5 status=completed latency_ms=111.644 complete=0
[LIVE] mosh_w1-s4_r01 command_3 sample=90/100 command=5/5 status=completed latency_ms=97.501 complete=0
[LIVE] mosh_w1-s4_r01 command_0 sample=90/100 command=5/5 status=completed latency_ms=467.894 complete=0
[LIVE] mosh_w1-s4_r01 command_3 sample=100/100 command=5/5 status=completed latency_ms=115.128 complete=0
[LIVE] mosh_w1-s4_r01 command_0 sample=100/100 command=5/5 status=completed latency_ms=82.184 complete=0
[RUN] 002/090 trial=mosh_w1-s2_r01 streams=2
[LIVE] mosh_w1-s2_r01 command_1 sample=1/100 command=1/5 status=completed latency_ms=160.504 complete=0
[LIVE] mosh_w1-s2_r01 command_0 sample=1/100 command=1/5 status=completed latency_ms=160.322 complete=0
[LIVE] mosh_w1-s2_r01 command_1 sample=10/100 command=5/5 status=completed latency_ms=44.029 complete=0
[LIVE] mosh_w1-s2_r01 command_1 sample=20/100 command=5/5 status=completed latency_ms=88.507 complete=0
[LIVE] mosh_w1-s2_r01 command_1 sample=30/100 command=5/5 status=completed latency_ms=91.418 complete=0
[LIVE] mosh_w1-s2_r01 command_1 sample=40/100 command=5/5 status=completed latency_ms=86.156 complete=0
[LIVE] mosh_w1-s2_r01 command_1 sample=50/100 command=5/5 status=completed latency_ms=47.729 complete=0
[LIVE] mosh_w1-s2_r01 command_1 sample=60/100 command=5/5 status=completed latency_ms=77.961 complete=0
[LIVE] mosh_w1-s2_r01 command_1 sample=70/100 command=5/5 status=completed latency_ms=64.101 complete=0
[LIVE] mosh_w1-s2_r01 command_1 sample=80/100 command=5/5 status=completed latency_ms=80.337 complete=0
[LIVE] mosh_w1-s2_r01 command_1 sample=90/100 command=5/5 status=completed latency_ms=56.858 complete=0
[LIVE] mosh_w1-s2_r01 command_1 sample=100/100 command=5/5 status=completed latency_ms=72.726 complete=0
[LIVE] mosh_w1-s2_r01 command_0 sample=10/100 command=5/5 status=completed latency_ms=74.003 complete=0
[LIVE] mosh_w1-s2_r01 command_0 sample=20/100 command=5/5 status=completed latency_ms=68.910 complete=0
[LIVE] mosh_w1-s2_r01 command_0 sample=30/100 command=5/5 status=completed latency_ms=115.654 complete=0
[LIVE] mosh_w1-s2_r01 command_0 sample=40/100 command=5/5 status=completed latency_ms=79.978 complete=0
[LIVE] mosh_w1-s2_r01 command_0 sample=50/100 command=5/5 status=completed latency_ms=53.973 complete=0
[LIVE] mosh_w1-s2_r01 command_0 sample=60/100 command=5/5 status=completed latency_ms=59.050 complete=0
[LIVE] mosh_w1-s2_r01 command_0 sample=70/100 command=5/5 status=completed latency_ms=83.187 complete=0
[LIVE] mosh_w1-s2_r01 command_0 sample=80/100 command=5/5 status=completed latency_ms=90.448 complete=0
[LIVE] mosh_w1-s2_r01 command_0 sample=90/100 command=5/5 status=completed latency_ms=344.106 complete=0
[LIVE] mosh_w1-s2_r01 command_0 sample=100/100 command=5/5 status=completed latency_ms=56.405 complete=0
[RUN] 003/090 trial=mosh_w1-s1_r01 streams=1
[LIVE] mosh_w1-s1_r01 command_0 sample=1/100 command=1/5 status=completed latency_ms=113.460 complete=0
[LIVE] mosh_w1-s1_r01 command_0 sample=10/100 command=5/5 status=completed latency_ms=98.941 complete=0
[LIVE] mosh_w1-s1_r01 command_0 sample=20/100 command=5/5 status=completed latency_ms=88.465 complete=0
[LIVE] mosh_w1-s1_r01 command_0 sample=30/100 command=5/5 status=completed latency_ms=116.188 complete=0
[LIVE] mosh_w1-s1_r01 command_0 sample=40/100 command=5/5 status=completed latency_ms=110.333 complete=0
[LIVE] mosh_w1-s1_r01 command_0 sample=50/100 command=5/5 status=completed latency_ms=82.349 complete=0
[LIVE] mosh_w1-s1_r01 command_0 sample=60/100 command=5/5 status=completed latency_ms=69.667 complete=0
[LIVE] mosh_w1-s1_r01 command_0 sample=70/100 command=5/5 status=completed latency_ms=96.298 complete=0
[LIVE] mosh_w1-s1_r01 command_0 sample=80/100 command=5/5 status=completed latency_ms=80.753 complete=0
[LIVE] mosh_w1-s1_r01 command_0 sample=90/100 command=5/5 status=completed latency_ms=88.710 complete=0
[LIVE] mosh_w1-s1_r01 command_0 sample=100/100 command=5/5 status=completed latency_ms=45.238 complete=0
[RUN] 004/090 trial=ssh_w1-s1_r01 streams=1
[LIVE] ssh_w1-s1_r01 command_0 sample=1/100 command=1/5 status=completed latency_ms=53.165 complete=1
[LIVE] ssh_w1-s1_r01 command_0 sample=10/100 command=5/5 status=completed latency_ms=81.437 complete=1
[LIVE] ssh_w1-s1_r01 command_0 sample=20/100 command=5/5 status=completed latency_ms=91.838 complete=1
[LIVE] ssh_w1-s1_r01 command_0 sample=30/100 command=5/5 status=completed latency_ms=40.789 complete=1
[LIVE] ssh_w1-s1_r01 command_0 sample=40/100 command=5/5 status=completed latency_ms=76.423 complete=1
[LIVE] ssh_w1-s1_r01 command_0 sample=50/100 command=5/5 status=completed latency_ms=71.066 complete=1
[LIVE] ssh_w1-s1_r01 command_0 sample=60/100 command=5/5 status=completed latency_ms=37.567 complete=1
[LIVE] ssh_w1-s1_r01 command_0 sample=70/100 command=5/5 status=completed latency_ms=59.893 complete=1
[LIVE] ssh_w1-s1_r01 command_0 sample=80/100 command=5/5 status=completed latency_ms=38.499 complete=1
[LIVE] ssh_w1-s1_r01 command_0 sample=90/100 command=5/5 status=completed latency_ms=134.544 complete=1
[LIVE] ssh_w1-s1_r01 command_0 sample=100/100 command=5/5 status=completed latency_ms=31.642 complete=1
[RUN] 005/090 trial=ssh_w1-s2_r01 streams=2
[LIVE] ssh_w1-s2_r01 command_1 sample=1/100 command=1/5 status=completed latency_ms=47.327 complete=1
[LIVE] ssh_w1-s2_r01 command_0 sample=1/100 command=1/5 status=completed latency_ms=97.085 complete=1
[LIVE] ssh_w1-s2_r01 command_0 sample=10/100 command=5/5 status=completed latency_ms=128.036 complete=1
[LIVE] ssh_w1-s2_r01 command_1 sample=10/100 command=5/5 status=completed latency_ms=75.511 complete=1
[LIVE] ssh_w1-s2_r01 command_0 sample=20/100 command=5/5 status=completed latency_ms=102.731 complete=1
[LIVE] ssh_w1-s2_r01 command_1 sample=20/100 command=5/5 status=completed latency_ms=88.687 complete=1
[LIVE] ssh_w1-s2_r01 command_0 sample=30/100 command=5/5 status=completed latency_ms=69.604 complete=1
[LIVE] ssh_w1-s2_r01 command_1 sample=30/100 command=5/5 status=completed latency_ms=87.735 complete=1
[LIVE] ssh_w1-s2_r01 command_0 sample=40/100 command=5/5 status=completed latency_ms=386.364 complete=1
[LIVE] ssh_w1-s2_r01 command_1 sample=40/100 command=5/5 status=completed latency_ms=384.026 complete=1
[LIVE] ssh_w1-s2_r01 command_0 sample=50/100 command=5/5 status=completed latency_ms=48.516 complete=1
[LIVE] ssh_w1-s2_r01 command_1 sample=50/100 command=5/5 status=completed latency_ms=83.415 complete=1
[LIVE] ssh_w1-s2_r01 command_0 sample=60/100 command=5/5 status=completed latency_ms=128.410 complete=1
[LIVE] ssh_w1-s2_r01 command_1 sample=60/100 command=5/5 status=completed latency_ms=146.670 complete=1
[LIVE] ssh_w1-s2_r01 command_0 sample=70/100 command=5/5 status=completed latency_ms=46.000 complete=1
[LIVE] ssh_w1-s2_r01 command_1 sample=70/100 command=5/5 status=completed latency_ms=97.597 complete=1
[LIVE] ssh_w1-s2_r01 command_0 sample=80/100 command=5/5 status=completed latency_ms=36.007 complete=1
[LIVE] ssh_w1-s2_r01 command_1 sample=80/100 command=5/5 status=completed latency_ms=116.112 complete=1
[LIVE] ssh_w1-s2_r01 command_0 sample=90/100 command=5/5 status=completed latency_ms=16.283 complete=1
[LIVE] ssh_w1-s2_r01 command_1 sample=90/100 command=5/5 status=completed latency_ms=89.835 complete=1
[LIVE] ssh_w1-s2_r01 command_1 sample=100/100 command=5/5 status=completed latency_ms=140.437 complete=1
[LIVE] ssh_w1-s2_r01 command_0 sample=100/100 command=5/5 status=completed latency_ms=141.887 complete=1
[RUN] 006/090 trial=ssh_w1-s4_r01 streams=4
[LIVE] ssh_w1-s4_r01 command_3 sample=1/100 command=1/5 status=completed latency_ms=98.210 complete=1
[LIVE] ssh_w1-s4_r01 command_0 sample=1/100 command=1/5 status=completed latency_ms=99.625 complete=1
[LIVE] ssh_w1-s4_r01 command_1 sample=1/100 command=1/5 status=completed latency_ms=105.421 complete=1
[LIVE] ssh_w1-s4_r01 command_2 sample=1/100 command=1/5 status=completed latency_ms=106.464 complete=1
[LIVE] ssh_w1-s4_r01 command_3 sample=10/100 command=5/5 status=completed latency_ms=59.615 complete=1
[LIVE] ssh_w1-s4_r01 command_1 sample=10/100 command=5/5 status=completed latency_ms=73.404 complete=1
[LIVE] ssh_w1-s4_r01 command_0 sample=10/100 command=5/5 status=completed latency_ms=49.407 complete=1
[LIVE] ssh_w1-s4_r01 command_2 sample=10/100 command=5/5 status=completed latency_ms=49.026 complete=1
[LIVE] ssh_w1-s4_r01 command_3 sample=20/100 command=5/5 status=completed latency_ms=61.901 complete=1
[LIVE] ssh_w1-s4_r01 command_1 sample=20/100 command=5/5 status=completed latency_ms=87.993 complete=1
[LIVE] ssh_w1-s4_r01 command_0 sample=20/100 command=5/5 status=completed latency_ms=23.510 complete=1
[LIVE] ssh_w1-s4_r01 command_2 sample=20/100 command=5/5 status=completed latency_ms=49.727 complete=1
[LIVE] ssh_w1-s4_r01 command_3 sample=30/100 command=5/5 status=completed latency_ms=53.411 complete=1
[LIVE] ssh_w1-s4_r01 command_0 sample=30/100 command=5/5 status=completed latency_ms=82.313 complete=1
[LIVE] ssh_w1-s4_r01 command_1 sample=30/100 command=5/5 status=completed latency_ms=82.672 complete=1
[LIVE] ssh_w1-s4_r01 command_2 sample=30/100 command=5/5 status=completed latency_ms=78.961 complete=1
[LIVE] ssh_w1-s4_r01 command_3 sample=40/100 command=5/5 status=completed latency_ms=79.159 complete=1
[LIVE] ssh_w1-s4_r01 command_1 sample=40/100 command=5/5 status=completed latency_ms=156.298 complete=1
[LIVE] ssh_w1-s4_r01 command_0 sample=40/100 command=5/5 status=completed latency_ms=110.072 complete=1
[LIVE] ssh_w1-s4_r01 command_2 sample=40/100 command=5/5 status=completed latency_ms=39.666 complete=1
[LIVE] ssh_w1-s4_r01 command_3 sample=50/100 command=5/5 status=completed latency_ms=88.706 complete=1
[LIVE] ssh_w1-s4_r01 command_1 sample=50/100 command=5/5 status=completed latency_ms=85.665 complete=1
[LIVE] ssh_w1-s4_r01 command_0 sample=50/100 command=5/5 status=completed latency_ms=105.351 complete=1
[LIVE] ssh_w1-s4_r01 command_2 sample=50/100 command=5/5 status=completed latency_ms=148.815 complete=1
[LIVE] ssh_w1-s4_r01 command_1 sample=60/100 command=5/5 status=completed latency_ms=63.398 complete=1
[LIVE] ssh_w1-s4_r01 command_3 sample=60/100 command=5/5 status=completed latency_ms=32.016 complete=1
[LIVE] ssh_w1-s4_r01 command_2 sample=60/100 command=5/5 status=completed latency_ms=278.768 complete=1
[LIVE] ssh_w1-s4_r01 command_0 sample=60/100 command=5/5 status=completed latency_ms=340.536 complete=1
[LIVE] ssh_w1-s4_r01 command_1 sample=70/100 command=5/5 status=completed latency_ms=88.985 complete=1
[LIVE] ssh_w1-s4_r01 command_3 sample=70/100 command=5/5 status=completed latency_ms=49.318 complete=1
[LIVE] ssh_w1-s4_r01 command_2 sample=70/100 command=5/5 status=completed latency_ms=73.241 complete=1
[LIVE] ssh_w1-s4_r01 command_0 sample=70/100 command=5/5 status=completed latency_ms=157.788 complete=1
[LIVE] ssh_w1-s4_r01 command_1 sample=80/100 command=5/5 status=completed latency_ms=152.492 complete=1
[LIVE] ssh_w1-s4_r01 command_3 sample=80/100 command=5/5 status=completed latency_ms=119.802 complete=1
[LIVE] ssh_w1-s4_r01 command_2 sample=80/100 command=5/5 status=completed latency_ms=72.932 complete=1
[LIVE] ssh_w1-s4_r01 command_0 sample=80/100 command=5/5 status=completed latency_ms=65.866 complete=1
[LIVE] ssh_w1-s4_r01 command_1 sample=90/100 command=5/5 status=completed latency_ms=56.856 complete=1
[LIVE] ssh_w1-s4_r01 command_2 sample=90/100 command=5/5 status=completed latency_ms=153.214 complete=1
[LIVE] ssh_w1-s4_r01 command_3 sample=90/100 command=5/5 status=completed latency_ms=106.894 complete=1
[LIVE] ssh_w1-s4_r01 command_0 sample=90/100 command=5/5 status=completed latency_ms=107.360 complete=1
[LIVE] ssh_w1-s4_r01 command_1 sample=100/100 command=5/5 status=completed latency_ms=30.100 complete=1
[LIVE] ssh_w1-s4_r01 command_0 sample=100/100 command=5/5 status=completed latency_ms=80.999 complete=1
[LIVE] ssh_w1-s4_r01 command_2 sample=100/100 command=5/5 status=completed latency_ms=64.325 complete=1
[LIVE] ssh_w1-s4_r01 command_3 sample=100/100 command=5/5 status=completed latency_ms=57.547 complete=1
[RUN] 007/090 trial=ssh3_w1-s4_r01 streams=4
[LIVE] ssh3_w1-s4_r01 command_3 sample=1/100 command=1/5 status=completed latency_ms=54.605 complete=1
[LIVE] ssh3_w1-s4_r01 command_2 sample=1/100 command=1/5 status=completed latency_ms=61.257 complete=1
[LIVE] ssh3_w1-s4_r01 command_0 sample=1/100 command=1/5 status=completed latency_ms=64.474 complete=1
[LIVE] ssh3_w1-s4_r01 command_1 sample=1/100 command=1/5 status=completed latency_ms=68.124 complete=1
[LIVE] ssh3_w1-s4_r01 command_2 sample=10/100 command=5/5 status=completed latency_ms=55.018 complete=1
[LIVE] ssh3_w1-s4_r01 command_3 sample=10/100 command=5/5 status=completed latency_ms=41.154 complete=1
[LIVE] ssh3_w1-s4_r01 command_1 sample=10/100 command=5/5 status=completed latency_ms=50.190 complete=1
[LIVE] ssh3_w1-s4_r01 command_0 sample=10/100 command=5/5 status=completed latency_ms=68.177 complete=1
[LIVE] ssh3_w1-s4_r01 command_3 sample=20/100 command=5/5 status=completed latency_ms=69.201 complete=1
[LIVE] ssh3_w1-s4_r01 command_1 sample=20/100 command=5/5 status=completed latency_ms=77.012 complete=1
[LIVE] ssh3_w1-s4_r01 command_2 sample=20/100 command=5/5 status=completed latency_ms=75.212 complete=1
[LIVE] ssh3_w1-s4_r01 command_0 sample=20/100 command=5/5 status=completed latency_ms=35.773 complete=1
[LIVE] ssh3_w1-s4_r01 command_3 sample=30/100 command=5/5 status=completed latency_ms=97.454 complete=1
[LIVE] ssh3_w1-s4_r01 command_1 sample=30/100 command=5/5 status=completed latency_ms=104.452 complete=1
[LIVE] ssh3_w1-s4_r01 command_2 sample=30/100 command=5/5 status=completed latency_ms=72.307 complete=1
[LIVE] ssh3_w1-s4_r01 command_0 sample=30/100 command=5/5 status=completed latency_ms=50.176 complete=1
[LIVE] ssh3_w1-s4_r01 command_3 sample=40/100 command=5/5 status=completed latency_ms=62.716 complete=1
[LIVE] ssh3_w1-s4_r01 command_1 sample=40/100 command=5/5 status=completed latency_ms=64.204 complete=1
[LIVE] ssh3_w1-s4_r01 command_2 sample=40/100 command=5/5 status=completed latency_ms=73.615 complete=1
[LIVE] ssh3_w1-s4_r01 command_0 sample=40/100 command=5/5 status=completed latency_ms=35.622 complete=1
[LIVE] ssh3_w1-s4_r01 command_1 sample=50/100 command=5/5 status=completed latency_ms=54.053 complete=1
[LIVE] ssh3_w1-s4_r01 command_0 sample=50/100 command=5/5 status=completed latency_ms=41.875 complete=1
[LIVE] ssh3_w1-s4_r01 command_2 sample=50/100 command=5/5 status=completed latency_ms=67.395 complete=1
[LIVE] ssh3_w1-s4_r01 command_3 sample=50/100 command=5/5 status=completed latency_ms=48.063 complete=1
[LIVE] ssh3_w1-s4_r01 command_1 sample=60/100 command=5/5 status=completed latency_ms=47.219 complete=1
[LIVE] ssh3_w1-s4_r01 command_0 sample=60/100 command=5/5 status=completed latency_ms=37.165 complete=1
[LIVE] ssh3_w1-s4_r01 command_2 sample=60/100 command=5/5 status=completed latency_ms=44.775 complete=1
[LIVE] ssh3_w1-s4_r01 command_3 sample=60/100 command=5/5 status=completed latency_ms=38.640 complete=1
[LIVE] ssh3_w1-s4_r01 command_0 sample=70/100 command=5/5 status=completed latency_ms=75.351 complete=1
[LIVE] ssh3_w1-s4_r01 command_1 sample=70/100 command=5/5 status=completed latency_ms=85.816 complete=1
[LIVE] ssh3_w1-s4_r01 command_3 sample=70/100 command=5/5 status=completed latency_ms=48.758 complete=1
[LIVE] ssh3_w1-s4_r01 command_2 sample=70/100 command=5/5 status=completed latency_ms=97.846 complete=1
[LIVE] ssh3_w1-s4_r01 command_0 sample=80/100 command=5/5 status=completed latency_ms=68.099 complete=1
[LIVE] ssh3_w1-s4_r01 command_3 sample=80/100 command=5/5 status=completed latency_ms=59.272 complete=1
[LIVE] ssh3_w1-s4_r01 command_1 sample=80/100 command=5/5 status=completed latency_ms=64.468 complete=1
[LIVE] ssh3_w1-s4_r01 command_2 sample=80/100 command=5/5 status=completed latency_ms=52.629 complete=1
[LIVE] ssh3_w1-s4_r01 command_0 sample=90/100 command=5/5 status=completed latency_ms=30.127 complete=1
[LIVE] ssh3_w1-s4_r01 command_3 sample=90/100 command=5/5 status=completed latency_ms=71.356 complete=1
[LIVE] ssh3_w1-s4_r01 command_1 sample=90/100 command=5/5 status=completed latency_ms=60.486 complete=1
[LIVE] ssh3_w1-s4_r01 command_2 sample=90/100 command=5/5 status=completed latency_ms=59.257 complete=1
[LIVE] ssh3_w1-s4_r01 command_0 sample=100/100 command=5/5 status=completed latency_ms=72.640 complete=1
[LIVE] ssh3_w1-s4_r01 command_3 sample=100/100 command=5/5 status=completed latency_ms=47.782 complete=1
[LIVE] ssh3_w1-s4_r01 command_2 sample=100/100 command=5/5 status=completed latency_ms=39.529 complete=1
[LIVE] ssh3_w1-s4_r01 command_1 sample=100/100 command=5/5 status=completed latency_ms=65.661 complete=1
[RUN] 008/090 trial=ssh3_w1-s2_r01 streams=2
[LIVE] ssh3_w1-s2_r01 command_1 sample=1/100 command=1/5 status=completed latency_ms=40.165 complete=1
[LIVE] ssh3_w1-s2_r01 command_0 sample=1/100 command=1/5 status=completed latency_ms=76.895 complete=1
[LIVE] ssh3_w1-s2_r01 command_1 sample=10/100 command=5/5 status=completed latency_ms=47.976 complete=1
[LIVE] ssh3_w1-s2_r01 command_0 sample=10/100 command=5/5 status=completed latency_ms=118.562 complete=1
[LIVE] ssh3_w1-s2_r01 command_1 sample=20/100 command=5/5 status=completed latency_ms=38.368 complete=1
[LIVE] ssh3_w1-s2_r01 command_0 sample=20/100 command=5/5 status=completed latency_ms=52.246 complete=1
[LIVE] ssh3_w1-s2_r01 command_1 sample=30/100 command=5/5 status=completed latency_ms=67.759 complete=1
[LIVE] ssh3_w1-s2_r01 command_0 sample=30/100 command=5/5 status=completed latency_ms=19.036 complete=1
[LIVE] ssh3_w1-s2_r01 command_1 sample=40/100 command=5/5 status=completed latency_ms=42.600 complete=1
[LIVE] ssh3_w1-s2_r01 command_0 sample=40/100 command=5/5 status=completed latency_ms=65.675 complete=1
[LIVE] ssh3_w1-s2_r01 command_1 sample=50/100 command=5/5 status=completed latency_ms=83.183 complete=1
[LIVE] ssh3_w1-s2_r01 command_0 sample=50/100 command=5/5 status=completed latency_ms=70.001 complete=1
[LIVE] ssh3_w1-s2_r01 command_1 sample=60/100 command=5/5 status=completed latency_ms=64.491 complete=1
[LIVE] ssh3_w1-s2_r01 command_0 sample=60/100 command=5/5 status=completed latency_ms=68.244 complete=1
[LIVE] ssh3_w1-s2_r01 command_1 sample=70/100 command=5/5 status=completed latency_ms=46.640 complete=1
[LIVE] ssh3_w1-s2_r01 command_0 sample=70/100 command=5/5 status=completed latency_ms=82.734 complete=1
[LIVE] ssh3_w1-s2_r01 command_1 sample=80/100 command=5/5 status=completed latency_ms=48.921 complete=1
[LIVE] ssh3_w1-s2_r01 command_0 sample=80/100 command=5/5 status=completed latency_ms=56.250 complete=1
[LIVE] ssh3_w1-s2_r01 command_1 sample=90/100 command=5/5 status=completed latency_ms=66.006 complete=1
[LIVE] ssh3_w1-s2_r01 command_0 sample=90/100 command=5/5 status=completed latency_ms=69.010 complete=1
[LIVE] ssh3_w1-s2_r01 command_1 sample=100/100 command=5/5 status=completed latency_ms=60.127 complete=1
[LIVE] ssh3_w1-s2_r01 command_0 sample=100/100 command=5/5 status=completed latency_ms=56.855 complete=1
[RUN] 009/090 trial=ssh3_w1-s1_r01 streams=1
[LIVE] ssh3_w1-s1_r01 command_0 sample=1/100 command=1/5 status=completed latency_ms=90.944 complete=1
[LIVE] ssh3_w1-s1_r01 command_0 sample=10/100 command=5/5 status=completed latency_ms=79.516 complete=1
[LIVE] ssh3_w1-s1_r01 command_0 sample=20/100 command=5/5 status=completed latency_ms=18.977 complete=1
[LIVE] ssh3_w1-s1_r01 command_0 sample=30/100 command=5/5 status=completed latency_ms=47.071 complete=1
[LIVE] ssh3_w1-s1_r01 command_0 sample=40/100 command=5/5 status=completed latency_ms=23.792 complete=1
[LIVE] ssh3_w1-s1_r01 command_0 sample=50/100 command=5/5 status=completed latency_ms=58.663 complete=1
[LIVE] ssh3_w1-s1_r01 command_0 sample=60/100 command=5/5 status=completed latency_ms=75.176 complete=1
[LIVE] ssh3_w1-s1_r01 command_0 sample=70/100 command=5/5 status=completed latency_ms=75.709 complete=1
[LIVE] ssh3_w1-s1_r01 command_0 sample=80/100 command=5/5 status=completed latency_ms=64.256 complete=1
[LIVE] ssh3_w1-s1_r01 command_0 sample=90/100 command=5/5 status=completed latency_ms=77.401 complete=1
[LIVE] ssh3_w1-s1_r01 command_0 sample=100/100 command=5/5 status=completed latency_ms=72.802 complete=1
[RUN] 010/090 trial=ssh3_w1-s2_r02 streams=2
[LIVE] ssh3_w1-s2_r02 command_0 sample=1/100 command=1/5 status=completed latency_ms=55.136 complete=1
[LIVE] ssh3_w1-s2_r02 command_1 sample=1/100 command=1/5 status=completed latency_ms=82.248 complete=1
[LIVE] ssh3_w1-s2_r02 command_0 sample=10/100 command=5/5 status=completed latency_ms=70.020 complete=1
[LIVE] ssh3_w1-s2_r02 command_1 sample=10/100 command=5/5 status=completed latency_ms=50.875 complete=1
[LIVE] ssh3_w1-s2_r02 command_0 sample=20/100 command=5/5 status=completed latency_ms=86.018 complete=1
[LIVE] ssh3_w1-s2_r02 command_1 sample=20/100 command=5/5 status=completed latency_ms=52.813 complete=1
[LIVE] ssh3_w1-s2_r02 command_0 sample=30/100 command=5/5 status=completed latency_ms=56.224 complete=1
[LIVE] ssh3_w1-s2_r02 command_1 sample=30/100 command=5/5 status=completed latency_ms=82.517 complete=1
[LIVE] ssh3_w1-s2_r02 command_0 sample=40/100 command=5/5 status=completed latency_ms=77.933 complete=1
[LIVE] ssh3_w1-s2_r02 command_1 sample=40/100 command=5/5 status=completed latency_ms=82.097 complete=1
[LIVE] ssh3_w1-s2_r02 command_0 sample=50/100 command=5/5 status=completed latency_ms=165.049 complete=1
[LIVE] ssh3_w1-s2_r02 command_1 sample=50/100 command=5/5 status=completed latency_ms=90.861 complete=1
[LIVE] ssh3_w1-s2_r02 command_0 sample=60/100 command=5/5 status=completed latency_ms=84.873 complete=1
[LIVE] ssh3_w1-s2_r02 command_1 sample=60/100 command=5/5 status=completed latency_ms=20.096 complete=1
[LIVE] ssh3_w1-s2_r02 command_0 sample=70/100 command=5/5 status=completed latency_ms=33.249 complete=1
[LIVE] ssh3_w1-s2_r02 command_1 sample=70/100 command=5/5 status=completed latency_ms=43.015 complete=1
[LIVE] ssh3_w1-s2_r02 command_0 sample=80/100 command=5/5 status=completed latency_ms=67.262 complete=1
[LIVE] ssh3_w1-s2_r02 command_1 sample=80/100 command=5/5 status=completed latency_ms=44.125 complete=1
[LIVE] ssh3_w1-s2_r02 command_0 sample=90/100 command=5/5 status=completed latency_ms=62.605 complete=1
[LIVE] ssh3_w1-s2_r02 command_1 sample=90/100 command=5/5 status=completed latency_ms=52.847 complete=1
[LIVE] ssh3_w1-s2_r02 command_0 sample=100/100 command=5/5 status=completed latency_ms=93.941 complete=1
[LIVE] ssh3_w1-s2_r02 command_1 sample=100/100 command=5/5 status=completed latency_ms=141.569 complete=1
[RUN] 011/090 trial=mosh_w1-s4_r02 streams=4
[LIVE] mosh_w1-s4_r02 command_0 sample=1/100 command=1/5 status=completed latency_ms=250.489 complete=0
[LIVE] mosh_w1-s4_r02 command_2 sample=1/100 command=1/5 status=completed latency_ms=250.665 complete=0
[LIVE] mosh_w1-s4_r02 command_3 sample=1/100 command=1/5 status=completed latency_ms=251.005 complete=0
[LIVE] mosh_w1-s4_r02 command_1 sample=1/100 command=1/5 status=completed latency_ms=250.677 complete=0
[LIVE] mosh_w1-s4_r02 command_0 sample=10/100 command=5/5 status=completed latency_ms=89.207 complete=0
[LIVE] mosh_w1-s4_r02 command_3 sample=10/100 command=5/5 status=completed latency_ms=90.986 complete=0
[LIVE] mosh_w1-s4_r02 command_1 sample=10/100 command=5/5 status=completed latency_ms=90.431 complete=0
[LIVE] mosh_w1-s4_r02 command_0 sample=20/100 command=5/5 status=completed latency_ms=131.570 complete=0
[LIVE] mosh_w1-s4_r02 command_3 sample=20/100 command=5/5 status=completed latency_ms=147.532 complete=0
[LIVE] mosh_w1-s4_r02 command_1 sample=20/100 command=5/5 status=completed latency_ms=109.694 complete=0
[LIVE] mosh_w1-s4_r02 command_0 sample=30/100 command=5/5 status=completed latency_ms=389.284 complete=0
[LIVE] mosh_w1-s4_r02 command_3 sample=30/100 command=5/5 status=completed latency_ms=412.273 complete=0
[LIVE] mosh_w1-s4_r02 command_1 sample=30/100 command=5/5 status=completed latency_ms=356.945 complete=0
[LIVE] mosh_w1-s4_r02 command_0 sample=40/100 command=5/5 status=completed latency_ms=177.532 complete=0
[LIVE] mosh_w1-s4_r02 command_3 sample=40/100 command=5/5 status=completed latency_ms=126.393 complete=0
[LIVE] mosh_w1-s4_r02 command_1 sample=40/100 command=5/5 status=completed latency_ms=129.547 complete=0
[LIVE] mosh_w1-s4_r02 command_0 sample=50/100 command=5/5 status=completed latency_ms=366.120 complete=0
[LIVE] mosh_w1-s4_r02 command_3 sample=50/100 command=5/5 status=completed latency_ms=121.121 complete=0
[LIVE] mosh_w1-s4_r02 command_1 sample=50/100 command=5/5 status=completed latency_ms=98.051 complete=0
[LIVE] mosh_w1-s4_r02 command_3 sample=60/100 command=5/5 status=completed latency_ms=108.814 complete=0
[LIVE] mosh_w1-s4_r02 command_1 sample=60/100 command=5/5 status=completed latency_ms=82.218 complete=0
[LIVE] mosh_w1-s4_r02 command_1 sample=70/100 command=5/5 status=completed latency_ms=89.656 complete=0
[LIVE] mosh_w1-s4_r02 command_3 sample=70/100 command=5/5 status=completed latency_ms=77.634 complete=0
[LIVE] mosh_w1-s4_r02 command_3 sample=80/100 command=5/5 status=completed latency_ms=112.199 complete=0
[LIVE] mosh_w1-s4_r02 command_3 sample=90/100 command=5/5 status=completed latency_ms=40.148 complete=0
[LIVE] mosh_w1-s4_r02 command_3 sample=100/100 command=5/5 status=completed latency_ms=69.749 complete=0
[LIVE] mosh_w1-s4_r02 command_2 sample=10/100 command=5/5 status=completed latency_ms=62.368 complete=0
[LIVE] mosh_w1-s4_r02 command_2 sample=20/100 command=5/5 status=completed latency_ms=77.621 complete=0
[LIVE] mosh_w1-s4_r02 command_2 sample=30/100 command=5/5 status=completed latency_ms=97.135 complete=0
[LIVE] mosh_w1-s4_r02 command_2 sample=40/100 command=5/5 status=completed latency_ms=116.040 complete=0
[LIVE] mosh_w1-s4_r02 command_2 sample=50/100 command=5/5 status=completed latency_ms=65.361 complete=0
[LIVE] mosh_w1-s4_r02 command_2 sample=60/100 command=5/5 status=completed latency_ms=58.732 complete=0
[LIVE] mosh_w1-s4_r02 command_2 sample=70/100 command=5/5 status=completed latency_ms=78.349 complete=0
[LIVE] mosh_w1-s4_r02 command_2 sample=80/100 command=5/5 status=completed latency_ms=111.690 complete=0
[LIVE] mosh_w1-s4_r02 command_0 sample=60/100 command=5/5 status=completed latency_ms=103.307 complete=0
[LIVE] mosh_w1-s4_r02 command_2 sample=90/100 command=5/5 status=completed latency_ms=114.244 complete=0
[LIVE] mosh_w1-s4_r02 command_0 sample=70/100 command=5/5 status=completed latency_ms=103.210 complete=0
[LIVE] mosh_w1-s4_r02 command_2 sample=100/100 command=5/5 status=completed latency_ms=105.695 complete=0
[LIVE] mosh_w1-s4_r02 command_0 sample=80/100 command=5/5 status=completed latency_ms=363.138 complete=0
[LIVE] mosh_w1-s4_r02 command_1 sample=80/100 command=5/5 status=completed latency_ms=74.134 complete=0
[LIVE] mosh_w1-s4_r02 command_0 sample=90/100 command=5/5 status=completed latency_ms=86.639 complete=0
[LIVE] mosh_w1-s4_r02 command_1 sample=90/100 command=5/5 status=completed latency_ms=120.178 complete=0
[LIVE] mosh_w1-s4_r02 command_0 sample=100/100 command=5/5 status=completed latency_ms=56.850 complete=0
[LIVE] mosh_w1-s4_r02 command_1 sample=100/100 command=5/5 status=completed latency_ms=73.264 complete=0
[RUN] 012/090 trial=mosh_w1-s1_r02 streams=1
[LIVE] mosh_w1-s1_r02 command_0 sample=1/100 command=1/5 status=completed latency_ms=406.666 complete=0
[LIVE] mosh_w1-s1_r02 command_0 sample=10/100 command=5/5 status=completed latency_ms=95.917 complete=0
[LIVE] mosh_w1-s1_r02 command_0 sample=20/100 command=5/5 status=completed latency_ms=73.967 complete=0
[LIVE] mosh_w1-s1_r02 command_0 sample=30/100 command=5/5 status=completed latency_ms=99.725 complete=0
[LIVE] mosh_w1-s1_r02 command_0 sample=40/100 command=5/5 status=completed latency_ms=56.210 complete=0
[LIVE] mosh_w1-s1_r02 command_0 sample=50/100 command=5/5 status=completed latency_ms=74.369 complete=0
[LIVE] mosh_w1-s1_r02 command_0 sample=60/100 command=5/5 status=completed latency_ms=45.775 complete=0
[LIVE] mosh_w1-s1_r02 command_0 sample=70/100 command=5/5 status=completed latency_ms=83.155 complete=0
[LIVE] mosh_w1-s1_r02 command_0 sample=80/100 command=5/5 status=completed latency_ms=89.497 complete=0
[LIVE] mosh_w1-s1_r02 command_0 sample=90/100 command=5/5 status=completed latency_ms=98.196 complete=0
[LIVE] mosh_w1-s1_r02 command_0 sample=100/100 command=5/5 status=completed latency_ms=113.358 complete=0
[RUN] 013/090 trial=ssh3_w1-s1_r02 streams=1
[LIVE] ssh3_w1-s1_r02 command_0 sample=1/100 command=1/5 status=completed latency_ms=66.993 complete=1
[LIVE] ssh3_w1-s1_r02 command_0 sample=10/100 command=5/5 status=completed latency_ms=62.301 complete=1
[LIVE] ssh3_w1-s1_r02 command_0 sample=20/100 command=5/5 status=completed latency_ms=38.919 complete=1
[LIVE] ssh3_w1-s1_r02 command_0 sample=30/100 command=5/5 status=completed latency_ms=84.290 complete=1
[LIVE] ssh3_w1-s1_r02 command_0 sample=40/100 command=5/5 status=completed latency_ms=80.780 complete=1
[LIVE] ssh3_w1-s1_r02 command_0 sample=50/100 command=5/5 status=completed latency_ms=86.808 complete=1
[LIVE] ssh3_w1-s1_r02 command_0 sample=60/100 command=5/5 status=completed latency_ms=86.141 complete=1
[LIVE] ssh3_w1-s1_r02 command_0 sample=70/100 command=5/5 status=completed latency_ms=60.272 complete=1
[LIVE] ssh3_w1-s1_r02 command_0 sample=80/100 command=5/5 status=completed latency_ms=72.984 complete=1
[LIVE] ssh3_w1-s1_r02 command_0 sample=90/100 command=5/5 status=completed latency_ms=50.026 complete=1
[LIVE] ssh3_w1-s1_r02 command_0 sample=100/100 command=5/5 status=completed latency_ms=63.461 complete=1
[RUN] 014/090 trial=ssh_w1-s1_r02 streams=1
[LIVE] ssh_w1-s1_r02 command_0 sample=1/100 command=1/5 status=completed latency_ms=73.835 complete=1
[LIVE] ssh_w1-s1_r02 command_0 sample=10/100 command=5/5 status=completed latency_ms=47.813 complete=1
[LIVE] ssh_w1-s1_r02 command_0 sample=20/100 command=5/5 status=completed latency_ms=102.817 complete=1
[LIVE] ssh_w1-s1_r02 command_0 sample=30/100 command=5/5 status=completed latency_ms=96.524 complete=1
[LIVE] ssh_w1-s1_r02 command_0 sample=40/100 command=5/5 status=completed latency_ms=133.959 complete=1
[LIVE] ssh_w1-s1_r02 command_0 sample=50/100 command=5/5 status=completed latency_ms=64.452 complete=1
[LIVE] ssh_w1-s1_r02 command_0 sample=60/100 command=5/5 status=completed latency_ms=111.575 complete=1
[LIVE] ssh_w1-s1_r02 command_0 sample=70/100 command=5/5 status=completed latency_ms=144.607 complete=1
[LIVE] ssh_w1-s1_r02 command_0 sample=80/100 command=5/5 status=completed latency_ms=85.404 complete=1
[LIVE] ssh_w1-s1_r02 command_0 sample=90/100 command=5/5 status=completed latency_ms=345.060 complete=1
[LIVE] ssh_w1-s1_r02 command_0 sample=100/100 command=5/5 status=completed latency_ms=299.870 complete=1
[RUN] 015/090 trial=ssh_w1-s4_r02 streams=4
[LIVE] ssh_w1-s4_r02 command_3 sample=1/100 command=1/5 status=completed latency_ms=125.627 complete=1
[LIVE] ssh_w1-s4_r02 command_0 sample=1/100 command=1/5 status=completed latency_ms=139.440 complete=1
[LIVE] ssh_w1-s4_r02 command_1 sample=1/100 command=1/5 status=completed latency_ms=146.511 complete=1
[LIVE] ssh_w1-s4_r02 command_2 sample=1/100 command=1/5 status=completed latency_ms=162.908 complete=1
[LIVE] ssh_w1-s4_r02 command_3 sample=10/100 command=5/5 status=completed latency_ms=65.559 complete=1
[LIVE] ssh_w1-s4_r02 command_1 sample=10/100 command=5/5 status=completed latency_ms=94.813 complete=1
[LIVE] ssh_w1-s4_r02 command_2 sample=10/100 command=5/5 status=completed latency_ms=54.514 complete=1
[LIVE] ssh_w1-s4_r02 command_0 sample=10/100 command=5/5 status=completed latency_ms=87.641 complete=1
[LIVE] ssh_w1-s4_r02 command_0 sample=20/100 command=5/5 status=completed latency_ms=92.696 complete=1
[LIVE] ssh_w1-s4_r02 command_1 sample=20/100 command=5/5 status=completed latency_ms=84.681 complete=1
[LIVE] ssh_w1-s4_r02 command_2 sample=20/100 command=5/5 status=completed latency_ms=96.755 complete=1
[LIVE] ssh_w1-s4_r02 command_3 sample=20/100 command=5/5 status=completed latency_ms=41.783 complete=1
[LIVE] ssh_w1-s4_r02 command_3 sample=30/100 command=5/5 status=completed latency_ms=68.537 complete=1
[LIVE] ssh_w1-s4_r02 command_1 sample=30/100 command=5/5 status=completed latency_ms=70.532 complete=1
[LIVE] ssh_w1-s4_r02 command_0 sample=30/100 command=5/5 status=completed latency_ms=69.377 complete=1
[LIVE] ssh_w1-s4_r02 command_2 sample=30/100 command=5/5 status=completed latency_ms=55.032 complete=1
[LIVE] ssh_w1-s4_r02 command_1 sample=40/100 command=5/5 status=completed latency_ms=108.353 complete=1
[LIVE] ssh_w1-s4_r02 command_3 sample=40/100 command=5/5 status=completed latency_ms=70.988 complete=1
[LIVE] ssh_w1-s4_r02 command_2 sample=40/100 command=5/5 status=completed latency_ms=93.815 complete=1
[LIVE] ssh_w1-s4_r02 command_0 sample=40/100 command=5/5 status=completed latency_ms=94.489 complete=1
[LIVE] ssh_w1-s4_r02 command_1 sample=50/100 command=5/5 status=completed latency_ms=37.782 complete=1
[LIVE] ssh_w1-s4_r02 command_3 sample=50/100 command=5/5 status=completed latency_ms=93.691 complete=1
[LIVE] ssh_w1-s4_r02 command_2 sample=50/100 command=5/5 status=completed latency_ms=94.382 complete=1
[LIVE] ssh_w1-s4_r02 command_0 sample=50/100 command=5/5 status=completed latency_ms=76.427 complete=1
[LIVE] ssh_w1-s4_r02 command_1 sample=60/100 command=5/5 status=completed latency_ms=107.572 complete=1
[LIVE] ssh_w1-s4_r02 command_3 sample=60/100 command=5/5 status=completed latency_ms=70.165 complete=1
[LIVE] ssh_w1-s4_r02 command_0 sample=60/100 command=5/5 status=completed latency_ms=97.855 complete=1
[LIVE] ssh_w1-s4_r02 command_2 sample=60/100 command=5/5 status=completed latency_ms=138.518 complete=1
[LIVE] ssh_w1-s4_r02 command_1 sample=70/100 command=5/5 status=completed latency_ms=90.688 complete=1
[LIVE] ssh_w1-s4_r02 command_0 sample=70/100 command=5/5 status=completed latency_ms=68.552 complete=1
[LIVE] ssh_w1-s4_r02 command_3 sample=70/100 command=5/5 status=completed latency_ms=58.906 complete=1
[LIVE] ssh_w1-s4_r02 command_2 sample=70/100 command=5/5 status=completed latency_ms=33.180 complete=1
[LIVE] ssh_w1-s4_r02 command_1 sample=80/100 command=5/5 status=completed latency_ms=49.830 complete=1
[LIVE] ssh_w1-s4_r02 command_3 sample=80/100 command=5/5 status=completed latency_ms=66.624 complete=1
[LIVE] ssh_w1-s4_r02 command_2 sample=80/100 command=5/5 status=completed latency_ms=128.012 complete=1
[LIVE] ssh_w1-s4_r02 command_0 sample=80/100 command=5/5 status=completed latency_ms=127.325 complete=1
[LIVE] ssh_w1-s4_r02 command_1 sample=90/100 command=5/5 status=completed latency_ms=77.958 complete=1
[LIVE] ssh_w1-s4_r02 command_3 sample=90/100 command=5/5 status=completed latency_ms=104.859 complete=1
[LIVE] ssh_w1-s4_r02 command_2 sample=90/100 command=5/5 status=completed latency_ms=73.236 complete=1
[LIVE] ssh_w1-s4_r02 command_0 sample=90/100 command=5/5 status=completed latency_ms=92.183 complete=1
[LIVE] ssh_w1-s4_r02 command_1 sample=100/100 command=5/5 status=completed latency_ms=69.588 complete=1
[LIVE] ssh_w1-s4_r02 command_3 sample=100/100 command=5/5 status=completed latency_ms=381.829 complete=1
[LIVE] ssh_w1-s4_r02 command_0 sample=100/100 command=5/5 status=completed latency_ms=68.293 complete=1
[LIVE] ssh_w1-s4_r02 command_2 sample=100/100 command=5/5 status=completed latency_ms=129.373 complete=1
[RUN] 016/090 trial=mosh_w1-s2_r02 streams=2
[LIVE] mosh_w1-s2_r02 command_1 sample=1/100 command=1/5 status=completed latency_ms=523.498 complete=0
[LIVE] mosh_w1-s2_r02 command_0 sample=1/100 command=1/5 status=completed latency_ms=523.517 complete=0
[LIVE] mosh_w1-s2_r02 command_1 sample=10/100 command=5/5 status=completed latency_ms=51.260 complete=0
[LIVE] mosh_w1-s2_r02 command_1 sample=20/100 command=5/5 status=completed latency_ms=88.495 complete=0
[LIVE] mosh_w1-s2_r02 command_1 sample=30/100 command=5/5 status=completed latency_ms=375.482 complete=0
[LIVE] mosh_w1-s2_r02 command_1 sample=40/100 command=5/5 status=completed latency_ms=66.054 complete=0
[LIVE] mosh_w1-s2_r02 command_1 sample=50/100 command=5/5 status=completed latency_ms=132.896 complete=0
[LIVE] mosh_w1-s2_r02 command_1 sample=60/100 command=5/5 status=completed latency_ms=66.371 complete=0
[LIVE] mosh_w1-s2_r02 command_1 sample=70/100 command=5/5 status=completed latency_ms=61.691 complete=0
[LIVE] mosh_w1-s2_r02 command_1 sample=80/100 command=5/5 status=completed latency_ms=41.450 complete=0
[LIVE] mosh_w1-s2_r02 command_1 sample=90/100 command=5/5 status=completed latency_ms=53.057 complete=0
[LIVE] mosh_w1-s2_r02 command_1 sample=100/100 command=5/5 status=completed latency_ms=77.882 complete=0
[LIVE] mosh_w1-s2_r02 command_0 sample=10/100 command=5/5 status=completed latency_ms=83.074 complete=0
[LIVE] mosh_w1-s2_r02 command_0 sample=20/100 command=5/5 status=completed latency_ms=47.802 complete=0
[LIVE] mosh_w1-s2_r02 command_0 sample=30/100 command=5/5 status=completed latency_ms=87.546 complete=0
[LIVE] mosh_w1-s2_r02 command_0 sample=40/100 command=5/5 status=completed latency_ms=74.639 complete=0
[LIVE] mosh_w1-s2_r02 command_0 sample=50/100 command=5/5 status=completed latency_ms=67.948 complete=0
[LIVE] mosh_w1-s2_r02 command_0 sample=60/100 command=5/5 status=completed latency_ms=49.480 complete=0
[LIVE] mosh_w1-s2_r02 command_0 sample=70/100 command=5/5 status=completed latency_ms=52.784 complete=0
[LIVE] mosh_w1-s2_r02 command_0 sample=80/100 command=5/5 status=completed latency_ms=103.675 complete=0
[LIVE] mosh_w1-s2_r02 command_0 sample=90/100 command=5/5 status=completed latency_ms=68.704 complete=0
[LIVE] mosh_w1-s2_r02 command_0 sample=100/100 command=5/5 status=completed latency_ms=73.449 complete=0
[RUN] 017/090 trial=ssh_w1-s2_r02 streams=2
[LIVE] ssh_w1-s2_r02 command_0 sample=1/100 command=1/5 status=completed latency_ms=57.891 complete=1
[LIVE] ssh_w1-s2_r02 command_1 sample=1/100 command=1/5 status=completed latency_ms=88.048 complete=1
[LIVE] ssh_w1-s2_r02 command_1 sample=10/100 command=5/5 status=completed latency_ms=55.053 complete=1
[LIVE] ssh_w1-s2_r02 command_0 sample=10/100 command=5/5 status=completed latency_ms=99.884 complete=1
[LIVE] ssh_w1-s2_r02 command_1 sample=20/100 command=5/5 status=completed latency_ms=49.729 complete=1
[LIVE] ssh_w1-s2_r02 command_0 sample=20/100 command=5/5 status=completed latency_ms=60.893 complete=1
[LIVE] ssh_w1-s2_r02 command_1 sample=30/100 command=5/5 status=completed latency_ms=123.833 complete=1
[LIVE] ssh_w1-s2_r02 command_0 sample=30/100 command=5/5 status=completed latency_ms=85.605 complete=1
[LIVE] ssh_w1-s2_r02 command_0 sample=40/100 command=5/5 status=completed latency_ms=69.092 complete=1
[LIVE] ssh_w1-s2_r02 command_1 sample=40/100 command=5/5 status=completed latency_ms=70.159 complete=1
[LIVE] ssh_w1-s2_r02 command_0 sample=50/100 command=5/5 status=completed latency_ms=76.524 complete=1
[LIVE] ssh_w1-s2_r02 command_1 sample=50/100 command=5/5 status=completed latency_ms=117.657 complete=1
[LIVE] ssh_w1-s2_r02 command_0 sample=60/100 command=5/5 status=completed latency_ms=48.886 complete=1
[LIVE] ssh_w1-s2_r02 command_1 sample=60/100 command=5/5 status=completed latency_ms=50.446 complete=1
[LIVE] ssh_w1-s2_r02 command_0 sample=70/100 command=5/5 status=completed latency_ms=51.858 complete=1
[LIVE] ssh_w1-s2_r02 command_1 sample=70/100 command=5/5 status=completed latency_ms=82.249 complete=1
[LIVE] ssh_w1-s2_r02 command_0 sample=80/100 command=5/5 status=completed latency_ms=56.936 complete=1
[LIVE] ssh_w1-s2_r02 command_1 sample=80/100 command=5/5 status=completed latency_ms=37.869 complete=1
[LIVE] ssh_w1-s2_r02 command_0 sample=90/100 command=5/5 status=completed latency_ms=55.933 complete=1
[LIVE] ssh_w1-s2_r02 command_1 sample=90/100 command=5/5 status=completed latency_ms=44.777 complete=1
[LIVE] ssh_w1-s2_r02 command_0 sample=100/100 command=5/5 status=completed latency_ms=58.005 complete=1
[LIVE] ssh_w1-s2_r02 command_1 sample=100/100 command=5/5 status=completed latency_ms=70.754 complete=1
[RUN] 018/090 trial=ssh3_w1-s4_r02 streams=4
[LIVE] ssh3_w1-s4_r02 command_1 sample=1/100 command=1/5 status=completed latency_ms=61.740 complete=1
[LIVE] ssh3_w1-s4_r02 command_2 sample=1/100 command=1/5 status=completed latency_ms=62.652 complete=1
[LIVE] ssh3_w1-s4_r02 command_3 sample=1/100 command=1/5 status=completed latency_ms=86.002 complete=1
[LIVE] ssh3_w1-s4_r02 command_0 sample=1/100 command=1/5 status=completed latency_ms=121.370 complete=1
[LIVE] ssh3_w1-s4_r02 command_3 sample=10/100 command=5/5 status=completed latency_ms=52.552 complete=1
[LIVE] ssh3_w1-s4_r02 command_2 sample=10/100 command=5/5 status=completed latency_ms=63.592 complete=1
[LIVE] ssh3_w1-s4_r02 command_1 sample=10/100 command=5/5 status=completed latency_ms=69.619 complete=1
[LIVE] ssh3_w1-s4_r02 command_0 sample=10/100 command=5/5 status=completed latency_ms=56.967 complete=1
[LIVE] ssh3_w1-s4_r02 command_3 sample=20/100 command=5/5 status=completed latency_ms=35.256 complete=1
[LIVE] ssh3_w1-s4_r02 command_2 sample=20/100 command=5/5 status=completed latency_ms=66.749 complete=1
[LIVE] ssh3_w1-s4_r02 command_1 sample=20/100 command=5/5 status=completed latency_ms=89.026 complete=1
[LIVE] ssh3_w1-s4_r02 command_0 sample=20/100 command=5/5 status=completed latency_ms=56.996 complete=1
[LIVE] ssh3_w1-s4_r02 command_3 sample=30/100 command=5/5 status=completed latency_ms=71.096 complete=1
[LIVE] ssh3_w1-s4_r02 command_2 sample=30/100 command=5/5 status=completed latency_ms=60.912 complete=1
[LIVE] ssh3_w1-s4_r02 command_1 sample=30/100 command=5/5 status=completed latency_ms=31.437 complete=1
[LIVE] ssh3_w1-s4_r02 command_0 sample=30/100 command=5/5 status=completed latency_ms=78.913 complete=1
[LIVE] ssh3_w1-s4_r02 command_1 sample=40/100 command=5/5 status=completed latency_ms=58.356 complete=1
[LIVE] ssh3_w1-s4_r02 command_3 sample=40/100 command=5/5 status=completed latency_ms=46.421 complete=1
[LIVE] ssh3_w1-s4_r02 command_2 sample=40/100 command=5/5 status=completed latency_ms=64.186 complete=1
[LIVE] ssh3_w1-s4_r02 command_0 sample=40/100 command=5/5 status=completed latency_ms=46.294 complete=1
[LIVE] ssh3_w1-s4_r02 command_1 sample=50/100 command=5/5 status=completed latency_ms=69.196 complete=1
[LIVE] ssh3_w1-s4_r02 command_3 sample=50/100 command=5/5 status=completed latency_ms=18.214 complete=1
[LIVE] ssh3_w1-s4_r02 command_2 sample=50/100 command=5/5 status=completed latency_ms=78.376 complete=1
[LIVE] ssh3_w1-s4_r02 command_0 sample=50/100 command=5/5 status=completed latency_ms=49.739 complete=1
[LIVE] ssh3_w1-s4_r02 command_1 sample=60/100 command=5/5 status=completed latency_ms=66.244 complete=1
[LIVE] ssh3_w1-s4_r02 command_3 sample=60/100 command=5/5 status=completed latency_ms=76.633 complete=1
[LIVE] ssh3_w1-s4_r02 command_2 sample=60/100 command=5/5 status=completed latency_ms=27.322 complete=1
[LIVE] ssh3_w1-s4_r02 command_0 sample=60/100 command=5/5 status=completed latency_ms=41.319 complete=1
[LIVE] ssh3_w1-s4_r02 command_3 sample=70/100 command=5/5 status=completed latency_ms=55.747 complete=1
[LIVE] ssh3_w1-s4_r02 command_2 sample=70/100 command=5/5 status=completed latency_ms=51.957 complete=1
[LIVE] ssh3_w1-s4_r02 command_1 sample=70/100 command=5/5 status=completed latency_ms=67.628 complete=1
[LIVE] ssh3_w1-s4_r02 command_0 sample=70/100 command=5/5 status=completed latency_ms=32.950 complete=1
[LIVE] ssh3_w1-s4_r02 command_1 sample=80/100 command=5/5 status=completed latency_ms=41.577 complete=1
[LIVE] ssh3_w1-s4_r02 command_3 sample=80/100 command=5/5 status=completed latency_ms=96.471 complete=1
[LIVE] ssh3_w1-s4_r02 command_2 sample=80/100 command=5/5 status=completed latency_ms=66.952 complete=1
[LIVE] ssh3_w1-s4_r02 command_0 sample=80/100 command=5/5 status=completed latency_ms=63.185 complete=1
[LIVE] ssh3_w1-s4_r02 command_0 sample=90/100 command=5/5 status=completed latency_ms=31.129 complete=1
[LIVE] ssh3_w1-s4_r02 command_3 sample=90/100 command=5/5 status=completed latency_ms=107.939 complete=1
[LIVE] ssh3_w1-s4_r02 command_1 sample=90/100 command=5/5 status=completed latency_ms=61.292 complete=1
[LIVE] ssh3_w1-s4_r02 command_2 sample=90/100 command=5/5 status=completed latency_ms=94.442 complete=1
[LIVE] ssh3_w1-s4_r02 command_3 sample=100/100 command=5/5 status=completed latency_ms=60.377 complete=1
[LIVE] ssh3_w1-s4_r02 command_1 sample=100/100 command=5/5 status=completed latency_ms=43.762 complete=1
[LIVE] ssh3_w1-s4_r02 command_2 sample=100/100 command=5/5 status=completed latency_ms=17.015 complete=1
[LIVE] ssh3_w1-s4_r02 command_0 sample=100/100 command=5/5 status=completed latency_ms=89.823 complete=1
[RUN] 019/090 trial=ssh_w1-s1_r03 streams=1
[LIVE] ssh_w1-s1_r03 command_0 sample=1/100 command=1/5 status=completed latency_ms=417.334 complete=1
[LIVE] ssh_w1-s1_r03 command_0 sample=10/100 command=5/5 status=completed latency_ms=67.821 complete=1
[LIVE] ssh_w1-s1_r03 command_0 sample=20/100 command=5/5 status=completed latency_ms=77.873 complete=1
[LIVE] ssh_w1-s1_r03 command_0 sample=30/100 command=5/5 status=completed latency_ms=81.503 complete=1
[LIVE] ssh_w1-s1_r03 command_0 sample=40/100 command=5/5 status=completed latency_ms=47.286 complete=1
[LIVE] ssh_w1-s1_r03 command_0 sample=50/100 command=5/5 status=completed latency_ms=42.058 complete=1
[LIVE] ssh_w1-s1_r03 command_0 sample=60/100 command=5/5 status=completed latency_ms=67.483 complete=1
[LIVE] ssh_w1-s1_r03 command_0 sample=70/100 command=5/5 status=completed latency_ms=72.253 complete=1
[LIVE] ssh_w1-s1_r03 command_0 sample=80/100 command=5/5 status=completed latency_ms=73.175 complete=1
[LIVE] ssh_w1-s1_r03 command_0 sample=90/100 command=5/5 status=completed latency_ms=146.109 complete=1
[LIVE] ssh_w1-s1_r03 command_0 sample=100/100 command=5/5 status=completed latency_ms=66.471 complete=1
[RUN] 020/090 trial=ssh3_w1-s2_r03 streams=2
[LIVE] ssh3_w1-s2_r03 command_0 sample=1/100 command=1/5 status=completed latency_ms=64.050 complete=1
[LIVE] ssh3_w1-s2_r03 command_1 sample=1/100 command=1/5 status=completed latency_ms=76.686 complete=1
[LIVE] ssh3_w1-s2_r03 command_0 sample=10/100 command=5/5 status=completed latency_ms=81.832 complete=1
[LIVE] ssh3_w1-s2_r03 command_1 sample=10/100 command=5/5 status=completed latency_ms=29.060 complete=1
[LIVE] ssh3_w1-s2_r03 command_1 sample=20/100 command=5/5 status=completed latency_ms=49.763 complete=1
[LIVE] ssh3_w1-s2_r03 command_0 sample=20/100 command=5/5 status=completed latency_ms=45.522 complete=1
[LIVE] ssh3_w1-s2_r03 command_1 sample=30/100 command=5/5 status=completed latency_ms=58.650 complete=1
[LIVE] ssh3_w1-s2_r03 command_0 sample=30/100 command=5/5 status=completed latency_ms=83.537 complete=1
[LIVE] ssh3_w1-s2_r03 command_1 sample=40/100 command=5/5 status=completed latency_ms=49.540 complete=1
[LIVE] ssh3_w1-s2_r03 command_0 sample=40/100 command=5/5 status=completed latency_ms=105.154 complete=1
[LIVE] ssh3_w1-s2_r03 command_1 sample=50/100 command=5/5 status=completed latency_ms=53.743 complete=1
[LIVE] ssh3_w1-s2_r03 command_0 sample=50/100 command=5/5 status=completed latency_ms=58.286 complete=1
[LIVE] ssh3_w1-s2_r03 command_1 sample=60/100 command=5/5 status=completed latency_ms=68.507 complete=1
[LIVE] ssh3_w1-s2_r03 command_0 sample=60/100 command=5/5 status=completed latency_ms=63.830 complete=1
[LIVE] ssh3_w1-s2_r03 command_1 sample=70/100 command=5/5 status=completed latency_ms=87.595 complete=1
[LIVE] ssh3_w1-s2_r03 command_0 sample=70/100 command=5/5 status=completed latency_ms=76.820 complete=1
[LIVE] ssh3_w1-s2_r03 command_1 sample=80/100 command=5/5 status=completed latency_ms=48.965 complete=1
[LIVE] ssh3_w1-s2_r03 command_0 sample=80/100 command=5/5 status=completed latency_ms=48.204 complete=1
[LIVE] ssh3_w1-s2_r03 command_1 sample=90/100 command=5/5 status=completed latency_ms=53.884 complete=1
[LIVE] ssh3_w1-s2_r03 command_0 sample=90/100 command=5/5 status=completed latency_ms=67.852 complete=1
[LIVE] ssh3_w1-s2_r03 command_1 sample=100/100 command=5/5 status=completed latency_ms=48.673 complete=1
[LIVE] ssh3_w1-s2_r03 command_0 sample=100/100 command=5/5 status=completed latency_ms=65.828 complete=1
[RUN] 021/090 trial=mosh_w1-s1_r03 streams=1
[LIVE] mosh_w1-s1_r03 command_0 sample=1/100 command=1/5 status=completed latency_ms=112.292 complete=0
[LIVE] mosh_w1-s1_r03 command_0 sample=10/100 command=5/5 status=completed latency_ms=96.278 complete=0
[LIVE] mosh_w1-s1_r03 command_0 sample=20/100 command=5/5 status=completed latency_ms=68.998 complete=0
[LIVE] mosh_w1-s1_r03 command_0 sample=30/100 command=5/5 status=completed latency_ms=69.333 complete=0
[LIVE] mosh_w1-s1_r03 command_0 sample=40/100 command=5/5 status=completed latency_ms=43.478 complete=0
[LIVE] mosh_w1-s1_r03 command_0 sample=50/100 command=5/5 status=completed latency_ms=73.033 complete=0
[LIVE] mosh_w1-s1_r03 command_0 sample=60/100 command=5/5 status=completed latency_ms=55.160 complete=0
[LIVE] mosh_w1-s1_r03 command_0 sample=70/100 command=5/5 status=completed latency_ms=82.810 complete=0
[LIVE] mosh_w1-s1_r03 command_0 sample=80/100 command=5/5 status=completed latency_ms=104.071 complete=0
[LIVE] mosh_w1-s1_r03 command_0 sample=90/100 command=5/5 status=completed latency_ms=75.643 complete=0
[LIVE] mosh_w1-s1_r03 command_0 sample=100/100 command=5/5 status=completed latency_ms=83.210 complete=0
[RUN] 022/090 trial=mosh_w1-s2_r03 streams=2
[LIVE] mosh_w1-s2_r03 command_1 sample=1/100 command=1/5 status=completed latency_ms=140.562 complete=0
[LIVE] mosh_w1-s2_r03 command_0 sample=1/100 command=1/5 status=completed latency_ms=140.357 complete=0
[LIVE] mosh_w1-s2_r03 command_1 sample=10/100 command=5/5 status=completed latency_ms=74.330 complete=0
[LIVE] mosh_w1-s2_r03 command_1 sample=20/100 command=5/5 status=completed latency_ms=76.307 complete=0
[LIVE] mosh_w1-s2_r03 command_1 sample=30/100 command=5/5 status=completed latency_ms=56.524 complete=0
[LIVE] mosh_w1-s2_r03 command_1 sample=40/100 command=5/5 status=completed latency_ms=68.725 complete=0
[LIVE] mosh_w1-s2_r03 command_1 sample=50/100 command=5/5 status=completed latency_ms=105.482 complete=0
[LIVE] mosh_w1-s2_r03 command_1 sample=60/100 command=5/5 status=completed latency_ms=83.298 complete=0
[LIVE] mosh_w1-s2_r03 command_1 sample=70/100 command=5/5 status=completed latency_ms=65.902 complete=0
[LIVE] mosh_w1-s2_r03 command_1 sample=80/100 command=5/5 status=completed latency_ms=102.383 complete=0
[LIVE] mosh_w1-s2_r03 command_1 sample=90/100 command=5/5 status=completed latency_ms=77.578 complete=0
[LIVE] mosh_w1-s2_r03 command_1 sample=100/100 command=5/5 status=completed latency_ms=65.037 complete=0
[LIVE] mosh_w1-s2_r03 command_0 sample=10/100 command=5/5 status=completed latency_ms=95.272 complete=0
[LIVE] mosh_w1-s2_r03 command_0 sample=20/100 command=5/5 status=completed latency_ms=70.275 complete=0
[LIVE] mosh_w1-s2_r03 command_0 sample=30/100 command=5/5 status=completed latency_ms=53.539 complete=0
[LIVE] mosh_w1-s2_r03 command_0 sample=40/100 command=5/5 status=completed latency_ms=85.600 complete=0
[LIVE] mosh_w1-s2_r03 command_0 sample=50/100 command=5/5 status=completed latency_ms=95.321 complete=0
[LIVE] mosh_w1-s2_r03 command_0 sample=60/100 command=5/5 status=completed latency_ms=88.131 complete=0
[LIVE] mosh_w1-s2_r03 command_0 sample=70/100 command=5/5 status=completed latency_ms=87.543 complete=0
[LIVE] mosh_w1-s2_r03 command_0 sample=80/100 command=5/5 status=completed latency_ms=62.038 complete=0
[LIVE] mosh_w1-s2_r03 command_0 sample=90/100 command=5/5 status=completed latency_ms=62.631 complete=0
[LIVE] mosh_w1-s2_r03 command_0 sample=100/100 command=5/5 status=completed latency_ms=71.840 complete=0
[RUN] 023/090 trial=mosh_w1-s4_r03 streams=4
[LIVE] mosh_w1-s4_r03 command_1 sample=1/100 command=1/5 status=completed latency_ms=232.429 complete=0
[LIVE] mosh_w1-s4_r03 command_3 sample=1/100 command=1/5 status=completed latency_ms=232.758 complete=0
[LIVE] mosh_w1-s4_r03 command_2 sample=1/100 command=1/5 status=completed latency_ms=232.353 complete=0
[LIVE] mosh_w1-s4_r03 command_0 sample=1/100 command=1/5 status=completed latency_ms=232.562 complete=0
[LIVE] mosh_w1-s4_r03 command_1 sample=10/100 command=5/5 status=completed latency_ms=89.285 complete=0
[LIVE] mosh_w1-s4_r03 command_3 sample=10/100 command=5/5 status=completed latency_ms=104.762 complete=0
[LIVE] mosh_w1-s4_r03 command_2 sample=10/100 command=5/5 status=completed latency_ms=104.666 complete=0
[LIVE] mosh_w1-s4_r03 command_1 sample=20/100 command=5/5 status=completed latency_ms=86.946 complete=0
[LIVE] mosh_w1-s4_r03 command_3 sample=20/100 command=5/5 status=completed latency_ms=376.581 complete=0
[LIVE] mosh_w1-s4_r03 command_2 sample=20/100 command=5/5 status=completed latency_ms=417.912 complete=0
[LIVE] mosh_w1-s4_r03 command_3 sample=30/100 command=5/5 status=completed latency_ms=100.334 complete=0
[LIVE] mosh_w1-s4_r03 command_1 sample=30/100 command=5/5 status=completed latency_ms=100.157 complete=0
[LIVE] mosh_w1-s4_r03 command_2 sample=30/100 command=5/5 status=completed latency_ms=109.574 complete=0
[LIVE] mosh_w1-s4_r03 command_1 sample=40/100 command=5/5 status=completed latency_ms=86.110 complete=0
[LIVE] mosh_w1-s4_r03 command_2 sample=40/100 command=5/5 status=completed latency_ms=143.031 complete=0
[LIVE] mosh_w1-s4_r03 command_3 sample=40/100 command=5/5 status=completed latency_ms=143.152 complete=0
[LIVE] mosh_w1-s4_r03 command_1 sample=50/100 command=5/5 status=completed latency_ms=455.383 complete=0
[LIVE] mosh_w1-s4_r03 command_2 sample=50/100 command=5/5 status=completed latency_ms=378.100 complete=0
[LIVE] mosh_w1-s4_r03 command_3 sample=50/100 command=5/5 status=completed latency_ms=94.081 complete=0
[LIVE] mosh_w1-s4_r03 command_1 sample=60/100 command=5/5 status=completed latency_ms=133.344 complete=0
[LIVE] mosh_w1-s4_r03 command_2 sample=60/100 command=5/5 status=completed latency_ms=101.472 complete=0
[LIVE] mosh_w1-s4_r03 command_3 sample=60/100 command=5/5 status=completed latency_ms=101.570 complete=0
[LIVE] mosh_w1-s4_r03 command_1 sample=70/100 command=5/5 status=completed latency_ms=394.522 complete=0
[LIVE] mosh_w1-s4_r03 command_3 sample=70/100 command=5/5 status=completed latency_ms=338.571 complete=0
[LIVE] mosh_w1-s4_r03 command_2 sample=70/100 command=5/5 status=completed latency_ms=89.930 complete=0
[LIVE] mosh_w1-s4_r03 command_1 sample=80/100 command=5/5 status=completed latency_ms=184.199 complete=0
[LIVE] mosh_w1-s4_r03 command_3 sample=80/100 command=5/5 status=completed latency_ms=112.944 complete=0
[LIVE] mosh_w1-s4_r03 command_2 sample=80/100 command=5/5 status=completed latency_ms=435.626 complete=0
[LIVE] mosh_w1-s4_r03 command_1 sample=90/100 command=5/5 status=completed latency_ms=462.822 complete=0
[LIVE] mosh_w1-s4_r03 command_3 sample=90/100 command=5/5 status=completed latency_ms=161.417 complete=0
[LIVE] mosh_w1-s4_r03 command_2 sample=90/100 command=5/5 status=completed latency_ms=114.291 complete=0
[LIVE] mosh_w1-s4_r03 command_1 sample=100/100 command=5/5 status=completed latency_ms=65.535 complete=0
[LIVE] mosh_w1-s4_r03 command_3 sample=100/100 command=5/5 status=completed latency_ms=104.785 complete=0
[LIVE] mosh_w1-s4_r03 command_2 sample=100/100 command=5/5 status=completed latency_ms=77.607 complete=0
[LIVE] mosh_w1-s4_r03 command_0 sample=10/100 command=5/5 status=completed latency_ms=71.800 complete=0
[LIVE] mosh_w1-s4_r03 command_0 sample=20/100 command=5/5 status=completed latency_ms=55.879 complete=0
[LIVE] mosh_w1-s4_r03 command_0 sample=30/100 command=5/5 status=completed latency_ms=81.072 complete=0
[LIVE] mosh_w1-s4_r03 command_0 sample=40/100 command=5/5 status=completed latency_ms=100.771 complete=0
[LIVE] mosh_w1-s4_r03 command_0 sample=50/100 command=5/5 status=completed latency_ms=107.205 complete=0
[LIVE] mosh_w1-s4_r03 command_0 sample=60/100 command=5/5 status=completed latency_ms=92.618 complete=0
[LIVE] mosh_w1-s4_r03 command_0 sample=70/100 command=5/5 status=completed latency_ms=91.049 complete=0
[LIVE] mosh_w1-s4_r03 command_0 sample=80/100 command=5/5 status=completed latency_ms=68.762 complete=0
[LIVE] mosh_w1-s4_r03 command_0 sample=90/100 command=5/5 status=completed latency_ms=37.493 complete=0
[LIVE] mosh_w1-s4_r03 command_0 sample=100/100 command=5/5 status=completed latency_ms=360.606 complete=0
[RUN] 024/090 trial=ssh_w1-s2_r03 streams=2
[LIVE] ssh_w1-s2_r03 command_1 sample=1/100 command=1/5 status=completed latency_ms=43.826 complete=1
[LIVE] ssh_w1-s2_r03 command_0 sample=1/100 command=1/5 status=completed latency_ms=73.544 complete=1
[LIVE] ssh_w1-s2_r03 command_0 sample=10/100 command=5/5 status=completed latency_ms=118.292 complete=1
[LIVE] ssh_w1-s2_r03 command_1 sample=10/100 command=5/5 status=completed latency_ms=92.763 complete=1
[LIVE] ssh_w1-s2_r03 command_0 sample=20/100 command=5/5 status=completed latency_ms=60.635 complete=1
[LIVE] ssh_w1-s2_r03 command_1 sample=20/100 command=5/5 status=completed latency_ms=47.985 complete=1
[LIVE] ssh_w1-s2_r03 command_0 sample=30/100 command=5/5 status=completed latency_ms=51.355 complete=1
[LIVE] ssh_w1-s2_r03 command_1 sample=30/100 command=5/5 status=completed latency_ms=110.861 complete=1
[LIVE] ssh_w1-s2_r03 command_0 sample=40/100 command=5/5 status=completed latency_ms=43.011 complete=1
[LIVE] ssh_w1-s2_r03 command_1 sample=40/100 command=5/5 status=completed latency_ms=52.536 complete=1
[LIVE] ssh_w1-s2_r03 command_0 sample=50/100 command=5/5 status=completed latency_ms=92.892 complete=1
[LIVE] ssh_w1-s2_r03 command_1 sample=50/100 command=5/5 status=completed latency_ms=80.697 complete=1
[LIVE] ssh_w1-s2_r03 command_0 sample=60/100 command=5/5 status=completed latency_ms=60.045 complete=1
[LIVE] ssh_w1-s2_r03 command_1 sample=60/100 command=5/5 status=completed latency_ms=103.480 complete=1
[LIVE] ssh_w1-s2_r03 command_0 sample=70/100 command=5/5 status=completed latency_ms=156.564 complete=1
[LIVE] ssh_w1-s2_r03 command_1 sample=70/100 command=5/5 status=completed latency_ms=118.283 complete=1
[LIVE] ssh_w1-s2_r03 command_0 sample=80/100 command=5/5 status=completed latency_ms=57.542 complete=1
[LIVE] ssh_w1-s2_r03 command_1 sample=80/100 command=5/5 status=completed latency_ms=37.117 complete=1
[LIVE] ssh_w1-s2_r03 command_0 sample=90/100 command=5/5 status=completed latency_ms=115.615 complete=1
[LIVE] ssh_w1-s2_r03 command_1 sample=90/100 command=5/5 status=completed latency_ms=114.915 complete=1
[LIVE] ssh_w1-s2_r03 command_0 sample=100/100 command=5/5 status=completed latency_ms=79.502 complete=1
[LIVE] ssh_w1-s2_r03 command_1 sample=100/100 command=5/5 status=completed latency_ms=46.802 complete=1
[RUN] 025/090 trial=ssh3_w1-s4_r03 streams=4
[LIVE] ssh3_w1-s4_r03 command_1 sample=1/100 command=1/5 status=completed latency_ms=49.477 complete=1
[LIVE] ssh3_w1-s4_r03 command_3 sample=1/100 command=1/5 status=completed latency_ms=64.465 complete=1
[LIVE] ssh3_w1-s4_r03 command_0 sample=1/100 command=1/5 status=completed latency_ms=79.097 complete=1
[LIVE] ssh3_w1-s4_r03 command_2 sample=1/100 command=1/5 status=completed latency_ms=90.684 complete=1
[LIVE] ssh3_w1-s4_r03 command_0 sample=10/100 command=5/5 status=completed latency_ms=116.991 complete=1
[LIVE] ssh3_w1-s4_r03 command_2 sample=10/100 command=5/5 status=completed latency_ms=52.403 complete=1
[LIVE] ssh3_w1-s4_r03 command_3 sample=10/100 command=5/5 status=completed latency_ms=50.994 complete=1
[LIVE] ssh3_w1-s4_r03 command_1 sample=10/100 command=5/5 status=completed latency_ms=43.720 complete=1
[LIVE] ssh3_w1-s4_r03 command_0 sample=20/100 command=5/5 status=completed latency_ms=37.496 complete=1
[LIVE] ssh3_w1-s4_r03 command_3 sample=20/100 command=5/5 status=completed latency_ms=55.902 complete=1
[LIVE] ssh3_w1-s4_r03 command_2 sample=20/100 command=5/5 status=completed latency_ms=53.167 complete=1
[LIVE] ssh3_w1-s4_r03 command_1 sample=20/100 command=5/5 status=completed latency_ms=90.904 complete=1
[LIVE] ssh3_w1-s4_r03 command_0 sample=30/100 command=5/5 status=completed latency_ms=54.693 complete=1
[LIVE] ssh3_w1-s4_r03 command_2 sample=30/100 command=5/5 status=completed latency_ms=51.012 complete=1
[LIVE] ssh3_w1-s4_r03 command_1 sample=30/100 command=5/5 status=completed latency_ms=59.994 complete=1
[LIVE] ssh3_w1-s4_r03 command_3 sample=30/100 command=5/5 status=completed latency_ms=95.578 complete=1
[LIVE] ssh3_w1-s4_r03 command_0 sample=40/100 command=5/5 status=completed latency_ms=60.505 complete=1
[LIVE] ssh3_w1-s4_r03 command_1 sample=40/100 command=5/5 status=completed latency_ms=100.852 complete=1
[LIVE] ssh3_w1-s4_r03 command_2 sample=40/100 command=5/5 status=completed latency_ms=43.909 complete=1
[LIVE] ssh3_w1-s4_r03 command_3 sample=40/100 command=5/5 status=completed latency_ms=125.266 complete=1
[LIVE] ssh3_w1-s4_r03 command_0 sample=50/100 command=5/5 status=completed latency_ms=48.509 complete=1
[LIVE] ssh3_w1-s4_r03 command_1 sample=50/100 command=5/5 status=completed latency_ms=57.992 complete=1
[LIVE] ssh3_w1-s4_r03 command_2 sample=50/100 command=5/5 status=completed latency_ms=34.800 complete=1
[LIVE] ssh3_w1-s4_r03 command_3 sample=50/100 command=5/5 status=completed latency_ms=60.688 complete=1
[LIVE] ssh3_w1-s4_r03 command_0 sample=60/100 command=5/5 status=completed latency_ms=86.476 complete=1
[LIVE] ssh3_w1-s4_r03 command_1 sample=60/100 command=5/5 status=completed latency_ms=54.960 complete=1
[LIVE] ssh3_w1-s4_r03 command_3 sample=60/100 command=5/5 status=completed latency_ms=52.243 complete=1
[LIVE] ssh3_w1-s4_r03 command_2 sample=60/100 command=5/5 status=completed latency_ms=53.392 complete=1
[LIVE] ssh3_w1-s4_r03 command_0 sample=70/100 command=5/5 status=completed latency_ms=93.772 complete=1
[LIVE] ssh3_w1-s4_r03 command_1 sample=70/100 command=5/5 status=completed latency_ms=79.822 complete=1
[LIVE] ssh3_w1-s4_r03 command_3 sample=70/100 command=5/5 status=completed latency_ms=77.126 complete=1
[LIVE] ssh3_w1-s4_r03 command_2 sample=70/100 command=5/5 status=completed latency_ms=64.448 complete=1
[LIVE] ssh3_w1-s4_r03 command_0 sample=80/100 command=5/5 status=completed latency_ms=61.654 complete=1
[LIVE] ssh3_w1-s4_r03 command_1 sample=80/100 command=5/5 status=completed latency_ms=55.700 complete=1
[LIVE] ssh3_w1-s4_r03 command_3 sample=80/100 command=5/5 status=completed latency_ms=51.240 complete=1
[LIVE] ssh3_w1-s4_r03 command_2 sample=80/100 command=5/5 status=completed latency_ms=106.276 complete=1
[LIVE] ssh3_w1-s4_r03 command_0 sample=90/100 command=5/5 status=completed latency_ms=81.611 complete=1
[LIVE] ssh3_w1-s4_r03 command_3 sample=90/100 command=5/5 status=completed latency_ms=54.124 complete=1
[LIVE] ssh3_w1-s4_r03 command_1 sample=90/100 command=5/5 status=completed latency_ms=43.775 complete=1
[LIVE] ssh3_w1-s4_r03 command_2 sample=90/100 command=5/5 status=completed latency_ms=111.097 complete=1
[LIVE] ssh3_w1-s4_r03 command_0 sample=100/100 command=5/5 status=completed latency_ms=62.946 complete=1
[LIVE] ssh3_w1-s4_r03 command_3 sample=100/100 command=5/5 status=completed latency_ms=99.488 complete=1
[LIVE] ssh3_w1-s4_r03 command_1 sample=100/100 command=5/5 status=completed latency_ms=73.623 complete=1
[LIVE] ssh3_w1-s4_r03 command_2 sample=100/100 command=5/5 status=completed latency_ms=90.977 complete=1
[RUN] 026/090 trial=ssh3_w1-s1_r03 streams=1
[LIVE] ssh3_w1-s1_r03 command_0 sample=1/100 command=1/5 status=completed latency_ms=64.974 complete=1
[LIVE] ssh3_w1-s1_r03 command_0 sample=10/100 command=5/5 status=completed latency_ms=43.534 complete=1
[LIVE] ssh3_w1-s1_r03 command_0 sample=20/100 command=5/5 status=completed latency_ms=46.569 complete=1
[LIVE] ssh3_w1-s1_r03 command_0 sample=30/100 command=5/5 status=completed latency_ms=63.513 complete=1
[LIVE] ssh3_w1-s1_r03 command_0 sample=40/100 command=5/5 status=completed latency_ms=44.993 complete=1
[LIVE] ssh3_w1-s1_r03 command_0 sample=50/100 command=5/5 status=completed latency_ms=40.882 complete=1
[LIVE] ssh3_w1-s1_r03 command_0 sample=60/100 command=5/5 status=completed latency_ms=28.536 complete=1
[LIVE] ssh3_w1-s1_r03 command_0 sample=70/100 command=5/5 status=completed latency_ms=45.985 complete=1
[LIVE] ssh3_w1-s1_r03 command_0 sample=80/100 command=5/5 status=completed latency_ms=65.215 complete=1
[LIVE] ssh3_w1-s1_r03 command_0 sample=90/100 command=5/5 status=completed latency_ms=79.686 complete=1
[LIVE] ssh3_w1-s1_r03 command_0 sample=100/100 command=5/5 status=completed latency_ms=43.465 complete=1
[RUN] 027/090 trial=ssh_w1-s4_r03 streams=4
[LIVE] ssh_w1-s4_r03 command_0 sample=1/100 command=1/5 status=completed latency_ms=111.089 complete=1
[LIVE] ssh_w1-s4_r03 command_2 sample=1/100 command=1/5 status=completed latency_ms=139.379 complete=1
[LIVE] ssh_w1-s4_r03 command_1 sample=1/100 command=1/5 status=completed latency_ms=141.073 complete=1
[LIVE] ssh_w1-s4_r03 command_3 sample=1/100 command=1/5 status=completed latency_ms=143.056 complete=1
[LIVE] ssh_w1-s4_r03 command_0 sample=10/100 command=5/5 status=completed latency_ms=70.817 complete=1
[LIVE] ssh_w1-s4_r03 command_3 sample=10/100 command=5/5 status=completed latency_ms=125.919 complete=1
[LIVE] ssh_w1-s4_r03 command_2 sample=10/100 command=5/5 status=completed latency_ms=138.038 complete=1
[LIVE] ssh_w1-s4_r03 command_1 sample=10/100 command=5/5 status=completed latency_ms=106.525 complete=1
[LIVE] ssh_w1-s4_r03 command_3 sample=20/100 command=5/5 status=completed latency_ms=98.027 complete=1
[LIVE] ssh_w1-s4_r03 command_1 sample=20/100 command=5/5 status=completed latency_ms=66.312 complete=1
[LIVE] ssh_w1-s4_r03 command_0 sample=20/100 command=5/5 status=completed latency_ms=67.088 complete=1
[LIVE] ssh_w1-s4_r03 command_2 sample=20/100 command=5/5 status=completed latency_ms=41.847 complete=1
[LIVE] ssh_w1-s4_r03 command_3 sample=30/100 command=5/5 status=completed latency_ms=75.783 complete=1
[LIVE] ssh_w1-s4_r03 command_2 sample=30/100 command=5/5 status=completed latency_ms=62.167 complete=1
[LIVE] ssh_w1-s4_r03 command_1 sample=30/100 command=5/5 status=completed latency_ms=64.313 complete=1
[LIVE] ssh_w1-s4_r03 command_0 sample=30/100 command=5/5 status=completed latency_ms=68.094 complete=1
[LIVE] ssh_w1-s4_r03 command_3 sample=40/100 command=5/5 status=completed latency_ms=92.001 complete=1
[LIVE] ssh_w1-s4_r03 command_2 sample=40/100 command=5/5 status=completed latency_ms=69.020 complete=1
[LIVE] ssh_w1-s4_r03 command_0 sample=40/100 command=5/5 status=completed latency_ms=124.307 complete=1
[LIVE] ssh_w1-s4_r03 command_1 sample=40/100 command=5/5 status=completed latency_ms=164.698 complete=1
[LIVE] ssh_w1-s4_r03 command_3 sample=50/100 command=5/5 status=completed latency_ms=228.430 complete=1
[LIVE] ssh_w1-s4_r03 command_2 sample=50/100 command=5/5 status=completed latency_ms=201.500 complete=1
[LIVE] ssh_w1-s4_r03 command_1 sample=50/100 command=5/5 status=completed latency_ms=81.834 complete=1
[LIVE] ssh_w1-s4_r03 command_0 sample=50/100 command=5/5 status=completed latency_ms=138.074 complete=1
[LIVE] ssh_w1-s4_r03 command_1 sample=60/100 command=5/5 status=completed latency_ms=61.290 complete=1
[LIVE] ssh_w1-s4_r03 command_3 sample=60/100 command=5/5 status=completed latency_ms=62.342 complete=1
[LIVE] ssh_w1-s4_r03 command_2 sample=60/100 command=5/5 status=completed latency_ms=75.911 complete=1
[LIVE] ssh_w1-s4_r03 command_0 sample=60/100 command=5/5 status=completed latency_ms=77.021 complete=1
[LIVE] ssh_w1-s4_r03 command_1 sample=70/100 command=5/5 status=completed latency_ms=124.446 complete=1
[LIVE] ssh_w1-s4_r03 command_3 sample=70/100 command=5/5 status=completed latency_ms=40.372 complete=1
[LIVE] ssh_w1-s4_r03 command_2 sample=70/100 command=5/5 status=completed latency_ms=108.148 complete=1
[LIVE] ssh_w1-s4_r03 command_0 sample=70/100 command=5/5 status=completed latency_ms=92.332 complete=1
[LIVE] ssh_w1-s4_r03 command_1 sample=80/100 command=5/5 status=completed latency_ms=54.173 complete=1
[LIVE] ssh_w1-s4_r03 command_3 sample=80/100 command=5/5 status=completed latency_ms=393.208 complete=1
[LIVE] ssh_w1-s4_r03 command_2 sample=80/100 command=5/5 status=completed latency_ms=68.451 complete=1
[LIVE] ssh_w1-s4_r03 command_0 sample=80/100 command=5/5 status=completed latency_ms=61.843 complete=1
[LIVE] ssh_w1-s4_r03 command_1 sample=90/100 command=5/5 status=completed latency_ms=73.005 complete=1
[LIVE] ssh_w1-s4_r03 command_3 sample=90/100 command=5/5 status=completed latency_ms=112.707 complete=1
[LIVE] ssh_w1-s4_r03 command_2 sample=90/100 command=5/5 status=completed latency_ms=73.122 complete=1
[LIVE] ssh_w1-s4_r03 command_0 sample=90/100 command=5/5 status=completed latency_ms=145.404 complete=1
[LIVE] ssh_w1-s4_r03 command_1 sample=100/100 command=5/5 status=completed latency_ms=80.299 complete=1
[LIVE] ssh_w1-s4_r03 command_3 sample=100/100 command=5/5 status=completed latency_ms=82.904 complete=1
[LIVE] ssh_w1-s4_r03 command_2 sample=100/100 command=5/5 status=completed latency_ms=77.849 complete=1
[LIVE] ssh_w1-s4_r03 command_0 sample=100/100 command=5/5 status=completed latency_ms=54.463 complete=1
[RUN] 028/090 trial=ssh3_w1-s4_r04 streams=4
[LIVE] ssh3_w1-s4_r04 command_1 sample=1/100 command=1/5 status=completed latency_ms=53.798 complete=1
[LIVE] ssh3_w1-s4_r04 command_3 sample=1/100 command=1/5 status=completed latency_ms=59.058 complete=1
[LIVE] ssh3_w1-s4_r04 command_0 sample=1/100 command=1/5 status=completed latency_ms=69.350 complete=1
[LIVE] ssh3_w1-s4_r04 command_2 sample=1/100 command=1/5 status=completed latency_ms=92.503 complete=1
[LIVE] ssh3_w1-s4_r04 command_3 sample=10/100 command=5/5 status=completed latency_ms=51.104 complete=1
[LIVE] ssh3_w1-s4_r04 command_0 sample=10/100 command=5/5 status=completed latency_ms=44.640 complete=1
[LIVE] ssh3_w1-s4_r04 command_2 sample=10/100 command=5/5 status=completed latency_ms=53.179 complete=1
[LIVE] ssh3_w1-s4_r04 command_1 sample=10/100 command=5/5 status=completed latency_ms=46.606 complete=1
[LIVE] ssh3_w1-s4_r04 command_2 sample=20/100 command=5/5 status=completed latency_ms=28.219 complete=1
[LIVE] ssh3_w1-s4_r04 command_3 sample=20/100 command=5/5 status=completed latency_ms=42.947 complete=1
[LIVE] ssh3_w1-s4_r04 command_0 sample=20/100 command=5/5 status=completed latency_ms=133.131 complete=1
[LIVE] ssh3_w1-s4_r04 command_1 sample=20/100 command=5/5 status=completed latency_ms=67.149 complete=1
[LIVE] ssh3_w1-s4_r04 command_3 sample=30/100 command=5/5 status=completed latency_ms=38.631 complete=1
[LIVE] ssh3_w1-s4_r04 command_2 sample=30/100 command=5/5 status=completed latency_ms=62.259 complete=1
[LIVE] ssh3_w1-s4_r04 command_0 sample=30/100 command=5/5 status=completed latency_ms=54.716 complete=1
[LIVE] ssh3_w1-s4_r04 command_1 sample=30/100 command=5/5 status=completed latency_ms=126.183 complete=1
[LIVE] ssh3_w1-s4_r04 command_3 sample=40/100 command=5/5 status=completed latency_ms=64.386 complete=1
[LIVE] ssh3_w1-s4_r04 command_2 sample=40/100 command=5/5 status=completed latency_ms=32.108 complete=1
[LIVE] ssh3_w1-s4_r04 command_0 sample=40/100 command=5/5 status=completed latency_ms=47.595 complete=1
[LIVE] ssh3_w1-s4_r04 command_1 sample=40/100 command=5/5 status=completed latency_ms=40.810 complete=1
[LIVE] ssh3_w1-s4_r04 command_3 sample=50/100 command=5/5 status=completed latency_ms=26.610 complete=1
[LIVE] ssh3_w1-s4_r04 command_2 sample=50/100 command=5/5 status=completed latency_ms=41.872 complete=1
[LIVE] ssh3_w1-s4_r04 command_0 sample=50/100 command=5/5 status=completed latency_ms=50.913 complete=1
[LIVE] ssh3_w1-s4_r04 command_1 sample=50/100 command=5/5 status=completed latency_ms=82.311 complete=1
[LIVE] ssh3_w1-s4_r04 command_2 sample=60/100 command=5/5 status=completed latency_ms=75.305 complete=1
[LIVE] ssh3_w1-s4_r04 command_3 sample=60/100 command=5/5 status=completed latency_ms=88.202 complete=1
[LIVE] ssh3_w1-s4_r04 command_0 sample=60/100 command=5/5 status=completed latency_ms=38.801 complete=1
[LIVE] ssh3_w1-s4_r04 command_1 sample=60/100 command=5/5 status=completed latency_ms=84.913 complete=1
[LIVE] ssh3_w1-s4_r04 command_2 sample=70/100 command=5/5 status=completed latency_ms=26.822 complete=1
[LIVE] ssh3_w1-s4_r04 command_3 sample=70/100 command=5/5 status=completed latency_ms=37.426 complete=1
[LIVE] ssh3_w1-s4_r04 command_0 sample=70/100 command=5/5 status=completed latency_ms=58.709 complete=1
[LIVE] ssh3_w1-s4_r04 command_1 sample=70/100 command=5/5 status=completed latency_ms=66.564 complete=1
[LIVE] ssh3_w1-s4_r04 command_2 sample=80/100 command=5/5 status=completed latency_ms=80.566 complete=1
[LIVE] ssh3_w1-s4_r04 command_0 sample=80/100 command=5/5 status=completed latency_ms=105.995 complete=1
[LIVE] ssh3_w1-s4_r04 command_3 sample=80/100 command=5/5 status=completed latency_ms=82.745 complete=1
[LIVE] ssh3_w1-s4_r04 command_1 sample=80/100 command=5/5 status=completed latency_ms=68.226 complete=1
[LIVE] ssh3_w1-s4_r04 command_2 sample=90/100 command=5/5 status=completed latency_ms=33.784 complete=1
[LIVE] ssh3_w1-s4_r04 command_3 sample=90/100 command=5/5 status=completed latency_ms=73.321 complete=1
[LIVE] ssh3_w1-s4_r04 command_1 sample=90/100 command=5/5 status=completed latency_ms=47.153 complete=1
[LIVE] ssh3_w1-s4_r04 command_0 sample=90/100 command=5/5 status=completed latency_ms=58.302 complete=1
[LIVE] ssh3_w1-s4_r04 command_2 sample=100/100 command=5/5 status=completed latency_ms=84.401 complete=1
[LIVE] ssh3_w1-s4_r04 command_3 sample=100/100 command=5/5 status=completed latency_ms=40.265 complete=1
[LIVE] ssh3_w1-s4_r04 command_0 sample=100/100 command=5/5 status=completed latency_ms=18.966 complete=1
[LIVE] ssh3_w1-s4_r04 command_1 sample=100/100 command=5/5 status=completed latency_ms=32.836 complete=1
[RUN] 029/090 trial=mosh_w1-s2_r04 streams=2
[LIVE] mosh_w1-s2_r04 command_1 sample=1/100 command=1/5 status=completed latency_ms=145.566 complete=0
[LIVE] mosh_w1-s2_r04 command_0 sample=1/100 command=1/5 status=completed latency_ms=145.411 complete=0
[LIVE] mosh_w1-s2_r04 command_1 sample=10/100 command=5/5 status=completed latency_ms=68.603 complete=0
[LIVE] mosh_w1-s2_r04 command_1 sample=20/100 command=5/5 status=completed latency_ms=60.967 complete=0
[LIVE] mosh_w1-s2_r04 command_1 sample=30/100 command=5/5 status=completed latency_ms=306.091 complete=0
[LIVE] mosh_w1-s2_r04 command_1 sample=40/100 command=5/5 status=completed latency_ms=66.064 complete=0
[LIVE] mosh_w1-s2_r04 command_1 sample=50/100 command=5/5 status=completed latency_ms=91.664 complete=0
[LIVE] mosh_w1-s2_r04 command_1 sample=60/100 command=5/5 status=completed latency_ms=110.747 complete=0
[LIVE] mosh_w1-s2_r04 command_1 sample=70/100 command=5/5 status=completed latency_ms=108.576 complete=0
[LIVE] mosh_w1-s2_r04 command_1 sample=80/100 command=5/5 status=completed latency_ms=64.224 complete=0
[LIVE] mosh_w1-s2_r04 command_1 sample=90/100 command=5/5 status=completed latency_ms=66.512 complete=0
[LIVE] mosh_w1-s2_r04 command_1 sample=100/100 command=5/5 status=completed latency_ms=100.738 complete=0
[LIVE] mosh_w1-s2_r04 command_0 sample=10/100 command=5/5 status=completed latency_ms=97.173 complete=0
[LIVE] mosh_w1-s2_r04 command_0 sample=20/100 command=5/5 status=completed latency_ms=74.765 complete=0
[LIVE] mosh_w1-s2_r04 command_0 sample=30/100 command=5/5 status=completed latency_ms=46.505 complete=0
[LIVE] mosh_w1-s2_r04 command_0 sample=40/100 command=5/5 status=completed latency_ms=83.680 complete=0
[LIVE] mosh_w1-s2_r04 command_0 sample=50/100 command=5/5 status=completed latency_ms=110.877 complete=0
[LIVE] mosh_w1-s2_r04 command_0 sample=60/100 command=5/5 status=completed latency_ms=124.519 complete=0
[LIVE] mosh_w1-s2_r04 command_0 sample=70/100 command=5/5 status=completed latency_ms=118.105 complete=0
[LIVE] mosh_w1-s2_r04 command_0 sample=80/100 command=5/5 status=completed latency_ms=56.339 complete=0
[LIVE] mosh_w1-s2_r04 command_0 sample=90/100 command=5/5 status=completed latency_ms=87.066 complete=0
[LIVE] mosh_w1-s2_r04 command_0 sample=100/100 command=5/5 status=completed latency_ms=106.727 complete=0
[RUN] 030/090 trial=mosh_w1-s4_r04 streams=4
[LIVE] mosh_w1-s4_r04 command_3 sample=1/100 command=1/5 status=completed latency_ms=213.434 complete=0
[LIVE] mosh_w1-s4_r04 command_0 sample=1/100 command=1/5 status=completed latency_ms=253.035 complete=0
[LIVE] mosh_w1-s4_r04 command_2 sample=1/100 command=1/5 status=completed latency_ms=253.281 complete=0
[LIVE] mosh_w1-s4_r04 command_1 sample=1/100 command=1/5 status=completed latency_ms=253.217 complete=0
[LIVE] mosh_w1-s4_r04 command_0 sample=10/100 command=5/5 status=completed latency_ms=105.543 complete=0
[LIVE] mosh_w1-s4_r04 command_0 sample=20/100 command=5/5 status=completed latency_ms=110.676 complete=0
[LIVE] mosh_w1-s4_r04 command_3 sample=10/100 command=5/5 status=completed latency_ms=163.763 complete=0
[LIVE] mosh_w1-s4_r04 command_2 sample=10/100 command=5/5 status=completed latency_ms=142.050 complete=0
[LIVE] mosh_w1-s4_r04 command_1 sample=10/100 command=5/5 status=completed latency_ms=468.767 complete=0
[LIVE] mosh_w1-s4_r04 command_3 sample=20/100 command=5/5 status=completed latency_ms=172.030 complete=0
[LIVE] mosh_w1-s4_r04 command_2 sample=20/100 command=5/5 status=completed latency_ms=119.702 complete=0
[LIVE] mosh_w1-s4_r04 command_0 sample=30/100 command=5/5 status=completed latency_ms=376.650 complete=0
[LIVE] mosh_w1-s4_r04 command_1 sample=20/100 command=5/5 status=completed latency_ms=145.194 complete=0
[LIVE] mosh_w1-s4_r04 command_3 sample=30/100 command=5/5 status=completed latency_ms=147.252 complete=0
[LIVE] mosh_w1-s4_r04 command_2 sample=30/100 command=5/5 status=completed latency_ms=116.213 complete=0
[LIVE] mosh_w1-s4_r04 command_0 sample=40/100 command=5/5 status=completed latency_ms=156.606 complete=0
[LIVE] mosh_w1-s4_r04 command_1 sample=30/100 command=5/5 status=completed latency_ms=442.906 complete=0
[LIVE] mosh_w1-s4_r04 command_3 sample=40/100 command=5/5 status=completed latency_ms=157.166 complete=0
[LIVE] mosh_w1-s4_r04 command_2 sample=40/100 command=5/5 status=completed latency_ms=141.078 complete=0
[LIVE] mosh_w1-s4_r04 command_0 sample=50/100 command=5/5 status=completed latency_ms=466.124 complete=0
[LIVE] mosh_w1-s4_r04 command_1 sample=40/100 command=5/5 status=completed latency_ms=82.599 complete=0
[LIVE] mosh_w1-s4_r04 command_3 sample=50/100 command=5/5 status=completed latency_ms=146.165 complete=0
[LIVE] mosh_w1-s4_r04 command_2 sample=50/100 command=5/5 status=completed latency_ms=313.546 complete=0
[LIVE] mosh_w1-s4_r04 command_0 sample=60/100 command=5/5 status=completed latency_ms=107.391 complete=0
[LIVE] mosh_w1-s4_r04 command_1 sample=50/100 command=5/5 status=completed latency_ms=95.555 complete=0
[LIVE] mosh_w1-s4_r04 command_2 sample=60/100 command=5/5 status=completed latency_ms=50.835 complete=0
[LIVE] mosh_w1-s4_r04 command_2 sample=70/100 command=5/5 status=completed latency_ms=58.546 complete=0
[LIVE] mosh_w1-s4_r04 command_2 sample=80/100 command=5/5 status=completed latency_ms=67.261 complete=0
[LIVE] mosh_w1-s4_r04 command_2 sample=90/100 command=5/5 status=completed latency_ms=63.127 complete=0
[LIVE] mosh_w1-s4_r04 command_2 sample=100/100 command=5/5 status=completed latency_ms=57.622 complete=0
[LIVE] mosh_w1-s4_r04 command_3 sample=60/100 command=5/5 status=completed latency_ms=519.025 complete=0
[LIVE] mosh_w1-s4_r04 command_0 sample=70/100 command=5/5 status=completed latency_ms=111.008 complete=0
[LIVE] mosh_w1-s4_r04 command_1 sample=60/100 command=5/5 status=completed latency_ms=98.484 complete=0
[LIVE] mosh_w1-s4_r04 command_3 sample=70/100 command=5/5 status=completed latency_ms=420.639 complete=0
[LIVE] mosh_w1-s4_r04 command_0 sample=80/100 command=5/5 status=completed latency_ms=369.940 complete=0
[LIVE] mosh_w1-s4_r04 command_1 sample=70/100 command=5/5 status=completed latency_ms=369.895 complete=0
[LIVE] mosh_w1-s4_r04 command_3 sample=80/100 command=5/5 status=completed latency_ms=143.793 complete=0
[LIVE] mosh_w1-s4_r04 command_0 sample=90/100 command=5/5 status=completed latency_ms=77.369 complete=0
[LIVE] mosh_w1-s4_r04 command_1 sample=80/100 command=5/5 status=completed latency_ms=77.017 complete=0
[LIVE] mosh_w1-s4_r04 command_3 sample=90/100 command=5/5 status=completed latency_ms=152.342 complete=0
[LIVE] mosh_w1-s4_r04 command_1 sample=90/100 command=5/5 status=completed latency_ms=106.972 complete=0
[LIVE] mosh_w1-s4_r04 command_0 sample=100/100 command=5/5 status=completed latency_ms=100.573 complete=0
[LIVE] mosh_w1-s4_r04 command_3 sample=100/100 command=5/5 status=completed latency_ms=58.612 complete=0
[LIVE] mosh_w1-s4_r04 command_1 sample=100/100 command=5/5 status=completed latency_ms=36.497 complete=0
[RUN] 031/090 trial=ssh_w1-s1_r04 streams=1
[LIVE] ssh_w1-s1_r04 command_0 sample=1/100 command=1/5 status=completed latency_ms=59.251 complete=1
[LIVE] ssh_w1-s1_r04 command_0 sample=10/100 command=5/5 status=completed latency_ms=91.464 complete=1
[LIVE] ssh_w1-s1_r04 command_0 sample=20/100 command=5/5 status=completed latency_ms=26.314 complete=1
[LIVE] ssh_w1-s1_r04 command_0 sample=30/100 command=5/5 status=completed latency_ms=51.476 complete=1
[LIVE] ssh_w1-s1_r04 command_0 sample=40/100 command=5/5 status=completed latency_ms=134.793 complete=1
[LIVE] ssh_w1-s1_r04 command_0 sample=50/100 command=5/5 status=completed latency_ms=100.299 complete=1
[LIVE] ssh_w1-s1_r04 command_0 sample=60/100 command=5/5 status=completed latency_ms=112.229 complete=1
[LIVE] ssh_w1-s1_r04 command_0 sample=70/100 command=5/5 status=completed latency_ms=119.967 complete=1
[LIVE] ssh_w1-s1_r04 command_0 sample=80/100 command=5/5 status=completed latency_ms=57.694 complete=1
[LIVE] ssh_w1-s1_r04 command_0 sample=90/100 command=5/5 status=completed latency_ms=299.644 complete=1
[LIVE] ssh_w1-s1_r04 command_0 sample=100/100 command=5/5 status=completed latency_ms=74.261 complete=1
[RUN] 032/090 trial=ssh_w1-s2_r04 streams=2
[LIVE] ssh_w1-s2_r04 command_1 sample=1/100 command=1/5 status=completed latency_ms=81.319 complete=1
[LIVE] ssh_w1-s2_r04 command_0 sample=1/100 command=1/5 status=completed latency_ms=82.030 complete=1
[LIVE] ssh_w1-s2_r04 command_0 sample=10/100 command=5/5 status=completed latency_ms=41.713 complete=1
[LIVE] ssh_w1-s2_r04 command_1 sample=10/100 command=5/5 status=completed latency_ms=87.905 complete=1
[LIVE] ssh_w1-s2_r04 command_0 sample=20/100 command=5/5 status=completed latency_ms=70.132 complete=1
[LIVE] ssh_w1-s2_r04 command_1 sample=20/100 command=5/5 status=completed latency_ms=49.419 complete=1
[LIVE] ssh_w1-s2_r04 command_0 sample=30/100 command=5/5 status=completed latency_ms=31.179 complete=1
[LIVE] ssh_w1-s2_r04 command_1 sample=30/100 command=5/5 status=completed latency_ms=48.700 complete=1
[LIVE] ssh_w1-s2_r04 command_0 sample=40/100 command=5/5 status=completed latency_ms=76.050 complete=1
[LIVE] ssh_w1-s2_r04 command_1 sample=40/100 command=5/5 status=completed latency_ms=62.787 complete=1
[LIVE] ssh_w1-s2_r04 command_0 sample=50/100 command=5/5 status=completed latency_ms=67.372 complete=1
[LIVE] ssh_w1-s2_r04 command_1 sample=50/100 command=5/5 status=completed latency_ms=68.201 complete=1
[LIVE] ssh_w1-s2_r04 command_0 sample=60/100 command=5/5 status=completed latency_ms=172.875 complete=1
[LIVE] ssh_w1-s2_r04 command_1 sample=60/100 command=5/5 status=completed latency_ms=128.449 complete=1
[LIVE] ssh_w1-s2_r04 command_0 sample=70/100 command=5/5 status=completed latency_ms=95.792 complete=1
[LIVE] ssh_w1-s2_r04 command_1 sample=70/100 command=5/5 status=completed latency_ms=369.523 complete=1
[LIVE] ssh_w1-s2_r04 command_0 sample=80/100 command=5/5 status=completed latency_ms=104.124 complete=1
[LIVE] ssh_w1-s2_r04 command_1 sample=80/100 command=5/5 status=completed latency_ms=40.721 complete=1
[LIVE] ssh_w1-s2_r04 command_0 sample=90/100 command=5/5 status=completed latency_ms=105.933 complete=1
[LIVE] ssh_w1-s2_r04 command_1 sample=90/100 command=5/5 status=completed latency_ms=69.424 complete=1
[LIVE] ssh_w1-s2_r04 command_0 sample=100/100 command=5/5 status=completed latency_ms=78.292 complete=1
[LIVE] ssh_w1-s2_r04 command_1 sample=100/100 command=5/5 status=completed latency_ms=71.344 complete=1
[RUN] 033/090 trial=ssh_w1-s4_r04 streams=4
[LIVE] ssh_w1-s4_r04 command_3 sample=1/100 command=1/5 status=completed latency_ms=47.627 complete=1
[LIVE] ssh_w1-s4_r04 command_2 sample=1/100 command=1/5 status=completed latency_ms=104.333 complete=1
[LIVE] ssh_w1-s4_r04 command_0 sample=1/100 command=1/5 status=completed latency_ms=102.133 complete=1
[LIVE] ssh_w1-s4_r04 command_1 sample=1/100 command=1/5 status=completed latency_ms=107.240 complete=1
[LIVE] ssh_w1-s4_r04 command_1 sample=10/100 command=5/5 status=completed latency_ms=48.498 complete=1
[LIVE] ssh_w1-s4_r04 command_2 sample=10/100 command=5/5 status=completed latency_ms=101.735 complete=1
[LIVE] ssh_w1-s4_r04 command_0 sample=10/100 command=5/5 status=completed latency_ms=97.714 complete=1
[LIVE] ssh_w1-s4_r04 command_3 sample=10/100 command=5/5 status=completed latency_ms=99.159 complete=1
[LIVE] ssh_w1-s4_r04 command_1 sample=20/100 command=5/5 status=completed latency_ms=59.368 complete=1
[LIVE] ssh_w1-s4_r04 command_2 sample=20/100 command=5/5 status=completed latency_ms=59.465 complete=1
[LIVE] ssh_w1-s4_r04 command_0 sample=20/100 command=5/5 status=completed latency_ms=35.862 complete=1
[LIVE] ssh_w1-s4_r04 command_3 sample=20/100 command=5/5 status=completed latency_ms=68.860 complete=1
[LIVE] ssh_w1-s4_r04 command_1 sample=30/100 command=5/5 status=completed latency_ms=59.110 complete=1
[LIVE] ssh_w1-s4_r04 command_3 sample=30/100 command=5/5 status=completed latency_ms=49.428 complete=1
[LIVE] ssh_w1-s4_r04 command_0 sample=30/100 command=5/5 status=completed latency_ms=180.577 complete=1
[LIVE] ssh_w1-s4_r04 command_2 sample=30/100 command=5/5 status=completed latency_ms=84.350 complete=1
[LIVE] ssh_w1-s4_r04 command_1 sample=40/100 command=5/5 status=completed latency_ms=92.910 complete=1
[LIVE] ssh_w1-s4_r04 command_3 sample=40/100 command=5/5 status=completed latency_ms=64.201 complete=1
[LIVE] ssh_w1-s4_r04 command_0 sample=40/100 command=5/5 status=completed latency_ms=59.368 complete=1
[LIVE] ssh_w1-s4_r04 command_2 sample=40/100 command=5/5 status=completed latency_ms=59.471 complete=1
[LIVE] ssh_w1-s4_r04 command_1 sample=50/100 command=5/5 status=completed latency_ms=86.415 complete=1
[LIVE] ssh_w1-s4_r04 command_0 sample=50/100 command=5/5 status=completed latency_ms=65.639 complete=1
[LIVE] ssh_w1-s4_r04 command_3 sample=50/100 command=5/5 status=completed latency_ms=77.590 complete=1
[LIVE] ssh_w1-s4_r04 command_2 sample=50/100 command=5/5 status=completed latency_ms=107.386 complete=1
[LIVE] ssh_w1-s4_r04 command_1 sample=60/100 command=5/5 status=completed latency_ms=41.374 complete=1
[LIVE] ssh_w1-s4_r04 command_0 sample=60/100 command=5/5 status=completed latency_ms=70.369 complete=1
[LIVE] ssh_w1-s4_r04 command_3 sample=60/100 command=5/5 status=completed latency_ms=58.111 complete=1
[LIVE] ssh_w1-s4_r04 command_2 sample=60/100 command=5/5 status=completed latency_ms=46.976 complete=1
[LIVE] ssh_w1-s4_r04 command_1 sample=70/100 command=5/5 status=completed latency_ms=92.233 complete=1
[LIVE] ssh_w1-s4_r04 command_0 sample=70/100 command=5/5 status=completed latency_ms=65.151 complete=1
[LIVE] ssh_w1-s4_r04 command_3 sample=70/100 command=5/5 status=completed latency_ms=150.540 complete=1
[LIVE] ssh_w1-s4_r04 command_2 sample=70/100 command=5/5 status=completed latency_ms=143.113 complete=1
[LIVE] ssh_w1-s4_r04 command_1 sample=80/100 command=5/5 status=completed latency_ms=96.999 complete=1
[LIVE] ssh_w1-s4_r04 command_0 sample=80/100 command=5/5 status=completed latency_ms=62.760 complete=1
[LIVE] ssh_w1-s4_r04 command_3 sample=80/100 command=5/5 status=completed latency_ms=124.959 complete=1
[LIVE] ssh_w1-s4_r04 command_2 sample=80/100 command=5/5 status=completed latency_ms=88.103 complete=1
[LIVE] ssh_w1-s4_r04 command_1 sample=90/100 command=5/5 status=completed latency_ms=90.281 complete=1
[LIVE] ssh_w1-s4_r04 command_0 sample=90/100 command=5/5 status=completed latency_ms=128.791 complete=1
[LIVE] ssh_w1-s4_r04 command_3 sample=90/100 command=5/5 status=completed latency_ms=65.742 complete=1
[LIVE] ssh_w1-s4_r04 command_2 sample=90/100 command=5/5 status=completed latency_ms=43.912 complete=1
[LIVE] ssh_w1-s4_r04 command_1 sample=100/100 command=5/5 status=completed latency_ms=150.278 complete=1
[LIVE] ssh_w1-s4_r04 command_0 sample=100/100 command=5/5 status=completed latency_ms=65.805 complete=1
[LIVE] ssh_w1-s4_r04 command_3 sample=100/100 command=5/5 status=completed latency_ms=63.448 complete=1
[LIVE] ssh_w1-s4_r04 command_2 sample=100/100 command=5/5 status=completed latency_ms=117.830 complete=1
[RUN] 034/090 trial=mosh_w1-s1_r04 streams=1
[LIVE] mosh_w1-s1_r04 command_0 sample=1/100 command=1/5 status=completed latency_ms=104.196 complete=0
[LIVE] mosh_w1-s1_r04 command_0 sample=10/100 command=5/5 status=completed latency_ms=59.484 complete=0
[LIVE] mosh_w1-s1_r04 command_0 sample=20/100 command=5/5 status=completed latency_ms=65.110 complete=0
[LIVE] mosh_w1-s1_r04 command_0 sample=30/100 command=5/5 status=completed latency_ms=61.689 complete=0
[LIVE] mosh_w1-s1_r04 command_0 sample=40/100 command=5/5 status=completed latency_ms=68.264 complete=0
[LIVE] mosh_w1-s1_r04 command_0 sample=50/100 command=5/5 status=completed latency_ms=64.617 complete=0
[LIVE] mosh_w1-s1_r04 command_0 sample=60/100 command=5/5 status=completed latency_ms=112.516 complete=0
[LIVE] mosh_w1-s1_r04 command_0 sample=70/100 command=5/5 status=completed latency_ms=109.694 complete=0
[LIVE] mosh_w1-s1_r04 command_0 sample=80/100 command=5/5 status=completed latency_ms=58.173 complete=0
[LIVE] mosh_w1-s1_r04 command_0 sample=90/100 command=5/5 status=completed latency_ms=73.030 complete=0
[LIVE] mosh_w1-s1_r04 command_0 sample=100/100 command=5/5 status=completed latency_ms=97.445 complete=0
[RUN] 035/090 trial=ssh3_w1-s1_r04 streams=1
[LIVE] ssh3_w1-s1_r04 command_0 sample=1/100 command=1/5 status=completed latency_ms=63.453 complete=1
[LIVE] ssh3_w1-s1_r04 command_0 sample=10/100 command=5/5 status=completed latency_ms=51.572 complete=1
[LIVE] ssh3_w1-s1_r04 command_0 sample=20/100 command=5/5 status=completed latency_ms=42.860 complete=1
[LIVE] ssh3_w1-s1_r04 command_0 sample=30/100 command=5/5 status=completed latency_ms=56.413 complete=1
[LIVE] ssh3_w1-s1_r04 command_0 sample=40/100 command=5/5 status=completed latency_ms=47.712 complete=1
[LIVE] ssh3_w1-s1_r04 command_0 sample=50/100 command=5/5 status=completed latency_ms=86.245 complete=1
[LIVE] ssh3_w1-s1_r04 command_0 sample=60/100 command=5/5 status=completed latency_ms=61.417 complete=1
[LIVE] ssh3_w1-s1_r04 command_0 sample=70/100 command=5/5 status=completed latency_ms=53.711 complete=1
[LIVE] ssh3_w1-s1_r04 command_0 sample=80/100 command=5/5 status=completed latency_ms=66.495 complete=1
[LIVE] ssh3_w1-s1_r04 command_0 sample=90/100 command=5/5 status=completed latency_ms=47.416 complete=1
[LIVE] ssh3_w1-s1_r04 command_0 sample=100/100 command=5/5 status=completed latency_ms=224.096 complete=1
[RUN] 036/090 trial=ssh3_w1-s2_r04 streams=2
[LIVE] ssh3_w1-s2_r04 command_1 sample=1/100 command=1/5 status=completed latency_ms=49.147 complete=1
[LIVE] ssh3_w1-s2_r04 command_0 sample=1/100 command=1/5 status=completed latency_ms=52.597 complete=1
[LIVE] ssh3_w1-s2_r04 command_1 sample=10/100 command=5/5 status=completed latency_ms=45.693 complete=1
[LIVE] ssh3_w1-s2_r04 command_0 sample=10/100 command=5/5 status=completed latency_ms=35.104 complete=1
[LIVE] ssh3_w1-s2_r04 command_1 sample=20/100 command=5/5 status=completed latency_ms=65.914 complete=1
[LIVE] ssh3_w1-s2_r04 command_0 sample=20/100 command=5/5 status=completed latency_ms=78.607 complete=1
[LIVE] ssh3_w1-s2_r04 command_1 sample=30/100 command=5/5 status=completed latency_ms=148.886 complete=1
[LIVE] ssh3_w1-s2_r04 command_0 sample=30/100 command=5/5 status=completed latency_ms=164.337 complete=1
[LIVE] ssh3_w1-s2_r04 command_1 sample=40/100 command=5/5 status=completed latency_ms=30.764 complete=1
[LIVE] ssh3_w1-s2_r04 command_0 sample=40/100 command=5/5 status=completed latency_ms=106.218 complete=1
[LIVE] ssh3_w1-s2_r04 command_1 sample=50/100 command=5/5 status=completed latency_ms=62.851 complete=1
[LIVE] ssh3_w1-s2_r04 command_0 sample=50/100 command=5/5 status=completed latency_ms=75.250 complete=1
[LIVE] ssh3_w1-s2_r04 command_0 sample=60/100 command=5/5 status=completed latency_ms=80.094 complete=1
[LIVE] ssh3_w1-s2_r04 command_1 sample=60/100 command=5/5 status=completed latency_ms=179.210 complete=1
[LIVE] ssh3_w1-s2_r04 command_0 sample=70/100 command=5/5 status=completed latency_ms=43.629 complete=1
[LIVE] ssh3_w1-s2_r04 command_1 sample=70/100 command=5/5 status=completed latency_ms=86.125 complete=1
[LIVE] ssh3_w1-s2_r04 command_0 sample=80/100 command=5/5 status=completed latency_ms=61.519 complete=1
[LIVE] ssh3_w1-s2_r04 command_1 sample=80/100 command=5/5 status=completed latency_ms=54.455 complete=1
[LIVE] ssh3_w1-s2_r04 command_0 sample=90/100 command=5/5 status=completed latency_ms=56.171 complete=1
[LIVE] ssh3_w1-s2_r04 command_1 sample=90/100 command=5/5 status=completed latency_ms=62.268 complete=1
[LIVE] ssh3_w1-s2_r04 command_0 sample=100/100 command=5/5 status=completed latency_ms=60.110 complete=1
[LIVE] ssh3_w1-s2_r04 command_1 sample=100/100 command=5/5 status=completed latency_ms=91.189 complete=1
[RUN] 037/090 trial=mosh_w1-s4_r05 streams=4
[LIVE] mosh_w1-s4_r05 command_0 sample=1/100 command=1/5 status=completed latency_ms=253.434 complete=0
[LIVE] mosh_w1-s4_r05 command_2 sample=1/100 command=1/5 status=completed latency_ms=253.600 complete=0
[LIVE] mosh_w1-s4_r05 command_3 sample=1/100 command=1/5 status=completed latency_ms=254.110 complete=0
[LIVE] mosh_w1-s4_r05 command_1 sample=1/100 command=1/5 status=completed latency_ms=253.643 complete=0
[LIVE] mosh_w1-s4_r05 command_2 sample=10/100 command=5/5 status=completed latency_ms=510.037 complete=0
[LIVE] mosh_w1-s4_r05 command_1 sample=10/100 command=5/5 status=completed latency_ms=477.763 complete=0
[LIVE] mosh_w1-s4_r05 command_3 sample=10/100 command=5/5 status=completed latency_ms=391.572 complete=0
[LIVE] mosh_w1-s4_r05 command_0 sample=10/100 command=5/5 status=completed latency_ms=348.311 complete=0
[LIVE] mosh_w1-s4_r05 command_2 sample=20/100 command=5/5 status=completed latency_ms=150.703 complete=0
[LIVE] mosh_w1-s4_r05 command_0 sample=20/100 command=5/5 status=completed latency_ms=150.778 complete=0
[LIVE] mosh_w1-s4_r05 command_0 sample=30/100 command=5/5 status=completed latency_ms=390.617 complete=0
[LIVE] mosh_w1-s4_r05 command_0 sample=40/100 command=5/5 status=completed latency_ms=59.835 complete=0
[LIVE] mosh_w1-s4_r05 command_0 sample=50/100 command=5/5 status=completed latency_ms=51.779 complete=0
[LIVE] mosh_w1-s4_r05 command_0 sample=60/100 command=5/5 status=completed latency_ms=81.765 complete=0
[LIVE] mosh_w1-s4_r05 command_0 sample=70/100 command=5/5 status=completed latency_ms=60.326 complete=0
[LIVE] mosh_w1-s4_r05 command_0 sample=80/100 command=5/5 status=completed latency_ms=88.459 complete=0
[LIVE] mosh_w1-s4_r05 command_1 sample=20/100 command=5/5 status=completed latency_ms=97.053 complete=0
[LIVE] mosh_w1-s4_r05 command_1 sample=30/100 command=5/5 status=completed latency_ms=76.167 complete=0
[LIVE] mosh_w1-s4_r05 command_2 sample=30/100 command=5/5 status=completed latency_ms=92.167 complete=0
[LIVE] mosh_w1-s4_r05 command_1 sample=40/100 command=5/5 status=completed latency_ms=109.920 complete=0
[LIVE] mosh_w1-s4_r05 command_1 sample=50/100 command=5/5 status=completed latency_ms=96.542 complete=0
[LIVE] mosh_w1-s4_r05 command_1 sample=60/100 command=5/5 status=completed latency_ms=96.625 complete=0
[LIVE] mosh_w1-s4_r05 command_1 sample=70/100 command=5/5 status=completed latency_ms=77.530 complete=0
[LIVE] mosh_w1-s4_r05 command_1 sample=80/100 command=5/5 status=completed latency_ms=69.758 complete=0
[LIVE] mosh_w1-s4_r05 command_1 sample=90/100 command=5/5 status=completed latency_ms=111.692 complete=0
[LIVE] mosh_w1-s4_r05 command_0 sample=90/100 command=5/5 status=completed latency_ms=72.915 complete=0
[LIVE] mosh_w1-s4_r05 command_1 sample=100/100 command=5/5 status=completed latency_ms=389.226 complete=0
[LIVE] mosh_w1-s4_r05 command_0 sample=100/100 command=5/5 status=completed latency_ms=87.621 complete=0
[LIVE] mosh_w1-s4_r05 command_3 sample=20/100 command=5/5 status=completed latency_ms=104.361 complete=0
[LIVE] mosh_w1-s4_r05 command_3 sample=30/100 command=5/5 status=completed latency_ms=118.974 complete=0
[LIVE] mosh_w1-s4_r05 command_3 sample=40/100 command=5/5 status=completed latency_ms=79.232 complete=0
[LIVE] mosh_w1-s4_r05 command_3 sample=50/100 command=5/5 status=completed latency_ms=87.187 complete=0
[LIVE] mosh_w1-s4_r05 command_2 sample=40/100 command=5/5 status=completed latency_ms=76.267 complete=0
[LIVE] mosh_w1-s4_r05 command_2 sample=50/100 command=5/5 status=completed latency_ms=64.783 complete=0
[LIVE] mosh_w1-s4_r05 command_3 sample=60/100 command=5/5 status=completed latency_ms=91.228 complete=0
[LIVE] mosh_w1-s4_r05 command_3 sample=70/100 command=5/5 status=completed latency_ms=503.541 complete=0
[LIVE] mosh_w1-s4_r05 command_2 sample=60/100 command=5/5 status=completed latency_ms=132.184 complete=0
[LIVE] mosh_w1-s4_r05 command_3 sample=80/100 command=5/5 status=completed latency_ms=375.954 complete=0
[LIVE] mosh_w1-s4_r05 command_2 sample=70/100 command=5/5 status=completed latency_ms=127.583 complete=0
[LIVE] mosh_w1-s4_r05 command_2 sample=80/100 command=5/5 status=completed latency_ms=87.215 complete=0
[LIVE] mosh_w1-s4_r05 command_2 sample=90/100 command=5/5 status=completed latency_ms=61.180 complete=0
[LIVE] mosh_w1-s4_r05 command_2 sample=100/100 command=5/5 status=completed latency_ms=80.395 complete=0
[LIVE] mosh_w1-s4_r05 command_3 sample=90/100 command=5/5 status=completed latency_ms=66.654 complete=0
[LIVE] mosh_w1-s4_r05 command_3 sample=100/100 command=5/5 status=completed latency_ms=63.789 complete=0
[RUN] 038/090 trial=ssh3_w1-s2_r05 streams=2
[LIVE] ssh3_w1-s2_r05 command_1 sample=1/100 command=1/5 status=completed latency_ms=50.628 complete=1
[LIVE] ssh3_w1-s2_r05 command_0 sample=1/100 command=1/5 status=completed latency_ms=69.235 complete=1
[LIVE] ssh3_w1-s2_r05 command_1 sample=10/100 command=5/5 status=completed latency_ms=45.069 complete=1
[LIVE] ssh3_w1-s2_r05 command_0 sample=10/100 command=5/5 status=completed latency_ms=77.740 complete=1
[LIVE] ssh3_w1-s2_r05 command_0 sample=20/100 command=5/5 status=completed latency_ms=24.193 complete=1
[LIVE] ssh3_w1-s2_r05 command_1 sample=20/100 command=5/5 status=completed latency_ms=63.060 complete=1
[LIVE] ssh3_w1-s2_r05 command_0 sample=30/100 command=5/5 status=completed latency_ms=40.393 complete=1
[LIVE] ssh3_w1-s2_r05 command_1 sample=30/100 command=5/5 status=completed latency_ms=90.538 complete=1
[LIVE] ssh3_w1-s2_r05 command_0 sample=40/100 command=5/5 status=completed latency_ms=64.133 complete=1
[LIVE] ssh3_w1-s2_r05 command_1 sample=40/100 command=5/5 status=completed latency_ms=32.378 complete=1
[LIVE] ssh3_w1-s2_r05 command_0 sample=50/100 command=5/5 status=completed latency_ms=69.658 complete=1
[LIVE] ssh3_w1-s2_r05 command_1 sample=50/100 command=5/5 status=completed latency_ms=35.999 complete=1
[LIVE] ssh3_w1-s2_r05 command_0 sample=60/100 command=5/5 status=completed latency_ms=41.106 complete=1
[LIVE] ssh3_w1-s2_r05 command_1 sample=60/100 command=5/5 status=completed latency_ms=26.533 complete=1
[LIVE] ssh3_w1-s2_r05 command_0 sample=70/100 command=5/5 status=completed latency_ms=65.102 complete=1
[LIVE] ssh3_w1-s2_r05 command_1 sample=70/100 command=5/5 status=completed latency_ms=140.266 complete=1
[LIVE] ssh3_w1-s2_r05 command_0 sample=80/100 command=5/5 status=completed latency_ms=48.717 complete=1
[LIVE] ssh3_w1-s2_r05 command_1 sample=80/100 command=5/5 status=completed latency_ms=53.603 complete=1
[LIVE] ssh3_w1-s2_r05 command_0 sample=90/100 command=5/5 status=completed latency_ms=29.409 complete=1
[LIVE] ssh3_w1-s2_r05 command_1 sample=90/100 command=5/5 status=completed latency_ms=170.577 complete=1
[LIVE] ssh3_w1-s2_r05 command_0 sample=100/100 command=5/5 status=completed latency_ms=149.696 complete=1
[LIVE] ssh3_w1-s2_r05 command_1 sample=100/100 command=5/5 status=completed latency_ms=40.400 complete=1
[RUN] 039/090 trial=ssh_w1-s2_r05 streams=2
[LIVE] ssh_w1-s2_r05 command_0 sample=1/100 command=1/5 status=completed latency_ms=72.706 complete=1
[LIVE] ssh_w1-s2_r05 command_1 sample=1/100 command=1/5 status=completed latency_ms=82.346 complete=1
[LIVE] ssh_w1-s2_r05 command_0 sample=10/100 command=5/5 status=completed latency_ms=92.439 complete=1
[LIVE] ssh_w1-s2_r05 command_1 sample=10/100 command=5/5 status=completed latency_ms=104.156 complete=1
[LIVE] ssh_w1-s2_r05 command_0 sample=20/100 command=5/5 status=completed latency_ms=116.663 complete=1
[LIVE] ssh_w1-s2_r05 command_1 sample=20/100 command=5/5 status=completed latency_ms=77.279 complete=1
[LIVE] ssh_w1-s2_r05 command_0 sample=30/100 command=5/5 status=completed latency_ms=63.808 complete=1
[LIVE] ssh_w1-s2_r05 command_1 sample=30/100 command=5/5 status=completed latency_ms=25.523 complete=1
[LIVE] ssh_w1-s2_r05 command_0 sample=40/100 command=5/5 status=completed latency_ms=115.122 complete=1
[LIVE] ssh_w1-s2_r05 command_1 sample=40/100 command=5/5 status=completed latency_ms=34.550 complete=1
[LIVE] ssh_w1-s2_r05 command_0 sample=50/100 command=5/5 status=completed latency_ms=58.641 complete=1
[LIVE] ssh_w1-s2_r05 command_1 sample=50/100 command=5/5 status=completed latency_ms=68.991 complete=1
[LIVE] ssh_w1-s2_r05 command_0 sample=60/100 command=5/5 status=completed latency_ms=57.090 complete=1
[LIVE] ssh_w1-s2_r05 command_1 sample=60/100 command=5/5 status=completed latency_ms=34.877 complete=1
[LIVE] ssh_w1-s2_r05 command_0 sample=70/100 command=5/5 status=completed latency_ms=69.096 complete=1
[LIVE] ssh_w1-s2_r05 command_1 sample=70/100 command=5/5 status=completed latency_ms=361.169 complete=1
[LIVE] ssh_w1-s2_r05 command_0 sample=80/100 command=5/5 status=completed latency_ms=341.926 complete=1
[LIVE] ssh_w1-s2_r05 command_1 sample=80/100 command=5/5 status=completed latency_ms=60.687 complete=1
[LIVE] ssh_w1-s2_r05 command_0 sample=90/100 command=5/5 status=completed latency_ms=71.801 complete=1
[LIVE] ssh_w1-s2_r05 command_1 sample=90/100 command=5/5 status=completed latency_ms=65.710 complete=1
[LIVE] ssh_w1-s2_r05 command_0 sample=100/100 command=5/5 status=completed latency_ms=87.045 complete=1
[LIVE] ssh_w1-s2_r05 command_1 sample=100/100 command=5/5 status=completed latency_ms=55.832 complete=1
[RUN] 040/090 trial=ssh3_w1-s1_r05 streams=1
[LIVE] ssh3_w1-s1_r05 command_0 sample=1/100 command=1/5 status=completed latency_ms=89.840 complete=1
[LIVE] ssh3_w1-s1_r05 command_0 sample=10/100 command=5/5 status=completed latency_ms=106.404 complete=1
[LIVE] ssh3_w1-s1_r05 command_0 sample=20/100 command=5/5 status=completed latency_ms=89.855 complete=1
[LIVE] ssh3_w1-s1_r05 command_0 sample=30/100 command=5/5 status=completed latency_ms=48.645 complete=1
[LIVE] ssh3_w1-s1_r05 command_0 sample=40/100 command=5/5 status=completed latency_ms=39.809 complete=1
[LIVE] ssh3_w1-s1_r05 command_0 sample=50/100 command=5/5 status=completed latency_ms=54.950 complete=1
[LIVE] ssh3_w1-s1_r05 command_0 sample=60/100 command=5/5 status=completed latency_ms=54.692 complete=1
[LIVE] ssh3_w1-s1_r05 command_0 sample=70/100 command=5/5 status=completed latency_ms=37.158 complete=1
[LIVE] ssh3_w1-s1_r05 command_0 sample=80/100 command=5/5 status=completed latency_ms=50.775 complete=1
[LIVE] ssh3_w1-s1_r05 command_0 sample=90/100 command=5/5 status=completed latency_ms=60.806 complete=1
[LIVE] ssh3_w1-s1_r05 command_0 sample=100/100 command=5/5 status=completed latency_ms=68.270 complete=1
[RUN] 041/090 trial=ssh3_w1-s4_r05 streams=4
[LIVE] ssh3_w1-s4_r05 command_3 sample=1/100 command=1/5 status=completed latency_ms=61.072 complete=1
[LIVE] ssh3_w1-s4_r05 command_2 sample=1/100 command=1/5 status=completed latency_ms=91.271 complete=1
[LIVE] ssh3_w1-s4_r05 command_1 sample=1/100 command=1/5 status=completed latency_ms=94.102 complete=1
[LIVE] ssh3_w1-s4_r05 command_0 sample=1/100 command=1/5 status=completed latency_ms=97.708 complete=1
[LIVE] ssh3_w1-s4_r05 command_0 sample=10/100 command=5/5 status=completed latency_ms=46.300 complete=1
[LIVE] ssh3_w1-s4_r05 command_3 sample=10/100 command=5/5 status=completed latency_ms=78.761 complete=1
[LIVE] ssh3_w1-s4_r05 command_1 sample=10/100 command=5/5 status=completed latency_ms=29.029 complete=1
[LIVE] ssh3_w1-s4_r05 command_2 sample=10/100 command=5/5 status=completed latency_ms=23.163 complete=1
[LIVE] ssh3_w1-s4_r05 command_3 sample=20/100 command=5/5 status=completed latency_ms=79.534 complete=1
[LIVE] ssh3_w1-s4_r05 command_1 sample=20/100 command=5/5 status=completed latency_ms=54.966 complete=1
[LIVE] ssh3_w1-s4_r05 command_0 sample=20/100 command=5/5 status=completed latency_ms=42.402 complete=1
[LIVE] ssh3_w1-s4_r05 command_2 sample=20/100 command=5/5 status=completed latency_ms=33.400 complete=1
[LIVE] ssh3_w1-s4_r05 command_3 sample=30/100 command=5/5 status=completed latency_ms=47.773 complete=1
[LIVE] ssh3_w1-s4_r05 command_1 sample=30/100 command=5/5 status=completed latency_ms=42.126 complete=1
[LIVE] ssh3_w1-s4_r05 command_0 sample=30/100 command=5/5 status=completed latency_ms=78.686 complete=1
[LIVE] ssh3_w1-s4_r05 command_2 sample=30/100 command=5/5 status=completed latency_ms=49.862 complete=1
[LIVE] ssh3_w1-s4_r05 command_3 sample=40/100 command=5/5 status=completed latency_ms=74.645 complete=1
[LIVE] ssh3_w1-s4_r05 command_0 sample=40/100 command=5/5 status=completed latency_ms=81.976 complete=1
[LIVE] ssh3_w1-s4_r05 command_1 sample=40/100 command=5/5 status=completed latency_ms=110.220 complete=1
[LIVE] ssh3_w1-s4_r05 command_2 sample=40/100 command=5/5 status=completed latency_ms=46.260 complete=1
[LIVE] ssh3_w1-s4_r05 command_0 sample=50/100 command=5/5 status=completed latency_ms=27.862 complete=1
[LIVE] ssh3_w1-s4_r05 command_3 sample=50/100 command=5/5 status=completed latency_ms=43.593 complete=1
[LIVE] ssh3_w1-s4_r05 command_1 sample=50/100 command=5/5 status=completed latency_ms=38.339 complete=1
[LIVE] ssh3_w1-s4_r05 command_2 sample=50/100 command=5/5 status=completed latency_ms=67.349 complete=1
[LIVE] ssh3_w1-s4_r05 command_3 sample=60/100 command=5/5 status=completed latency_ms=43.443 complete=1
[LIVE] ssh3_w1-s4_r05 command_0 sample=60/100 command=5/5 status=completed latency_ms=57.525 complete=1
[LIVE] ssh3_w1-s4_r05 command_1 sample=60/100 command=5/5 status=completed latency_ms=51.635 complete=1
[LIVE] ssh3_w1-s4_r05 command_2 sample=60/100 command=5/5 status=completed latency_ms=82.359 complete=1
[LIVE] ssh3_w1-s4_r05 command_3 sample=70/100 command=5/5 status=completed latency_ms=76.516 complete=1
[LIVE] ssh3_w1-s4_r05 command_0 sample=70/100 command=5/5 status=completed latency_ms=30.954 complete=1
[LIVE] ssh3_w1-s4_r05 command_1 sample=70/100 command=5/5 status=completed latency_ms=49.688 complete=1
[LIVE] ssh3_w1-s4_r05 command_2 sample=70/100 command=5/5 status=completed latency_ms=22.441 complete=1
[LIVE] ssh3_w1-s4_r05 command_3 sample=80/100 command=5/5 status=completed latency_ms=41.354 complete=1
[LIVE] ssh3_w1-s4_r05 command_0 sample=80/100 command=5/5 status=completed latency_ms=60.584 complete=1
[LIVE] ssh3_w1-s4_r05 command_1 sample=80/100 command=5/5 status=completed latency_ms=89.070 complete=1
[LIVE] ssh3_w1-s4_r05 command_2 sample=80/100 command=5/5 status=completed latency_ms=71.522 complete=1
[LIVE] ssh3_w1-s4_r05 command_0 sample=90/100 command=5/5 status=completed latency_ms=28.232 complete=1
[LIVE] ssh3_w1-s4_r05 command_3 sample=90/100 command=5/5 status=completed latency_ms=50.602 complete=1
[LIVE] ssh3_w1-s4_r05 command_1 sample=90/100 command=5/5 status=completed latency_ms=76.047 complete=1
[LIVE] ssh3_w1-s4_r05 command_2 sample=90/100 command=5/5 status=completed latency_ms=50.932 complete=1
[LIVE] ssh3_w1-s4_r05 command_0 sample=100/100 command=5/5 status=completed latency_ms=78.298 complete=1
[LIVE] ssh3_w1-s4_r05 command_3 sample=100/100 command=5/5 status=completed latency_ms=72.560 complete=1
[LIVE] ssh3_w1-s4_r05 command_1 sample=100/100 command=5/5 status=completed latency_ms=150.927 complete=1
[LIVE] ssh3_w1-s4_r05 command_2 sample=100/100 command=5/5 status=completed latency_ms=55.948 complete=1
[RUN] 042/090 trial=ssh_w1-s1_r05 streams=1
[LIVE] ssh_w1-s1_r05 command_0 sample=1/100 command=1/5 status=completed latency_ms=65.885 complete=1
[LIVE] ssh_w1-s1_r05 command_0 sample=10/100 command=5/5 status=completed latency_ms=118.568 complete=1
[LIVE] ssh_w1-s1_r05 command_0 sample=20/100 command=5/5 status=completed latency_ms=74.102 complete=1
[LIVE] ssh_w1-s1_r05 command_0 sample=30/100 command=5/5 status=completed latency_ms=101.647 complete=1
[LIVE] ssh_w1-s1_r05 command_0 sample=40/100 command=5/5 status=completed latency_ms=92.465 complete=1
[LIVE] ssh_w1-s1_r05 command_0 sample=50/100 command=5/5 status=completed latency_ms=59.574 complete=1
[LIVE] ssh_w1-s1_r05 command_0 sample=60/100 command=5/5 status=completed latency_ms=48.750 complete=1
[LIVE] ssh_w1-s1_r05 command_0 sample=70/100 command=5/5 status=completed latency_ms=35.340 complete=1
[LIVE] ssh_w1-s1_r05 command_0 sample=80/100 command=5/5 status=completed latency_ms=54.210 complete=1
[LIVE] ssh_w1-s1_r05 command_0 sample=90/100 command=5/5 status=completed latency_ms=79.107 complete=1
[LIVE] ssh_w1-s1_r05 command_0 sample=100/100 command=5/5 status=completed latency_ms=81.973 complete=1
[RUN] 043/090 trial=mosh_w1-s1_r05 streams=1
[LIVE] mosh_w1-s1_r05 command_0 sample=1/100 command=1/5 status=completed latency_ms=115.639 complete=0
[LIVE] mosh_w1-s1_r05 command_0 sample=10/100 command=5/5 status=completed latency_ms=57.493 complete=0
[LIVE] mosh_w1-s1_r05 command_0 sample=20/100 command=5/5 status=completed latency_ms=320.191 complete=0
[LIVE] mosh_w1-s1_r05 command_0 sample=30/100 command=5/5 status=completed latency_ms=78.818 complete=0
[LIVE] mosh_w1-s1_r05 command_0 sample=40/100 command=5/5 status=completed latency_ms=66.589 complete=0
[LIVE] mosh_w1-s1_r05 command_0 sample=50/100 command=5/5 status=completed latency_ms=69.581 complete=0
[LIVE] mosh_w1-s1_r05 command_0 sample=60/100 command=5/5 status=completed latency_ms=94.032 complete=0
[LIVE] mosh_w1-s1_r05 command_0 sample=70/100 command=5/5 status=completed latency_ms=118.972 complete=0
[LIVE] mosh_w1-s1_r05 command_0 sample=80/100 command=5/5 status=completed latency_ms=76.584 complete=0
[LIVE] mosh_w1-s1_r05 command_0 sample=90/100 command=5/5 status=completed latency_ms=100.080 complete=0
[LIVE] mosh_w1-s1_r05 command_0 sample=100/100 command=5/5 status=completed latency_ms=130.108 complete=0
[RUN] 044/090 trial=ssh_w1-s4_r05 streams=4
[LIVE] ssh_w1-s4_r05 command_3 sample=1/100 command=1/5 status=completed latency_ms=104.944 complete=1
[LIVE] ssh_w1-s4_r05 command_2 sample=1/100 command=1/5 status=completed latency_ms=167.301 complete=1
[LIVE] ssh_w1-s4_r05 command_1 sample=1/100 command=1/5 status=completed latency_ms=167.942 complete=1
[LIVE] ssh_w1-s4_r05 command_0 sample=1/100 command=1/5 status=completed latency_ms=169.756 complete=1
[LIVE] ssh_w1-s4_r05 command_2 sample=10/100 command=5/5 status=completed latency_ms=81.506 complete=1
[LIVE] ssh_w1-s4_r05 command_0 sample=10/100 command=5/5 status=completed latency_ms=100.135 complete=1
[LIVE] ssh_w1-s4_r05 command_1 sample=10/100 command=5/5 status=completed latency_ms=62.860 complete=1
[LIVE] ssh_w1-s4_r05 command_3 sample=10/100 command=5/5 status=completed latency_ms=78.017 complete=1
[LIVE] ssh_w1-s4_r05 command_0 sample=20/100 command=5/5 status=completed latency_ms=61.895 complete=1
[LIVE] ssh_w1-s4_r05 command_2 sample=20/100 command=5/5 status=completed latency_ms=64.122 complete=1
[LIVE] ssh_w1-s4_r05 command_3 sample=20/100 command=5/5 status=completed latency_ms=75.078 complete=1
[LIVE] ssh_w1-s4_r05 command_1 sample=20/100 command=5/5 status=completed latency_ms=130.283 complete=1
[LIVE] ssh_w1-s4_r05 command_0 sample=30/100 command=5/5 status=completed latency_ms=58.562 complete=1
[LIVE] ssh_w1-s4_r05 command_3 sample=30/100 command=5/5 status=completed latency_ms=139.086 complete=1
[LIVE] ssh_w1-s4_r05 command_1 sample=30/100 command=5/5 status=completed latency_ms=131.044 complete=1
[LIVE] ssh_w1-s4_r05 command_2 sample=30/100 command=5/5 status=completed latency_ms=132.017 complete=1
[LIVE] ssh_w1-s4_r05 command_0 sample=40/100 command=5/5 status=completed latency_ms=72.817 complete=1
[LIVE] ssh_w1-s4_r05 command_1 sample=40/100 command=5/5 status=completed latency_ms=76.921 complete=1
[LIVE] ssh_w1-s4_r05 command_3 sample=40/100 command=5/5 status=completed latency_ms=79.320 complete=1
[LIVE] ssh_w1-s4_r05 command_2 sample=40/100 command=5/5 status=completed latency_ms=105.177 complete=1
[LIVE] ssh_w1-s4_r05 command_0 sample=50/100 command=5/5 status=completed latency_ms=73.594 complete=1
[LIVE] ssh_w1-s4_r05 command_3 sample=50/100 command=5/5 status=completed latency_ms=72.817 complete=1
[LIVE] ssh_w1-s4_r05 command_1 sample=50/100 command=5/5 status=completed latency_ms=118.251 complete=1
[LIVE] ssh_w1-s4_r05 command_2 sample=50/100 command=5/5 status=completed latency_ms=128.062 complete=1
[LIVE] ssh_w1-s4_r05 command_0 sample=60/100 command=5/5 status=completed latency_ms=206.234 complete=1
[LIVE] ssh_w1-s4_r05 command_3 sample=60/100 command=5/5 status=completed latency_ms=200.628 complete=1
[LIVE] ssh_w1-s4_r05 command_1 sample=60/100 command=5/5 status=completed latency_ms=89.169 complete=1
[LIVE] ssh_w1-s4_r05 command_2 sample=60/100 command=5/5 status=completed latency_ms=96.385 complete=1
[LIVE] ssh_w1-s4_r05 command_0 sample=70/100 command=5/5 status=completed latency_ms=94.229 complete=1
[LIVE] ssh_w1-s4_r05 command_3 sample=70/100 command=5/5 status=completed latency_ms=96.919 complete=1
[LIVE] ssh_w1-s4_r05 command_1 sample=70/100 command=5/5 status=completed latency_ms=105.265 complete=1
[LIVE] ssh_w1-s4_r05 command_2 sample=70/100 command=5/5 status=completed latency_ms=149.417 complete=1
[LIVE] ssh_w1-s4_r05 command_0 sample=80/100 command=5/5 status=completed latency_ms=84.860 complete=1
[LIVE] ssh_w1-s4_r05 command_3 sample=80/100 command=5/5 status=completed latency_ms=129.880 complete=1
[LIVE] ssh_w1-s4_r05 command_1 sample=80/100 command=5/5 status=completed latency_ms=53.414 complete=1
[LIVE] ssh_w1-s4_r05 command_2 sample=80/100 command=5/5 status=completed latency_ms=72.207 complete=1
[LIVE] ssh_w1-s4_r05 command_0 sample=90/100 command=5/5 status=completed latency_ms=46.788 complete=1
[LIVE] ssh_w1-s4_r05 command_3 sample=90/100 command=5/5 status=completed latency_ms=48.776 complete=1
[LIVE] ssh_w1-s4_r05 command_2 sample=90/100 command=5/5 status=completed latency_ms=32.019 complete=1
[LIVE] ssh_w1-s4_r05 command_1 sample=90/100 command=5/5 status=completed latency_ms=33.126 complete=1
[LIVE] ssh_w1-s4_r05 command_3 sample=100/100 command=5/5 status=completed latency_ms=48.642 complete=1
[LIVE] ssh_w1-s4_r05 command_0 sample=100/100 command=5/5 status=completed latency_ms=75.307 complete=1
[LIVE] ssh_w1-s4_r05 command_1 sample=100/100 command=5/5 status=completed latency_ms=113.849 complete=1
[LIVE] ssh_w1-s4_r05 command_2 sample=100/100 command=5/5 status=completed latency_ms=60.996 complete=1
[RUN] 045/090 trial=mosh_w1-s2_r05 streams=2
[LIVE] mosh_w1-s2_r05 command_1 sample=1/100 command=1/5 status=completed latency_ms=148.451 complete=0
[LIVE] mosh_w1-s2_r05 command_0 sample=1/100 command=1/5 status=completed latency_ms=148.320 complete=0
[LIVE] mosh_w1-s2_r05 command_1 sample=10/100 command=5/5 status=completed latency_ms=69.479 complete=0
[LIVE] mosh_w1-s2_r05 command_1 sample=20/100 command=5/5 status=completed latency_ms=77.924 complete=0
[LIVE] mosh_w1-s2_r05 command_1 sample=30/100 command=5/5 status=completed latency_ms=81.681 complete=0
[LIVE] mosh_w1-s2_r05 command_1 sample=40/100 command=5/5 status=completed latency_ms=86.602 complete=0
[LIVE] mosh_w1-s2_r05 command_0 sample=10/100 command=5/5 status=completed latency_ms=81.550 complete=0
[LIVE] mosh_w1-s2_r05 command_0 sample=20/100 command=5/5 status=completed latency_ms=88.444 complete=0
[LIVE] mosh_w1-s2_r05 command_0 sample=30/100 command=5/5 status=completed latency_ms=90.787 complete=0
[LIVE] mosh_w1-s2_r05 command_0 sample=40/100 command=5/5 status=completed latency_ms=54.402 complete=0
[LIVE] mosh_w1-s2_r05 command_0 sample=50/100 command=5/5 status=completed latency_ms=69.888 complete=0
[LIVE] mosh_w1-s2_r05 command_0 sample=60/100 command=5/5 status=completed latency_ms=87.413 complete=0
[LIVE] mosh_w1-s2_r05 command_1 sample=50/100 command=5/5 status=completed latency_ms=148.299 complete=0
[LIVE] mosh_w1-s2_r05 command_0 sample=70/100 command=5/5 status=completed latency_ms=106.880 complete=0
[LIVE] mosh_w1-s2_r05 command_1 sample=60/100 command=5/5 status=completed latency_ms=318.870 complete=0
[LIVE] mosh_w1-s2_r05 command_1 sample=70/100 command=5/5 status=completed latency_ms=74.124 complete=0
[LIVE] mosh_w1-s2_r05 command_1 sample=80/100 command=5/5 status=completed latency_ms=418.954 complete=0
[LIVE] mosh_w1-s2_r05 command_1 sample=90/100 command=5/5 status=completed latency_ms=94.966 complete=0
[LIVE] mosh_w1-s2_r05 command_1 sample=100/100 command=5/5 status=completed latency_ms=89.695 complete=0
[LIVE] mosh_w1-s2_r05 command_0 sample=80/100 command=5/5 status=completed latency_ms=87.224 complete=0
[LIVE] mosh_w1-s2_r05 command_0 sample=90/100 command=5/5 status=completed latency_ms=63.358 complete=0
[LIVE] mosh_w1-s2_r05 command_0 sample=100/100 command=5/5 status=completed latency_ms=70.640 complete=0
[RUN] 046/090 trial=ssh_w1-s1_r06 streams=1
[LIVE] ssh_w1-s1_r06 command_0 sample=1/100 command=1/5 status=completed latency_ms=69.618 complete=1
[LIVE] ssh_w1-s1_r06 command_0 sample=10/100 command=5/5 status=completed latency_ms=58.017 complete=1
[LIVE] ssh_w1-s1_r06 command_0 sample=20/100 command=5/5 status=completed latency_ms=40.071 complete=1
[LIVE] ssh_w1-s1_r06 command_0 sample=30/100 command=5/5 status=completed latency_ms=86.188 complete=1
[LIVE] ssh_w1-s1_r06 command_0 sample=40/100 command=5/5 status=completed latency_ms=30.935 complete=1
[LIVE] ssh_w1-s1_r06 command_0 sample=50/100 command=5/5 status=completed latency_ms=43.991 complete=1
[LIVE] ssh_w1-s1_r06 command_0 sample=60/100 command=5/5 status=completed latency_ms=88.515 complete=1
[LIVE] ssh_w1-s1_r06 command_0 sample=70/100 command=5/5 status=completed latency_ms=78.519 complete=1
[LIVE] ssh_w1-s1_r06 command_0 sample=80/100 command=5/5 status=completed latency_ms=92.548 complete=1
[LIVE] ssh_w1-s1_r06 command_0 sample=90/100 command=5/5 status=completed latency_ms=111.174 complete=1
[LIVE] ssh_w1-s1_r06 command_0 sample=100/100 command=5/5 status=completed latency_ms=67.383 complete=1
[RUN] 047/090 trial=ssh_w1-s2_r06 streams=2
[LIVE] ssh_w1-s2_r06 command_1 sample=1/100 command=1/5 status=completed latency_ms=80.139 complete=1
[LIVE] ssh_w1-s2_r06 command_0 sample=1/100 command=1/5 status=completed latency_ms=100.072 complete=1
[LIVE] ssh_w1-s2_r06 command_1 sample=10/100 command=5/5 status=completed latency_ms=94.366 complete=1
[LIVE] ssh_w1-s2_r06 command_0 sample=10/100 command=5/5 status=completed latency_ms=46.048 complete=1
[LIVE] ssh_w1-s2_r06 command_1 sample=20/100 command=5/5 status=completed latency_ms=59.714 complete=1
[LIVE] ssh_w1-s2_r06 command_0 sample=20/100 command=5/5 status=completed latency_ms=74.701 complete=1
[LIVE] ssh_w1-s2_r06 command_1 sample=30/100 command=5/5 status=completed latency_ms=53.839 complete=1
[LIVE] ssh_w1-s2_r06 command_0 sample=30/100 command=5/5 status=completed latency_ms=78.312 complete=1
[LIVE] ssh_w1-s2_r06 command_1 sample=40/100 command=5/5 status=completed latency_ms=96.843 complete=1
[LIVE] ssh_w1-s2_r06 command_0 sample=40/100 command=5/5 status=completed latency_ms=76.423 complete=1
[LIVE] ssh_w1-s2_r06 command_1 sample=50/100 command=5/5 status=completed latency_ms=61.748 complete=1
[LIVE] ssh_w1-s2_r06 command_0 sample=50/100 command=5/5 status=completed latency_ms=30.548 complete=1
[LIVE] ssh_w1-s2_r06 command_1 sample=60/100 command=5/5 status=completed latency_ms=20.429 complete=1
[LIVE] ssh_w1-s2_r06 command_0 sample=60/100 command=5/5 status=completed latency_ms=432.658 complete=1
[LIVE] ssh_w1-s2_r06 command_1 sample=70/100 command=5/5 status=completed latency_ms=321.034 complete=1
[LIVE] ssh_w1-s2_r06 command_0 sample=70/100 command=5/5 status=completed latency_ms=83.900 complete=1
[LIVE] ssh_w1-s2_r06 command_1 sample=80/100 command=5/5 status=completed latency_ms=93.802 complete=1
[LIVE] ssh_w1-s2_r06 command_0 sample=80/100 command=5/5 status=completed latency_ms=47.310 complete=1
[LIVE] ssh_w1-s2_r06 command_1 sample=90/100 command=5/5 status=completed latency_ms=48.692 complete=1
[LIVE] ssh_w1-s2_r06 command_0 sample=90/100 command=5/5 status=completed latency_ms=290.786 complete=1
[LIVE] ssh_w1-s2_r06 command_1 sample=100/100 command=5/5 status=completed latency_ms=64.515 complete=1
[LIVE] ssh_w1-s2_r06 command_0 sample=100/100 command=5/5 status=completed latency_ms=47.285 complete=1
[RUN] 048/090 trial=ssh3_w1-s4_r06 streams=4
[LIVE] ssh3_w1-s4_r06 command_2 sample=1/100 command=1/5 status=completed latency_ms=73.658 complete=1
[LIVE] ssh3_w1-s4_r06 command_3 sample=1/100 command=1/5 status=completed latency_ms=76.625 complete=1
[LIVE] ssh3_w1-s4_r06 command_0 sample=1/100 command=1/5 status=completed latency_ms=77.482 complete=1
[LIVE] ssh3_w1-s4_r06 command_1 sample=1/100 command=1/5 status=completed latency_ms=107.230 complete=1
[LIVE] ssh3_w1-s4_r06 command_0 sample=10/100 command=5/5 status=completed latency_ms=49.683 complete=1
[LIVE] ssh3_w1-s4_r06 command_3 sample=10/100 command=5/5 status=completed latency_ms=51.683 complete=1
[LIVE] ssh3_w1-s4_r06 command_1 sample=10/100 command=5/5 status=completed latency_ms=77.561 complete=1
[LIVE] ssh3_w1-s4_r06 command_2 sample=10/100 command=5/5 status=completed latency_ms=69.494 complete=1
[LIVE] ssh3_w1-s4_r06 command_0 sample=20/100 command=5/5 status=completed latency_ms=82.013 complete=1
[LIVE] ssh3_w1-s4_r06 command_3 sample=20/100 command=5/5 status=completed latency_ms=39.067 complete=1
[LIVE] ssh3_w1-s4_r06 command_1 sample=20/100 command=5/5 status=completed latency_ms=42.113 complete=1
[LIVE] ssh3_w1-s4_r06 command_2 sample=20/100 command=5/5 status=completed latency_ms=70.043 complete=1
[LIVE] ssh3_w1-s4_r06 command_0 sample=30/100 command=5/5 status=completed latency_ms=14.712 complete=1
[LIVE] ssh3_w1-s4_r06 command_3 sample=30/100 command=5/5 status=completed latency_ms=30.617 complete=1
[LIVE] ssh3_w1-s4_r06 command_1 sample=30/100 command=5/5 status=completed latency_ms=54.358 complete=1
[LIVE] ssh3_w1-s4_r06 command_2 sample=30/100 command=5/5 status=completed latency_ms=140.856 complete=1
[LIVE] ssh3_w1-s4_r06 command_0 sample=40/100 command=5/5 status=completed latency_ms=49.673 complete=1
[LIVE] ssh3_w1-s4_r06 command_1 sample=40/100 command=5/5 status=completed latency_ms=46.294 complete=1
[LIVE] ssh3_w1-s4_r06 command_3 sample=40/100 command=5/5 status=completed latency_ms=75.705 complete=1
[LIVE] ssh3_w1-s4_r06 command_2 sample=40/100 command=5/5 status=completed latency_ms=57.684 complete=1
[LIVE] ssh3_w1-s4_r06 command_0 sample=50/100 command=5/5 status=completed latency_ms=77.972 complete=1
[LIVE] ssh3_w1-s4_r06 command_3 sample=50/100 command=5/5 status=completed latency_ms=56.944 complete=1
[LIVE] ssh3_w1-s4_r06 command_1 sample=50/100 command=5/5 status=completed latency_ms=87.705 complete=1
[LIVE] ssh3_w1-s4_r06 command_2 sample=50/100 command=5/5 status=completed latency_ms=50.347 complete=1
[LIVE] ssh3_w1-s4_r06 command_0 sample=60/100 command=5/5 status=completed latency_ms=64.565 complete=1
[LIVE] ssh3_w1-s4_r06 command_3 sample=60/100 command=5/5 status=completed latency_ms=73.959 complete=1
[LIVE] ssh3_w1-s4_r06 command_1 sample=60/100 command=5/5 status=completed latency_ms=55.543 complete=1
[LIVE] ssh3_w1-s4_r06 command_2 sample=60/100 command=5/5 status=completed latency_ms=38.793 complete=1
[LIVE] ssh3_w1-s4_r06 command_0 sample=70/100 command=5/5 status=completed latency_ms=68.297 complete=1
[LIVE] ssh3_w1-s4_r06 command_3 sample=70/100 command=5/5 status=completed latency_ms=117.766 complete=1
[LIVE] ssh3_w1-s4_r06 command_2 sample=70/100 command=5/5 status=completed latency_ms=66.697 complete=1
[LIVE] ssh3_w1-s4_r06 command_1 sample=70/100 command=5/5 status=completed latency_ms=68.425 complete=1
[LIVE] ssh3_w1-s4_r06 command_3 sample=80/100 command=5/5 status=completed latency_ms=53.270 complete=1
[LIVE] ssh3_w1-s4_r06 command_0 sample=80/100 command=5/5 status=completed latency_ms=34.122 complete=1
[LIVE] ssh3_w1-s4_r06 command_1 sample=80/100 command=5/5 status=completed latency_ms=46.002 complete=1
[LIVE] ssh3_w1-s4_r06 command_2 sample=80/100 command=5/5 status=completed latency_ms=58.265 complete=1
[LIVE] ssh3_w1-s4_r06 command_3 sample=90/100 command=5/5 status=completed latency_ms=40.370 complete=1
[LIVE] ssh3_w1-s4_r06 command_0 sample=90/100 command=5/5 status=completed latency_ms=36.897 complete=1
[LIVE] ssh3_w1-s4_r06 command_1 sample=90/100 command=5/5 status=completed latency_ms=65.241 complete=1
[LIVE] ssh3_w1-s4_r06 command_2 sample=90/100 command=5/5 status=completed latency_ms=44.435 complete=1
[LIVE] ssh3_w1-s4_r06 command_0 sample=100/100 command=5/5 status=completed latency_ms=76.410 complete=1
[LIVE] ssh3_w1-s4_r06 command_3 sample=100/100 command=5/5 status=completed latency_ms=87.691 complete=1
[LIVE] ssh3_w1-s4_r06 command_2 sample=100/100 command=5/5 status=completed latency_ms=37.764 complete=1
[LIVE] ssh3_w1-s4_r06 command_1 sample=100/100 command=5/5 status=completed latency_ms=33.537 complete=1
[RUN] 049/090 trial=ssh3_w1-s2_r06 streams=2
[LIVE] ssh3_w1-s2_r06 command_1 sample=1/100 command=1/5 status=completed latency_ms=47.679 complete=1
[LIVE] ssh3_w1-s2_r06 command_0 sample=1/100 command=1/5 status=completed latency_ms=49.413 complete=1
[LIVE] ssh3_w1-s2_r06 command_1 sample=10/100 command=5/5 status=completed latency_ms=70.270 complete=1
[LIVE] ssh3_w1-s2_r06 command_0 sample=10/100 command=5/5 status=completed latency_ms=67.521 complete=1
[LIVE] ssh3_w1-s2_r06 command_0 sample=20/100 command=5/5 status=completed latency_ms=65.470 complete=1
[LIVE] ssh3_w1-s2_r06 command_1 sample=20/100 command=5/5 status=completed latency_ms=71.759 complete=1
[LIVE] ssh3_w1-s2_r06 command_1 sample=30/100 command=5/5 status=completed latency_ms=95.602 complete=1
[LIVE] ssh3_w1-s2_r06 command_0 sample=30/100 command=5/5 status=completed latency_ms=106.553 complete=1
[LIVE] ssh3_w1-s2_r06 command_1 sample=40/100 command=5/5 status=completed latency_ms=21.854 complete=1
[LIVE] ssh3_w1-s2_r06 command_0 sample=40/100 command=5/5 status=completed latency_ms=38.537 complete=1
[LIVE] ssh3_w1-s2_r06 command_1 sample=50/100 command=5/5 status=completed latency_ms=160.090 complete=1
[LIVE] ssh3_w1-s2_r06 command_0 sample=50/100 command=5/5 status=completed latency_ms=41.613 complete=1
[LIVE] ssh3_w1-s2_r06 command_0 sample=60/100 command=5/5 status=completed latency_ms=62.171 complete=1
[LIVE] ssh3_w1-s2_r06 command_1 sample=60/100 command=5/5 status=completed latency_ms=30.614 complete=1
[LIVE] ssh3_w1-s2_r06 command_1 sample=70/100 command=5/5 status=completed latency_ms=55.514 complete=1
[LIVE] ssh3_w1-s2_r06 command_0 sample=70/100 command=5/5 status=completed latency_ms=72.058 complete=1
[LIVE] ssh3_w1-s2_r06 command_0 sample=80/100 command=5/5 status=completed latency_ms=45.820 complete=1
[LIVE] ssh3_w1-s2_r06 command_1 sample=80/100 command=5/5 status=completed latency_ms=66.653 complete=1
[LIVE] ssh3_w1-s2_r06 command_1 sample=90/100 command=5/5 status=completed latency_ms=88.119 complete=1
[LIVE] ssh3_w1-s2_r06 command_0 sample=90/100 command=5/5 status=completed latency_ms=51.977 complete=1
[LIVE] ssh3_w1-s2_r06 command_1 sample=100/100 command=5/5 status=completed latency_ms=29.863 complete=1
[LIVE] ssh3_w1-s2_r06 command_0 sample=100/100 command=5/5 status=completed latency_ms=58.614 complete=1
[RUN] 050/090 trial=mosh_w1-s1_r06 streams=1
[LIVE] mosh_w1-s1_r06 command_0 sample=1/100 command=1/5 status=completed latency_ms=101.679 complete=0
[LIVE] mosh_w1-s1_r06 command_0 sample=10/100 command=5/5 status=completed latency_ms=132.387 complete=0
[LIVE] mosh_w1-s1_r06 command_0 sample=20/100 command=5/5 status=completed latency_ms=84.169 complete=0
[LIVE] mosh_w1-s1_r06 command_0 sample=30/100 command=5/5 status=completed latency_ms=49.369 complete=0
[LIVE] mosh_w1-s1_r06 command_0 sample=40/100 command=5/5 status=completed latency_ms=74.146 complete=0
[LIVE] mosh_w1-s1_r06 command_0 sample=50/100 command=5/5 status=completed latency_ms=99.112 complete=0
[LIVE] mosh_w1-s1_r06 command_0 sample=60/100 command=5/5 status=completed latency_ms=80.039 complete=0
[LIVE] mosh_w1-s1_r06 command_0 sample=70/100 command=5/5 status=completed latency_ms=81.313 complete=0
[LIVE] mosh_w1-s1_r06 command_0 sample=80/100 command=5/5 status=completed latency_ms=63.275 complete=0
[LIVE] mosh_w1-s1_r06 command_0 sample=90/100 command=5/5 status=completed latency_ms=75.939 complete=0
[LIVE] mosh_w1-s1_r06 command_0 sample=100/100 command=5/5 status=completed latency_ms=354.734 complete=0
[RUN] 051/090 trial=mosh_w1-s2_r06 streams=2
[LIVE] mosh_w1-s2_r06 command_1 sample=1/100 command=1/5 status=completed latency_ms=180.819 complete=0
[LIVE] mosh_w1-s2_r06 command_0 sample=1/100 command=1/5 status=completed latency_ms=180.641 complete=0
[LIVE] mosh_w1-s2_r06 command_1 sample=10/100 command=5/5 status=completed latency_ms=46.284 complete=0
[LIVE] mosh_w1-s2_r06 command_1 sample=20/100 command=5/5 status=completed latency_ms=40.696 complete=0
[LIVE] mosh_w1-s2_r06 command_1 sample=30/100 command=5/5 status=completed latency_ms=97.005 complete=0
[LIVE] mosh_w1-s2_r06 command_1 sample=40/100 command=5/5 status=completed latency_ms=313.174 complete=0
[LIVE] mosh_w1-s2_r06 command_1 sample=50/100 command=5/5 status=completed latency_ms=85.973 complete=0
[LIVE] mosh_w1-s2_r06 command_1 sample=60/100 command=5/5 status=completed latency_ms=81.126 complete=0
[LIVE] mosh_w1-s2_r06 command_1 sample=70/100 command=5/5 status=completed latency_ms=90.028 complete=0
[LIVE] mosh_w1-s2_r06 command_1 sample=80/100 command=5/5 status=completed latency_ms=71.343 complete=0
[LIVE] mosh_w1-s2_r06 command_1 sample=90/100 command=5/5 status=completed latency_ms=114.488 complete=0
[LIVE] mosh_w1-s2_r06 command_1 sample=100/100 command=5/5 status=completed latency_ms=102.991 complete=0
[LIVE] mosh_w1-s2_r06 command_0 sample=10/100 command=5/5 status=completed latency_ms=65.083 complete=0
[LIVE] mosh_w1-s2_r06 command_0 sample=20/100 command=5/5 status=completed latency_ms=79.468 complete=0
[LIVE] mosh_w1-s2_r06 command_0 sample=30/100 command=5/5 status=completed latency_ms=121.033 complete=0
[LIVE] mosh_w1-s2_r06 command_0 sample=40/100 command=5/5 status=completed latency_ms=124.935 complete=0
[LIVE] mosh_w1-s2_r06 command_0 sample=50/100 command=5/5 status=completed latency_ms=67.639 complete=0
[LIVE] mosh_w1-s2_r06 command_0 sample=60/100 command=5/5 status=completed latency_ms=97.500 complete=0
[LIVE] mosh_w1-s2_r06 command_0 sample=70/100 command=5/5 status=completed latency_ms=369.788 complete=0
[LIVE] mosh_w1-s2_r06 command_0 sample=80/100 command=5/5 status=completed latency_ms=78.066 complete=0
[LIVE] mosh_w1-s2_r06 command_0 sample=90/100 command=5/5 status=completed latency_ms=76.518 complete=0
[LIVE] mosh_w1-s2_r06 command_0 sample=100/100 command=5/5 status=completed latency_ms=68.740 complete=0
[RUN] 052/090 trial=mosh_w1-s4_r06 streams=4
[LIVE] mosh_w1-s4_r06 command_3 sample=1/100 command=1/5 status=completed latency_ms=251.203 complete=0
[LIVE] mosh_w1-s4_r06 command_1 sample=1/100 command=1/5 status=completed latency_ms=250.661 complete=0
[LIVE] mosh_w1-s4_r06 command_2 sample=1/100 command=1/5 status=completed latency_ms=253.379 complete=0
[LIVE] mosh_w1-s4_r06 command_0 sample=1/100 command=1/5 status=completed latency_ms=253.272 complete=0
[LIVE] mosh_w1-s4_r06 command_3 sample=10/100 command=5/5 status=completed latency_ms=266.699 complete=0
[LIVE] mosh_w1-s4_r06 command_2 sample=10/100 command=5/5 status=completed latency_ms=150.358 complete=0
[LIVE] mosh_w1-s4_r06 command_1 sample=10/100 command=5/5 status=completed latency_ms=150.363 complete=0
[LIVE] mosh_w1-s4_r06 command_0 sample=10/100 command=5/5 status=completed latency_ms=150.497 complete=0
[LIVE] mosh_w1-s4_r06 command_3 sample=20/100 command=5/5 status=completed latency_ms=120.920 complete=0
[LIVE] mosh_w1-s4_r06 command_1 sample=20/100 command=5/5 status=completed latency_ms=156.006 complete=0
[LIVE] mosh_w1-s4_r06 command_2 sample=20/100 command=5/5 status=completed latency_ms=171.797 complete=0
[LIVE] mosh_w1-s4_r06 command_0 sample=20/100 command=5/5 status=completed latency_ms=163.834 complete=0
[LIVE] mosh_w1-s4_r06 command_0 sample=30/100 command=5/5 status=completed latency_ms=98.020 complete=0
[LIVE] mosh_w1-s4_r06 command_3 sample=30/100 command=5/5 status=completed latency_ms=98.315 complete=0
[LIVE] mosh_w1-s4_r06 command_0 sample=40/100 command=5/5 status=completed latency_ms=143.707 complete=0
[LIVE] mosh_w1-s4_r06 command_3 sample=40/100 command=5/5 status=completed latency_ms=62.778 complete=0
[LIVE] mosh_w1-s4_r06 command_0 sample=50/100 command=5/5 status=completed latency_ms=72.380 complete=0
[LIVE] mosh_w1-s4_r06 command_3 sample=50/100 command=5/5 status=completed latency_ms=104.763 complete=0
[LIVE] mosh_w1-s4_r06 command_3 sample=60/100 command=5/5 status=completed latency_ms=75.214 complete=0
[LIVE] mosh_w1-s4_r06 command_0 sample=60/100 command=5/5 status=completed latency_ms=155.539 complete=0
[LIVE] mosh_w1-s4_r06 command_3 sample=70/100 command=5/5 status=completed latency_ms=367.129 complete=0
[LIVE] mosh_w1-s4_r06 command_0 sample=70/100 command=5/5 status=completed latency_ms=95.980 complete=0
[LIVE] mosh_w1-s4_r06 command_3 sample=80/100 command=5/5 status=completed latency_ms=125.702 complete=0
[LIVE] mosh_w1-s4_r06 command_0 sample=80/100 command=5/5 status=completed latency_ms=124.367 complete=0
[LIVE] mosh_w1-s4_r06 command_3 sample=90/100 command=5/5 status=completed latency_ms=50.854 complete=0
[LIVE] mosh_w1-s4_r06 command_3 sample=100/100 command=5/5 status=completed latency_ms=86.562 complete=0
[LIVE] mosh_w1-s4_r06 command_1 sample=30/100 command=5/5 status=completed latency_ms=66.732 complete=0
[LIVE] mosh_w1-s4_r06 command_2 sample=30/100 command=5/5 status=completed latency_ms=133.664 complete=0
[LIVE] mosh_w1-s4_r06 command_1 sample=40/100 command=5/5 status=completed latency_ms=81.320 complete=0
[LIVE] mosh_w1-s4_r06 command_2 sample=40/100 command=5/5 status=completed latency_ms=118.620 complete=0
[LIVE] mosh_w1-s4_r06 command_2 sample=50/100 command=5/5 status=completed latency_ms=76.615 complete=0
[LIVE] mosh_w1-s4_r06 command_1 sample=50/100 command=5/5 status=completed latency_ms=425.623 complete=0
[LIVE] mosh_w1-s4_r06 command_2 sample=60/100 command=5/5 status=completed latency_ms=410.245 complete=0
[LIVE] mosh_w1-s4_r06 command_1 sample=60/100 command=5/5 status=completed latency_ms=88.599 complete=0
[LIVE] mosh_w1-s4_r06 command_2 sample=70/100 command=5/5 status=completed latency_ms=598.764 complete=0
[LIVE] mosh_w1-s4_r06 command_1 sample=70/100 command=5/5 status=completed latency_ms=98.752 complete=0
[LIVE] mosh_w1-s4_r06 command_2 sample=80/100 command=5/5 status=completed latency_ms=333.673 complete=0
[LIVE] mosh_w1-s4_r06 command_0 sample=90/100 command=5/5 status=completed latency_ms=528.760 complete=0
[LIVE] mosh_w1-s4_r06 command_1 sample=80/100 command=5/5 status=completed latency_ms=158.794 complete=0
[LIVE] mosh_w1-s4_r06 command_2 sample=90/100 command=5/5 status=completed latency_ms=100.168 complete=0
[LIVE] mosh_w1-s4_r06 command_0 sample=100/100 command=5/5 status=completed latency_ms=408.754 complete=0
[LIVE] mosh_w1-s4_r06 command_1 sample=90/100 command=5/5 status=completed latency_ms=124.047 complete=0
[LIVE] mosh_w1-s4_r06 command_2 sample=100/100 command=5/5 status=completed latency_ms=515.923 complete=0
[LIVE] mosh_w1-s4_r06 command_1 sample=100/100 command=5/5 status=completed latency_ms=76.181 complete=0
[RUN] 053/090 trial=ssh_w1-s4_r06 streams=4
[LIVE] ssh_w1-s4_r06 command_3 sample=1/100 command=1/5 status=completed latency_ms=57.064 complete=1
[LIVE] ssh_w1-s4_r06 command_1 sample=1/100 command=1/5 status=completed latency_ms=109.394 complete=1
[LIVE] ssh_w1-s4_r06 command_0 sample=1/100 command=1/5 status=completed latency_ms=109.155 complete=1
[LIVE] ssh_w1-s4_r06 command_2 sample=1/100 command=1/5 status=completed latency_ms=112.216 complete=1
[LIVE] ssh_w1-s4_r06 command_0 sample=10/100 command=5/5 status=completed latency_ms=116.427 complete=1
[LIVE] ssh_w1-s4_r06 command_2 sample=10/100 command=5/5 status=completed latency_ms=78.986 complete=1
[LIVE] ssh_w1-s4_r06 command_3 sample=10/100 command=5/5 status=completed latency_ms=103.641 complete=1
[LIVE] ssh_w1-s4_r06 command_1 sample=10/100 command=5/5 status=completed latency_ms=73.950 complete=1
[LIVE] ssh_w1-s4_r06 command_0 sample=20/100 command=5/5 status=completed latency_ms=148.980 complete=1
[LIVE] ssh_w1-s4_r06 command_2 sample=20/100 command=5/5 status=completed latency_ms=69.519 complete=1
[LIVE] ssh_w1-s4_r06 command_3 sample=20/100 command=5/5 status=completed latency_ms=65.359 complete=1
[LIVE] ssh_w1-s4_r06 command_1 sample=20/100 command=5/5 status=completed latency_ms=93.040 complete=1
[LIVE] ssh_w1-s4_r06 command_2 sample=30/100 command=5/5 status=completed latency_ms=159.436 complete=1
[LIVE] ssh_w1-s4_r06 command_0 sample=30/100 command=5/5 status=completed latency_ms=139.085 complete=1
[LIVE] ssh_w1-s4_r06 command_1 sample=30/100 command=5/5 status=completed latency_ms=49.179 complete=1
[LIVE] ssh_w1-s4_r06 command_3 sample=30/100 command=5/5 status=completed latency_ms=49.796 complete=1
[LIVE] ssh_w1-s4_r06 command_0 sample=40/100 command=5/5 status=completed latency_ms=107.251 complete=1
[LIVE] ssh_w1-s4_r06 command_1 sample=40/100 command=5/5 status=completed latency_ms=89.652 complete=1
[LIVE] ssh_w1-s4_r06 command_2 sample=40/100 command=5/5 status=completed latency_ms=119.606 complete=1
[LIVE] ssh_w1-s4_r06 command_3 sample=40/100 command=5/5 status=completed latency_ms=120.252 complete=1
[LIVE] ssh_w1-s4_r06 command_0 sample=50/100 command=5/5 status=completed latency_ms=63.260 complete=1
[LIVE] ssh_w1-s4_r06 command_2 sample=50/100 command=5/5 status=completed latency_ms=73.503 complete=1
[LIVE] ssh_w1-s4_r06 command_1 sample=50/100 command=5/5 status=completed latency_ms=68.768 complete=1
[LIVE] ssh_w1-s4_r06 command_3 sample=50/100 command=5/5 status=completed latency_ms=88.360 complete=1
[LIVE] ssh_w1-s4_r06 command_0 sample=60/100 command=5/5 status=completed latency_ms=238.900 complete=1
[LIVE] ssh_w1-s4_r06 command_1 sample=60/100 command=5/5 status=completed latency_ms=71.299 complete=1
[LIVE] ssh_w1-s4_r06 command_2 sample=60/100 command=5/5 status=completed latency_ms=71.199 complete=1
[LIVE] ssh_w1-s4_r06 command_3 sample=60/100 command=5/5 status=completed latency_ms=87.441 complete=1
[LIVE] ssh_w1-s4_r06 command_0 sample=70/100 command=5/5 status=completed latency_ms=91.562 complete=1
[LIVE] ssh_w1-s4_r06 command_1 sample=70/100 command=5/5 status=completed latency_ms=81.216 complete=1
[LIVE] ssh_w1-s4_r06 command_3 sample=70/100 command=5/5 status=completed latency_ms=75.564 complete=1
[LIVE] ssh_w1-s4_r06 command_2 sample=70/100 command=5/5 status=completed latency_ms=98.072 complete=1
[LIVE] ssh_w1-s4_r06 command_0 sample=80/100 command=5/5 status=completed latency_ms=80.425 complete=1
[LIVE] ssh_w1-s4_r06 command_3 sample=80/100 command=5/5 status=completed latency_ms=340.474 complete=1
[LIVE] ssh_w1-s4_r06 command_2 sample=80/100 command=5/5 status=completed latency_ms=342.670 complete=1
[LIVE] ssh_w1-s4_r06 command_1 sample=80/100 command=5/5 status=completed latency_ms=340.442 complete=1
[LIVE] ssh_w1-s4_r06 command_0 sample=90/100 command=5/5 status=completed latency_ms=102.546 complete=1
[LIVE] ssh_w1-s4_r06 command_1 sample=90/100 command=5/5 status=completed latency_ms=54.918 complete=1
[LIVE] ssh_w1-s4_r06 command_2 sample=90/100 command=5/5 status=completed latency_ms=61.563 complete=1
[LIVE] ssh_w1-s4_r06 command_3 sample=90/100 command=5/5 status=completed latency_ms=51.268 complete=1
[LIVE] ssh_w1-s4_r06 command_0 sample=100/100 command=5/5 status=completed latency_ms=119.632 complete=1
[LIVE] ssh_w1-s4_r06 command_1 sample=100/100 command=5/5 status=completed latency_ms=341.328 complete=1
[LIVE] ssh_w1-s4_r06 command_2 sample=100/100 command=5/5 status=completed latency_ms=369.145 complete=1
[LIVE] ssh_w1-s4_r06 command_3 sample=100/100 command=5/5 status=completed latency_ms=54.383 complete=1
[RUN] 054/090 trial=ssh3_w1-s1_r06 streams=1
[LIVE] ssh3_w1-s1_r06 command_0 sample=1/100 command=1/5 status=completed latency_ms=62.386 complete=1
[LIVE] ssh3_w1-s1_r06 command_0 sample=10/100 command=5/5 status=completed latency_ms=36.724 complete=1
[LIVE] ssh3_w1-s1_r06 command_0 sample=20/100 command=5/5 status=completed latency_ms=75.925 complete=1
[LIVE] ssh3_w1-s1_r06 command_0 sample=30/100 command=5/5 status=completed latency_ms=83.355 complete=1
[LIVE] ssh3_w1-s1_r06 command_0 sample=40/100 command=5/5 status=completed latency_ms=99.616 complete=1
[LIVE] ssh3_w1-s1_r06 command_0 sample=50/100 command=5/5 status=completed latency_ms=39.291 complete=1
[LIVE] ssh3_w1-s1_r06 command_0 sample=60/100 command=5/5 status=completed latency_ms=81.199 complete=1
[LIVE] ssh3_w1-s1_r06 command_0 sample=70/100 command=5/5 status=completed latency_ms=69.188 complete=1
[LIVE] ssh3_w1-s1_r06 command_0 sample=80/100 command=5/5 status=completed latency_ms=69.528 complete=1
[LIVE] ssh3_w1-s1_r06 command_0 sample=90/100 command=5/5 status=completed latency_ms=60.092 complete=1
[LIVE] ssh3_w1-s1_r06 command_0 sample=100/100 command=5/5 status=completed latency_ms=70.029 complete=1
[RUN] 055/090 trial=ssh3_w1-s1_r07 streams=1
[LIVE] ssh3_w1-s1_r07 command_0 sample=1/100 command=1/5 status=completed latency_ms=84.167 complete=1
[LIVE] ssh3_w1-s1_r07 command_0 sample=10/100 command=5/5 status=completed latency_ms=51.386 complete=1
[LIVE] ssh3_w1-s1_r07 command_0 sample=20/100 command=5/5 status=completed latency_ms=103.432 complete=1
[LIVE] ssh3_w1-s1_r07 command_0 sample=30/100 command=5/5 status=completed latency_ms=59.950 complete=1
[LIVE] ssh3_w1-s1_r07 command_0 sample=40/100 command=5/5 status=completed latency_ms=47.206 complete=1
[LIVE] ssh3_w1-s1_r07 command_0 sample=50/100 command=5/5 status=completed latency_ms=50.661 complete=1
[LIVE] ssh3_w1-s1_r07 command_0 sample=60/100 command=5/5 status=completed latency_ms=86.912 complete=1
[LIVE] ssh3_w1-s1_r07 command_0 sample=70/100 command=5/5 status=completed latency_ms=46.914 complete=1
[LIVE] ssh3_w1-s1_r07 command_0 sample=80/100 command=5/5 status=completed latency_ms=84.176 complete=1
[LIVE] ssh3_w1-s1_r07 command_0 sample=90/100 command=5/5 status=completed latency_ms=62.900 complete=1
[LIVE] ssh3_w1-s1_r07 command_0 sample=100/100 command=5/5 status=completed latency_ms=67.498 complete=1
[RUN] 056/090 trial=mosh_w1-s4_r07 streams=4
[LIVE] mosh_w1-s4_r07 command_0 sample=1/100 command=1/5 status=completed latency_ms=146.190 complete=0
[LIVE] mosh_w1-s4_r07 command_3 sample=1/100 command=1/5 status=completed latency_ms=146.418 complete=0
[LIVE] mosh_w1-s4_r07 command_2 sample=1/100 command=1/5 status=completed latency_ms=224.380 complete=0
[LIVE] mosh_w1-s4_r07 command_1 sample=1/100 command=1/5 status=completed latency_ms=225.983 complete=0
[LIVE] mosh_w1-s4_r07 command_3 sample=10/100 command=5/5 status=completed latency_ms=72.580 complete=0
[LIVE] mosh_w1-s4_r07 command_2 sample=10/100 command=5/5 status=completed latency_ms=73.385 complete=0
[LIVE] mosh_w1-s4_r07 command_1 sample=10/100 command=5/5 status=completed latency_ms=131.649 complete=0
[LIVE] mosh_w1-s4_r07 command_1 sample=20/100 command=5/5 status=completed latency_ms=118.349 complete=0
[LIVE] mosh_w1-s4_r07 command_2 sample=20/100 command=5/5 status=completed latency_ms=118.186 complete=0
[LIVE] mosh_w1-s4_r07 command_3 sample=20/100 command=5/5 status=completed latency_ms=109.862 complete=0
[LIVE] mosh_w1-s4_r07 command_2 sample=30/100 command=5/5 status=completed latency_ms=88.925 complete=0
[LIVE] mosh_w1-s4_r07 command_1 sample=30/100 command=5/5 status=completed latency_ms=69.623 complete=0
[LIVE] mosh_w1-s4_r07 command_3 sample=30/100 command=5/5 status=completed latency_ms=341.584 complete=0
[LIVE] mosh_w1-s4_r07 command_2 sample=40/100 command=5/5 status=completed latency_ms=176.354 complete=0
[LIVE] mosh_w1-s4_r07 command_1 sample=40/100 command=5/5 status=completed latency_ms=144.677 complete=0
[LIVE] mosh_w1-s4_r07 command_3 sample=40/100 command=5/5 status=completed latency_ms=123.852 complete=0
[LIVE] mosh_w1-s4_r07 command_2 sample=50/100 command=5/5 status=completed latency_ms=403.664 complete=0
[LIVE] mosh_w1-s4_r07 command_1 sample=50/100 command=5/5 status=completed latency_ms=403.502 complete=0
[LIVE] mosh_w1-s4_r07 command_3 sample=50/100 command=5/5 status=completed latency_ms=135.109 complete=0
[LIVE] mosh_w1-s4_r07 command_2 sample=60/100 command=5/5 status=completed latency_ms=157.361 complete=0
[LIVE] mosh_w1-s4_r07 command_1 sample=60/100 command=5/5 status=completed latency_ms=183.676 complete=0
[LIVE] mosh_w1-s4_r07 command_3 sample=60/100 command=5/5 status=completed latency_ms=144.503 complete=0
[LIVE] mosh_w1-s4_r07 command_2 sample=70/100 command=5/5 status=completed latency_ms=328.547 complete=0
[LIVE] mosh_w1-s4_r07 command_3 sample=70/100 command=5/5 status=completed latency_ms=88.089 complete=0
[LIVE] mosh_w1-s4_r07 command_3 sample=80/100 command=5/5 status=completed latency_ms=82.341 complete=0
[LIVE] mosh_w1-s4_r07 command_3 sample=90/100 command=5/5 status=completed latency_ms=150.679 complete=0
[LIVE] mosh_w1-s4_r07 command_3 sample=100/100 command=5/5 status=completed latency_ms=88.977 complete=0
[LIVE] mosh_w1-s4_r07 command_0 sample=10/100 command=5/5 status=completed latency_ms=183.164 complete=0
[LIVE] mosh_w1-s4_r07 command_0 sample=20/100 command=5/5 status=completed latency_ms=85.231 complete=0
[LIVE] mosh_w1-s4_r07 command_0 sample=30/100 command=5/5 status=completed latency_ms=71.308 complete=0
[LIVE] mosh_w1-s4_r07 command_0 sample=40/100 command=5/5 status=completed latency_ms=83.132 complete=0
[LIVE] mosh_w1-s4_r07 command_0 sample=50/100 command=5/5 status=completed latency_ms=80.158 complete=0
[LIVE] mosh_w1-s4_r07 command_0 sample=60/100 command=5/5 status=completed latency_ms=69.611 complete=0
[LIVE] mosh_w1-s4_r07 command_0 sample=70/100 command=5/5 status=completed latency_ms=69.187 complete=0
[LIVE] mosh_w1-s4_r07 command_0 sample=80/100 command=5/5 status=completed latency_ms=77.712 complete=0
[LIVE] mosh_w1-s4_r07 command_0 sample=90/100 command=5/5 status=completed latency_ms=67.853 complete=0
[LIVE] mosh_w1-s4_r07 command_0 sample=100/100 command=5/5 status=completed latency_ms=77.005 complete=0
[LIVE] mosh_w1-s4_r07 command_1 sample=70/100 command=5/5 status=completed latency_ms=107.202 complete=0
[LIVE] mosh_w1-s4_r07 command_2 sample=80/100 command=5/5 status=completed latency_ms=328.860 complete=0
[LIVE] mosh_w1-s4_r07 command_1 sample=80/100 command=5/5 status=completed latency_ms=373.544 complete=0
[LIVE] mosh_w1-s4_r07 command_2 sample=90/100 command=5/5 status=completed latency_ms=142.470 complete=0
[LIVE] mosh_w1-s4_r07 command_1 sample=90/100 command=5/5 status=completed latency_ms=385.499 complete=0
[LIVE] mosh_w1-s4_r07 command_1 sample=100/100 command=5/5 status=completed latency_ms=67.636 complete=0
[LIVE] mosh_w1-s4_r07 command_2 sample=100/100 command=5/5 status=completed latency_ms=67.445 complete=0
[RUN] 057/090 trial=ssh3_w1-s4_r07 streams=4
[LIVE] ssh3_w1-s4_r07 command_2 sample=1/100 command=1/5 status=completed latency_ms=61.447 complete=1
[LIVE] ssh3_w1-s4_r07 command_1 sample=1/100 command=1/5 status=completed latency_ms=64.709 complete=1
[LIVE] ssh3_w1-s4_r07 command_0 sample=1/100 command=1/5 status=completed latency_ms=76.466 complete=1
[LIVE] ssh3_w1-s4_r07 command_3 sample=1/100 command=1/5 status=completed latency_ms=107.019 complete=1
[LIVE] ssh3_w1-s4_r07 command_2 sample=10/100 command=5/5 status=completed latency_ms=59.058 complete=1
[LIVE] ssh3_w1-s4_r07 command_1 sample=10/100 command=5/5 status=completed latency_ms=94.162 complete=1
[LIVE] ssh3_w1-s4_r07 command_0 sample=10/100 command=5/5 status=completed latency_ms=34.652 complete=1
[LIVE] ssh3_w1-s4_r07 command_3 sample=10/100 command=5/5 status=completed latency_ms=105.615 complete=1
[LIVE] ssh3_w1-s4_r07 command_1 sample=20/100 command=5/5 status=completed latency_ms=61.472 complete=1
[LIVE] ssh3_w1-s4_r07 command_2 sample=20/100 command=5/5 status=completed latency_ms=86.604 complete=1
[LIVE] ssh3_w1-s4_r07 command_0 sample=20/100 command=5/5 status=completed latency_ms=55.000 complete=1
[LIVE] ssh3_w1-s4_r07 command_3 sample=20/100 command=5/5 status=completed latency_ms=39.847 complete=1
[LIVE] ssh3_w1-s4_r07 command_1 sample=30/100 command=5/5 status=completed latency_ms=71.749 complete=1
[LIVE] ssh3_w1-s4_r07 command_0 sample=30/100 command=5/5 status=completed latency_ms=68.763 complete=1
[LIVE] ssh3_w1-s4_r07 command_2 sample=30/100 command=5/5 status=completed latency_ms=64.397 complete=1
[LIVE] ssh3_w1-s4_r07 command_3 sample=30/100 command=5/5 status=completed latency_ms=65.937 complete=1
[LIVE] ssh3_w1-s4_r07 command_1 sample=40/100 command=5/5 status=completed latency_ms=62.502 complete=1
[LIVE] ssh3_w1-s4_r07 command_0 sample=40/100 command=5/5 status=completed latency_ms=60.640 complete=1
[LIVE] ssh3_w1-s4_r07 command_2 sample=40/100 command=5/5 status=completed latency_ms=47.098 complete=1
[LIVE] ssh3_w1-s4_r07 command_3 sample=40/100 command=5/5 status=completed latency_ms=44.091 complete=1
[LIVE] ssh3_w1-s4_r07 command_2 sample=50/100 command=5/5 status=completed latency_ms=80.688 complete=1
[LIVE] ssh3_w1-s4_r07 command_0 sample=50/100 command=5/5 status=completed latency_ms=57.882 complete=1
[LIVE] ssh3_w1-s4_r07 command_1 sample=50/100 command=5/5 status=completed latency_ms=68.254 complete=1
[LIVE] ssh3_w1-s4_r07 command_3 sample=50/100 command=5/5 status=completed latency_ms=53.668 complete=1
[LIVE] ssh3_w1-s4_r07 command_1 sample=60/100 command=5/5 status=completed latency_ms=56.301 complete=1
[LIVE] ssh3_w1-s4_r07 command_2 sample=60/100 command=5/5 status=completed latency_ms=55.741 complete=1
[LIVE] ssh3_w1-s4_r07 command_0 sample=60/100 command=5/5 status=completed latency_ms=50.765 complete=1
[LIVE] ssh3_w1-s4_r07 command_3 sample=60/100 command=5/5 status=completed latency_ms=99.283 complete=1
[LIVE] ssh3_w1-s4_r07 command_2 sample=70/100 command=5/5 status=completed latency_ms=57.209 complete=1
[LIVE] ssh3_w1-s4_r07 command_1 sample=70/100 command=5/5 status=completed latency_ms=75.092 complete=1
[LIVE] ssh3_w1-s4_r07 command_0 sample=70/100 command=5/5 status=completed latency_ms=45.523 complete=1
[LIVE] ssh3_w1-s4_r07 command_3 sample=70/100 command=5/5 status=completed latency_ms=42.373 complete=1
[LIVE] ssh3_w1-s4_r07 command_2 sample=80/100 command=5/5 status=completed latency_ms=75.836 complete=1
[LIVE] ssh3_w1-s4_r07 command_1 sample=80/100 command=5/5 status=completed latency_ms=45.933 complete=1
[LIVE] ssh3_w1-s4_r07 command_0 sample=80/100 command=5/5 status=completed latency_ms=63.432 complete=1
[LIVE] ssh3_w1-s4_r07 command_3 sample=80/100 command=5/5 status=completed latency_ms=34.678 complete=1
[LIVE] ssh3_w1-s4_r07 command_1 sample=90/100 command=5/5 status=completed latency_ms=64.477 complete=1
[LIVE] ssh3_w1-s4_r07 command_2 sample=90/100 command=5/5 status=completed latency_ms=59.796 complete=1
[LIVE] ssh3_w1-s4_r07 command_0 sample=90/100 command=5/5 status=completed latency_ms=64.818 complete=1
[LIVE] ssh3_w1-s4_r07 command_3 sample=90/100 command=5/5 status=completed latency_ms=97.944 complete=1
[LIVE] ssh3_w1-s4_r07 command_0 sample=100/100 command=5/5 status=completed latency_ms=68.878 complete=1
[LIVE] ssh3_w1-s4_r07 command_1 sample=100/100 command=5/5 status=completed latency_ms=111.897 complete=1
[LIVE] ssh3_w1-s4_r07 command_2 sample=100/100 command=5/5 status=completed latency_ms=22.879 complete=1
[LIVE] ssh3_w1-s4_r07 command_3 sample=100/100 command=5/5 status=completed latency_ms=47.011 complete=1
[RUN] 058/090 trial=mosh_w1-s1_r07 streams=1
[LIVE] mosh_w1-s1_r07 command_0 sample=1/100 command=1/5 status=completed latency_ms=127.187 complete=0
[LIVE] mosh_w1-s1_r07 command_0 sample=10/100 command=5/5 status=completed latency_ms=55.307 complete=0
[LIVE] mosh_w1-s1_r07 command_0 sample=20/100 command=5/5 status=completed latency_ms=74.876 complete=0
[LIVE] mosh_w1-s1_r07 command_0 sample=30/100 command=5/5 status=completed latency_ms=92.903 complete=0
[LIVE] mosh_w1-s1_r07 command_0 sample=40/100 command=5/5 status=completed latency_ms=50.105 complete=0
[LIVE] mosh_w1-s1_r07 command_0 sample=50/100 command=5/5 status=completed latency_ms=110.537 complete=0
[LIVE] mosh_w1-s1_r07 command_0 sample=60/100 command=5/5 status=completed latency_ms=57.332 complete=0
[LIVE] mosh_w1-s1_r07 command_0 sample=70/100 command=5/5 status=completed latency_ms=59.471 complete=0
[LIVE] mosh_w1-s1_r07 command_0 sample=80/100 command=5/5 status=completed latency_ms=100.862 complete=0
[LIVE] mosh_w1-s1_r07 command_0 sample=90/100 command=5/5 status=completed latency_ms=86.760 complete=0
[LIVE] mosh_w1-s1_r07 command_0 sample=100/100 command=5/5 status=completed latency_ms=85.752 complete=0
[RUN] 059/090 trial=mosh_w1-s2_r07 streams=2
[LIVE] mosh_w1-s2_r07 command_1 sample=1/100 command=1/5 status=completed latency_ms=168.784 complete=0
[LIVE] mosh_w1-s2_r07 command_0 sample=1/100 command=1/5 status=completed latency_ms=168.609 complete=0
[LIVE] mosh_w1-s2_r07 command_1 sample=10/100 command=5/5 status=completed latency_ms=95.984 complete=0
[LIVE] mosh_w1-s2_r07 command_1 sample=20/100 command=5/5 status=completed latency_ms=79.005 complete=0
[LIVE] mosh_w1-s2_r07 command_1 sample=30/100 command=5/5 status=completed latency_ms=133.458 complete=0
[LIVE] mosh_w1-s2_r07 command_1 sample=40/100 command=5/5 status=completed latency_ms=75.779 complete=0
[LIVE] mosh_w1-s2_r07 command_1 sample=50/100 command=5/5 status=completed latency_ms=89.794 complete=0
[LIVE] mosh_w1-s2_r07 command_1 sample=60/100 command=5/5 status=completed latency_ms=59.344 complete=0
[LIVE] mosh_w1-s2_r07 command_1 sample=70/100 command=5/5 status=completed latency_ms=59.735 complete=0
[LIVE] mosh_w1-s2_r07 command_1 sample=80/100 command=5/5 status=completed latency_ms=107.872 complete=0
[LIVE] mosh_w1-s2_r07 command_1 sample=90/100 command=5/5 status=completed latency_ms=39.255 complete=0
[LIVE] mosh_w1-s2_r07 command_1 sample=100/100 command=5/5 status=completed latency_ms=105.862 complete=0
[LIVE] mosh_w1-s2_r07 command_0 sample=10/100 command=5/5 status=completed latency_ms=93.723 complete=0
[LIVE] mosh_w1-s2_r07 command_0 sample=20/100 command=5/5 status=completed latency_ms=89.440 complete=0
[LIVE] mosh_w1-s2_r07 command_0 sample=30/100 command=5/5 status=completed latency_ms=51.363 complete=0
[LIVE] mosh_w1-s2_r07 command_0 sample=40/100 command=5/5 status=completed latency_ms=87.161 complete=0
[LIVE] mosh_w1-s2_r07 command_0 sample=50/100 command=5/5 status=completed latency_ms=40.990 complete=0
[LIVE] mosh_w1-s2_r07 command_0 sample=60/100 command=5/5 status=completed latency_ms=91.491 complete=0
[LIVE] mosh_w1-s2_r07 command_0 sample=70/100 command=5/5 status=completed latency_ms=606.111 complete=0
[LIVE] mosh_w1-s2_r07 command_0 sample=80/100 command=5/5 status=completed latency_ms=69.454 complete=0
[LIVE] mosh_w1-s2_r07 command_0 sample=90/100 command=5/5 status=completed latency_ms=140.147 complete=0
[LIVE] mosh_w1-s2_r07 command_0 sample=100/100 command=5/5 status=completed latency_ms=69.239 complete=0
[RUN] 060/090 trial=ssh_w1-s1_r07 streams=1
[LIVE] ssh_w1-s1_r07 command_0 sample=1/100 command=1/5 status=completed latency_ms=48.928 complete=1
[LIVE] ssh_w1-s1_r07 command_0 sample=10/100 command=5/5 status=completed latency_ms=33.778 complete=1
[LIVE] ssh_w1-s1_r07 command_0 sample=20/100 command=5/5 status=completed latency_ms=69.108 complete=1
[LIVE] ssh_w1-s1_r07 command_0 sample=30/100 command=5/5 status=completed latency_ms=89.362 complete=1
[LIVE] ssh_w1-s1_r07 command_0 sample=40/100 command=5/5 status=completed latency_ms=47.482 complete=1
[LIVE] ssh_w1-s1_r07 command_0 sample=50/100 command=5/5 status=completed latency_ms=77.735 complete=1
[LIVE] ssh_w1-s1_r07 command_0 sample=60/100 command=5/5 status=completed latency_ms=33.411 complete=1
[LIVE] ssh_w1-s1_r07 command_0 sample=70/100 command=5/5 status=completed latency_ms=85.782 complete=1
[LIVE] ssh_w1-s1_r07 command_0 sample=80/100 command=5/5 status=completed latency_ms=65.489 complete=1
[LIVE] ssh_w1-s1_r07 command_0 sample=90/100 command=5/5 status=completed latency_ms=84.161 complete=1
[LIVE] ssh_w1-s1_r07 command_0 sample=100/100 command=5/5 status=completed latency_ms=192.251 complete=1
[RUN] 061/090 trial=ssh_w1-s2_r07 streams=2
[LIVE] ssh_w1-s2_r07 command_1 sample=1/100 command=1/5 status=completed latency_ms=54.298 complete=1
[LIVE] ssh_w1-s2_r07 command_0 sample=1/100 command=1/5 status=completed latency_ms=75.788 complete=1
[LIVE] ssh_w1-s2_r07 command_1 sample=10/100 command=5/5 status=completed latency_ms=70.372 complete=1
[LIVE] ssh_w1-s2_r07 command_0 sample=10/100 command=5/5 status=completed latency_ms=68.987 complete=1
[LIVE] ssh_w1-s2_r07 command_0 sample=20/100 command=5/5 status=completed latency_ms=91.317 complete=1
[LIVE] ssh_w1-s2_r07 command_1 sample=20/100 command=5/5 status=completed latency_ms=91.866 complete=1
[LIVE] ssh_w1-s2_r07 command_0 sample=30/100 command=5/5 status=completed latency_ms=103.250 complete=1
[LIVE] ssh_w1-s2_r07 command_1 sample=30/100 command=5/5 status=completed latency_ms=132.498 complete=1
[LIVE] ssh_w1-s2_r07 command_0 sample=40/100 command=5/5 status=completed latency_ms=52.098 complete=1
[LIVE] ssh_w1-s2_r07 command_1 sample=40/100 command=5/5 status=completed latency_ms=87.704 complete=1
[LIVE] ssh_w1-s2_r07 command_0 sample=50/100 command=5/5 status=completed latency_ms=67.240 complete=1
[LIVE] ssh_w1-s2_r07 command_1 sample=50/100 command=5/5 status=completed latency_ms=98.391 complete=1
[LIVE] ssh_w1-s2_r07 command_0 sample=60/100 command=5/5 status=completed latency_ms=90.849 complete=1
[LIVE] ssh_w1-s2_r07 command_1 sample=60/100 command=5/5 status=completed latency_ms=44.582 complete=1
[LIVE] ssh_w1-s2_r07 command_0 sample=70/100 command=5/5 status=completed latency_ms=379.002 complete=1
[LIVE] ssh_w1-s2_r07 command_1 sample=70/100 command=5/5 status=completed latency_ms=84.106 complete=1
[LIVE] ssh_w1-s2_r07 command_0 sample=80/100 command=5/5 status=completed latency_ms=104.197 complete=1
[LIVE] ssh_w1-s2_r07 command_1 sample=80/100 command=5/5 status=completed latency_ms=80.334 complete=1
[LIVE] ssh_w1-s2_r07 command_0 sample=90/100 command=5/5 status=completed latency_ms=131.275 complete=1
[LIVE] ssh_w1-s2_r07 command_1 sample=90/100 command=5/5 status=completed latency_ms=150.848 complete=1
[LIVE] ssh_w1-s2_r07 command_0 sample=100/100 command=5/5 status=completed latency_ms=49.255 complete=1
[LIVE] ssh_w1-s2_r07 command_1 sample=100/100 command=5/5 status=completed latency_ms=85.183 complete=1
[RUN] 062/090 trial=ssh3_w1-s2_r07 streams=2
[LIVE] ssh3_w1-s2_r07 command_1 sample=1/100 command=1/5 status=completed latency_ms=61.508 complete=1
[LIVE] ssh3_w1-s2_r07 command_0 sample=1/100 command=1/5 status=completed latency_ms=74.705 complete=1
[LIVE] ssh3_w1-s2_r07 command_1 sample=10/100 command=5/5 status=completed latency_ms=75.934 complete=1
[LIVE] ssh3_w1-s2_r07 command_0 sample=10/100 command=5/5 status=completed latency_ms=112.901 complete=1
[LIVE] ssh3_w1-s2_r07 command_1 sample=20/100 command=5/5 status=completed latency_ms=79.183 complete=1
[LIVE] ssh3_w1-s2_r07 command_0 sample=20/100 command=5/5 status=completed latency_ms=80.906 complete=1
[LIVE] ssh3_w1-s2_r07 command_1 sample=30/100 command=5/5 status=completed latency_ms=76.348 complete=1
[LIVE] ssh3_w1-s2_r07 command_0 sample=30/100 command=5/5 status=completed latency_ms=48.793 complete=1
[LIVE] ssh3_w1-s2_r07 command_1 sample=40/100 command=5/5 status=completed latency_ms=41.395 complete=1
[LIVE] ssh3_w1-s2_r07 command_0 sample=40/100 command=5/5 status=completed latency_ms=30.471 complete=1
[LIVE] ssh3_w1-s2_r07 command_0 sample=50/100 command=5/5 status=completed latency_ms=90.046 complete=1
[LIVE] ssh3_w1-s2_r07 command_1 sample=50/100 command=5/5 status=completed latency_ms=62.837 complete=1
[LIVE] ssh3_w1-s2_r07 command_0 sample=60/100 command=5/5 status=completed latency_ms=68.264 complete=1
[LIVE] ssh3_w1-s2_r07 command_1 sample=60/100 command=5/5 status=completed latency_ms=57.010 complete=1
[LIVE] ssh3_w1-s2_r07 command_0 sample=70/100 command=5/5 status=completed latency_ms=34.102 complete=1
[LIVE] ssh3_w1-s2_r07 command_1 sample=70/100 command=5/5 status=completed latency_ms=125.940 complete=1
[LIVE] ssh3_w1-s2_r07 command_0 sample=80/100 command=5/5 status=completed latency_ms=71.763 complete=1
[LIVE] ssh3_w1-s2_r07 command_1 sample=80/100 command=5/5 status=completed latency_ms=49.624 complete=1
[LIVE] ssh3_w1-s2_r07 command_0 sample=90/100 command=5/5 status=completed latency_ms=71.310 complete=1
[LIVE] ssh3_w1-s2_r07 command_1 sample=90/100 command=5/5 status=completed latency_ms=42.432 complete=1
[LIVE] ssh3_w1-s2_r07 command_0 sample=100/100 command=5/5 status=completed latency_ms=42.223 complete=1
[LIVE] ssh3_w1-s2_r07 command_1 sample=100/100 command=5/5 status=completed latency_ms=54.517 complete=1
[RUN] 063/090 trial=ssh_w1-s4_r07 streams=4
[LIVE] ssh_w1-s4_r07 command_3 sample=1/100 command=1/5 status=completed latency_ms=98.188 complete=1
[LIVE] ssh_w1-s4_r07 command_2 sample=1/100 command=1/5 status=completed latency_ms=98.196 complete=1
[LIVE] ssh_w1-s4_r07 command_0 sample=1/100 command=1/5 status=completed latency_ms=119.307 complete=1
[LIVE] ssh_w1-s4_r07 command_1 sample=1/100 command=1/5 status=completed latency_ms=120.379 complete=1
[LIVE] ssh_w1-s4_r07 command_3 sample=10/100 command=5/5 status=completed latency_ms=84.079 complete=1
[LIVE] ssh_w1-s4_r07 command_1 sample=10/100 command=5/5 status=completed latency_ms=57.915 complete=1
[LIVE] ssh_w1-s4_r07 command_2 sample=10/100 command=5/5 status=completed latency_ms=99.790 complete=1
[LIVE] ssh_w1-s4_r07 command_0 sample=10/100 command=5/5 status=completed latency_ms=102.491 complete=1
[LIVE] ssh_w1-s4_r07 command_3 sample=20/100 command=5/5 status=completed latency_ms=145.997 complete=1
[LIVE] ssh_w1-s4_r07 command_2 sample=20/100 command=5/5 status=completed latency_ms=108.002 complete=1
[LIVE] ssh_w1-s4_r07 command_1 sample=20/100 command=5/5 status=completed latency_ms=58.776 complete=1
[LIVE] ssh_w1-s4_r07 command_0 sample=20/100 command=5/5 status=completed latency_ms=56.129 complete=1
[LIVE] ssh_w1-s4_r07 command_3 sample=30/100 command=5/5 status=completed latency_ms=78.672 complete=1
[LIVE] ssh_w1-s4_r07 command_1 sample=30/100 command=5/5 status=completed latency_ms=67.041 complete=1
[LIVE] ssh_w1-s4_r07 command_2 sample=30/100 command=5/5 status=completed latency_ms=80.061 complete=1
[LIVE] ssh_w1-s4_r07 command_0 sample=30/100 command=5/5 status=completed latency_ms=88.953 complete=1
[LIVE] ssh_w1-s4_r07 command_2 sample=40/100 command=5/5 status=completed latency_ms=100.964 complete=1
[LIVE] ssh_w1-s4_r07 command_1 sample=40/100 command=5/5 status=completed latency_ms=121.434 complete=1
[LIVE] ssh_w1-s4_r07 command_3 sample=40/100 command=5/5 status=completed latency_ms=112.458 complete=1
[LIVE] ssh_w1-s4_r07 command_0 sample=40/100 command=5/5 status=completed latency_ms=98.969 complete=1
[LIVE] ssh_w1-s4_r07 command_3 sample=50/100 command=5/5 status=completed latency_ms=83.183 complete=1
[LIVE] ssh_w1-s4_r07 command_2 sample=50/100 command=5/5 status=completed latency_ms=81.291 complete=1
[LIVE] ssh_w1-s4_r07 command_1 sample=50/100 command=5/5 status=completed latency_ms=61.386 complete=1
[LIVE] ssh_w1-s4_r07 command_0 sample=50/100 command=5/5 status=completed latency_ms=85.584 complete=1
[LIVE] ssh_w1-s4_r07 command_2 sample=60/100 command=5/5 status=completed latency_ms=88.677 complete=1
[LIVE] ssh_w1-s4_r07 command_3 sample=60/100 command=5/5 status=completed latency_ms=81.174 complete=1
[LIVE] ssh_w1-s4_r07 command_1 sample=60/100 command=5/5 status=completed latency_ms=101.359 complete=1
[LIVE] ssh_w1-s4_r07 command_0 sample=60/100 command=5/5 status=completed latency_ms=55.310 complete=1
[LIVE] ssh_w1-s4_r07 command_2 sample=70/100 command=5/5 status=completed latency_ms=74.313 complete=1
[LIVE] ssh_w1-s4_r07 command_3 sample=70/100 command=5/5 status=completed latency_ms=60.654 complete=1
[LIVE] ssh_w1-s4_r07 command_0 sample=70/100 command=5/5 status=completed latency_ms=69.221 complete=1
[LIVE] ssh_w1-s4_r07 command_1 sample=70/100 command=5/5 status=completed latency_ms=117.334 complete=1
[LIVE] ssh_w1-s4_r07 command_2 sample=80/100 command=5/5 status=completed latency_ms=102.899 complete=1
[LIVE] ssh_w1-s4_r07 command_3 sample=80/100 command=5/5 status=completed latency_ms=100.905 complete=1
[LIVE] ssh_w1-s4_r07 command_0 sample=80/100 command=5/5 status=completed latency_ms=68.657 complete=1
[LIVE] ssh_w1-s4_r07 command_1 sample=80/100 command=5/5 status=completed latency_ms=66.998 complete=1
[LIVE] ssh_w1-s4_r07 command_2 sample=90/100 command=5/5 status=completed latency_ms=61.048 complete=1
[LIVE] ssh_w1-s4_r07 command_3 sample=90/100 command=5/5 status=completed latency_ms=70.405 complete=1
[LIVE] ssh_w1-s4_r07 command_0 sample=90/100 command=5/5 status=completed latency_ms=112.295 complete=1
[LIVE] ssh_w1-s4_r07 command_1 sample=90/100 command=5/5 status=completed latency_ms=57.792 complete=1
[LIVE] ssh_w1-s4_r07 command_2 sample=100/100 command=5/5 status=completed latency_ms=139.220 complete=1
[LIVE] ssh_w1-s4_r07 command_3 sample=100/100 command=5/5 status=completed latency_ms=68.551 complete=1
[LIVE] ssh_w1-s4_r07 command_1 sample=100/100 command=5/5 status=completed latency_ms=49.570 complete=1
[LIVE] ssh_w1-s4_r07 command_0 sample=100/100 command=5/5 status=completed latency_ms=74.309 complete=1
[RUN] 064/090 trial=ssh3_w1-s1_r08 streams=1
[LIVE] ssh3_w1-s1_r08 command_0 sample=1/100 command=1/5 status=completed latency_ms=70.765 complete=1
[LIVE] ssh3_w1-s1_r08 command_0 sample=10/100 command=5/5 status=completed latency_ms=39.285 complete=1
[LIVE] ssh3_w1-s1_r08 command_0 sample=20/100 command=5/5 status=completed latency_ms=69.779 complete=1
[LIVE] ssh3_w1-s1_r08 command_0 sample=30/100 command=5/5 status=completed latency_ms=50.727 complete=1
[LIVE] ssh3_w1-s1_r08 command_0 sample=40/100 command=5/5 status=completed latency_ms=69.663 complete=1
[LIVE] ssh3_w1-s1_r08 command_0 sample=50/100 command=5/5 status=completed latency_ms=29.616 complete=1
[LIVE] ssh3_w1-s1_r08 command_0 sample=60/100 command=5/5 status=completed latency_ms=55.506 complete=1
[LIVE] ssh3_w1-s1_r08 command_0 sample=70/100 command=5/5 status=completed latency_ms=46.483 complete=1
[LIVE] ssh3_w1-s1_r08 command_0 sample=80/100 command=5/5 status=completed latency_ms=65.944 complete=1
[LIVE] ssh3_w1-s1_r08 command_0 sample=90/100 command=5/5 status=completed latency_ms=47.227 complete=1
[LIVE] ssh3_w1-s1_r08 command_0 sample=100/100 command=5/5 status=completed latency_ms=125.653 complete=1
[RUN] 065/090 trial=ssh_w1-s4_r08 streams=4
[LIVE] ssh_w1-s4_r08 command_3 sample=1/100 command=1/5 status=completed latency_ms=31.784 complete=1
[LIVE] ssh_w1-s4_r08 command_1 sample=1/100 command=1/5 status=completed latency_ms=74.424 complete=1
[LIVE] ssh_w1-s4_r08 command_0 sample=1/100 command=1/5 status=completed latency_ms=81.573 complete=1
[LIVE] ssh_w1-s4_r08 command_2 sample=1/100 command=1/5 status=completed latency_ms=82.757 complete=1
[LIVE] ssh_w1-s4_r08 command_1 sample=10/100 command=5/5 status=completed latency_ms=88.441 complete=1
[LIVE] ssh_w1-s4_r08 command_0 sample=10/100 command=5/5 status=completed latency_ms=89.007 complete=1
[LIVE] ssh_w1-s4_r08 command_3 sample=10/100 command=5/5 status=completed latency_ms=76.158 complete=1
[LIVE] ssh_w1-s4_r08 command_2 sample=10/100 command=5/5 status=completed latency_ms=76.360 complete=1
[LIVE] ssh_w1-s4_r08 command_0 sample=20/100 command=5/5 status=completed latency_ms=154.227 complete=1
[LIVE] ssh_w1-s4_r08 command_2 sample=20/100 command=5/5 status=completed latency_ms=50.765 complete=1
[LIVE] ssh_w1-s4_r08 command_1 sample=20/100 command=5/5 status=completed latency_ms=57.948 complete=1
[LIVE] ssh_w1-s4_r08 command_3 sample=20/100 command=5/5 status=completed latency_ms=97.189 complete=1
[LIVE] ssh_w1-s4_r08 command_0 sample=30/100 command=5/5 status=completed latency_ms=51.479 complete=1
[LIVE] ssh_w1-s4_r08 command_1 sample=30/100 command=5/5 status=completed latency_ms=86.891 complete=1
[LIVE] ssh_w1-s4_r08 command_2 sample=30/100 command=5/5 status=completed latency_ms=104.559 complete=1
[LIVE] ssh_w1-s4_r08 command_3 sample=30/100 command=5/5 status=completed latency_ms=109.867 complete=1
[LIVE] ssh_w1-s4_r08 command_0 sample=40/100 command=5/5 status=completed latency_ms=67.971 complete=1
[LIVE] ssh_w1-s4_r08 command_1 sample=40/100 command=5/5 status=completed latency_ms=353.927 complete=1
[LIVE] ssh_w1-s4_r08 command_2 sample=40/100 command=5/5 status=completed latency_ms=95.599 complete=1
[LIVE] ssh_w1-s4_r08 command_3 sample=40/100 command=5/5 status=completed latency_ms=51.414 complete=1
[LIVE] ssh_w1-s4_r08 command_0 sample=50/100 command=5/5 status=completed latency_ms=71.197 complete=1
[LIVE] ssh_w1-s4_r08 command_1 sample=50/100 command=5/5 status=completed latency_ms=37.692 complete=1
[LIVE] ssh_w1-s4_r08 command_2 sample=50/100 command=5/5 status=completed latency_ms=87.576 complete=1
[LIVE] ssh_w1-s4_r08 command_3 sample=50/100 command=5/5 status=completed latency_ms=48.906 complete=1
[LIVE] ssh_w1-s4_r08 command_0 sample=60/100 command=5/5 status=completed latency_ms=50.295 complete=1
[LIVE] ssh_w1-s4_r08 command_1 sample=60/100 command=5/5 status=completed latency_ms=307.623 complete=1
[LIVE] ssh_w1-s4_r08 command_2 sample=60/100 command=5/5 status=completed latency_ms=69.525 complete=1
[LIVE] ssh_w1-s4_r08 command_3 sample=60/100 command=5/5 status=completed latency_ms=63.194 complete=1
[LIVE] ssh_w1-s4_r08 command_0 sample=70/100 command=5/5 status=completed latency_ms=82.490 complete=1
[LIVE] ssh_w1-s4_r08 command_1 sample=70/100 command=5/5 status=completed latency_ms=74.516 complete=1
[LIVE] ssh_w1-s4_r08 command_2 sample=70/100 command=5/5 status=completed latency_ms=116.445 complete=1
[LIVE] ssh_w1-s4_r08 command_3 sample=70/100 command=5/5 status=completed latency_ms=116.073 complete=1
[LIVE] ssh_w1-s4_r08 command_0 sample=80/100 command=5/5 status=completed latency_ms=76.410 complete=1
[LIVE] ssh_w1-s4_r08 command_1 sample=80/100 command=5/5 status=completed latency_ms=77.799 complete=1
[LIVE] ssh_w1-s4_r08 command_2 sample=80/100 command=5/5 status=completed latency_ms=82.367 complete=1
[LIVE] ssh_w1-s4_r08 command_3 sample=80/100 command=5/5 status=completed latency_ms=98.201 complete=1
[LIVE] ssh_w1-s4_r08 command_0 sample=90/100 command=5/5 status=completed latency_ms=109.820 complete=1
[LIVE] ssh_w1-s4_r08 command_1 sample=90/100 command=5/5 status=completed latency_ms=99.628 complete=1
[LIVE] ssh_w1-s4_r08 command_2 sample=90/100 command=5/5 status=completed latency_ms=44.114 complete=1
[LIVE] ssh_w1-s4_r08 command_3 sample=90/100 command=5/5 status=completed latency_ms=69.039 complete=1
[LIVE] ssh_w1-s4_r08 command_0 sample=100/100 command=5/5 status=completed latency_ms=106.076 complete=1
[LIVE] ssh_w1-s4_r08 command_1 sample=100/100 command=5/5 status=completed latency_ms=52.061 complete=1
[LIVE] ssh_w1-s4_r08 command_2 sample=100/100 command=5/5 status=completed latency_ms=106.029 complete=1
[LIVE] ssh_w1-s4_r08 command_3 sample=100/100 command=5/5 status=completed latency_ms=77.619 complete=1
[RUN] 066/090 trial=ssh_w1-s1_r08 streams=1
[LIVE] ssh_w1-s1_r08 command_0 sample=1/100 command=1/5 status=completed latency_ms=77.011 complete=1
[LIVE] ssh_w1-s1_r08 command_0 sample=10/100 command=5/5 status=completed latency_ms=45.750 complete=1
[LIVE] ssh_w1-s1_r08 command_0 sample=20/100 command=5/5 status=completed latency_ms=71.681 complete=1
[LIVE] ssh_w1-s1_r08 command_0 sample=30/100 command=5/5 status=completed latency_ms=84.414 complete=1
[LIVE] ssh_w1-s1_r08 command_0 sample=40/100 command=5/5 status=completed latency_ms=333.581 complete=1
[LIVE] ssh_w1-s1_r08 command_0 sample=50/100 command=5/5 status=completed latency_ms=355.888 complete=1
[LIVE] ssh_w1-s1_r08 command_0 sample=60/100 command=5/5 status=completed latency_ms=46.495 complete=1
[LIVE] ssh_w1-s1_r08 command_0 sample=70/100 command=5/5 status=completed latency_ms=46.942 complete=1
[LIVE] ssh_w1-s1_r08 command_0 sample=80/100 command=5/5 status=completed latency_ms=25.243 complete=1
[LIVE] ssh_w1-s1_r08 command_0 sample=90/100 command=5/5 status=completed latency_ms=49.307 complete=1
[LIVE] ssh_w1-s1_r08 command_0 sample=100/100 command=5/5 status=completed latency_ms=56.742 complete=1
[RUN] 067/090 trial=ssh3_w1-s4_r08 streams=4
[LIVE] ssh3_w1-s4_r08 command_3 sample=1/100 command=1/5 status=completed latency_ms=57.926 complete=1
[LIVE] ssh3_w1-s4_r08 command_0 sample=1/100 command=1/5 status=completed latency_ms=59.067 complete=1
[LIVE] ssh3_w1-s4_r08 command_1 sample=1/100 command=1/5 status=completed latency_ms=72.068 complete=1
[LIVE] ssh3_w1-s4_r08 command_2 sample=1/100 command=1/5 status=completed latency_ms=74.246 complete=1
[LIVE] ssh3_w1-s4_r08 command_1 sample=10/100 command=5/5 status=completed latency_ms=29.078 complete=1
[LIVE] ssh3_w1-s4_r08 command_3 sample=10/100 command=5/5 status=completed latency_ms=44.848 complete=1
[LIVE] ssh3_w1-s4_r08 command_2 sample=10/100 command=5/5 status=completed latency_ms=64.445 complete=1
[LIVE] ssh3_w1-s4_r08 command_0 sample=10/100 command=5/5 status=completed latency_ms=43.560 complete=1
[LIVE] ssh3_w1-s4_r08 command_1 sample=20/100 command=5/5 status=completed latency_ms=82.500 complete=1
[LIVE] ssh3_w1-s4_r08 command_3 sample=20/100 command=5/5 status=completed latency_ms=73.575 complete=1
[LIVE] ssh3_w1-s4_r08 command_0 sample=20/100 command=5/5 status=completed latency_ms=26.148 complete=1
[LIVE] ssh3_w1-s4_r08 command_2 sample=20/100 command=5/5 status=completed latency_ms=68.631 complete=1
[LIVE] ssh3_w1-s4_r08 command_1 sample=30/100 command=5/5 status=completed latency_ms=83.451 complete=1
[LIVE] ssh3_w1-s4_r08 command_0 sample=30/100 command=5/5 status=completed latency_ms=31.725 complete=1
[LIVE] ssh3_w1-s4_r08 command_2 sample=30/100 command=5/5 status=completed latency_ms=50.732 complete=1
[LIVE] ssh3_w1-s4_r08 command_3 sample=30/100 command=5/5 status=completed latency_ms=59.111 complete=1
[LIVE] ssh3_w1-s4_r08 command_1 sample=40/100 command=5/5 status=completed latency_ms=56.436 complete=1
[LIVE] ssh3_w1-s4_r08 command_0 sample=40/100 command=5/5 status=completed latency_ms=50.489 complete=1
[LIVE] ssh3_w1-s4_r08 command_2 sample=40/100 command=5/5 status=completed latency_ms=75.152 complete=1
[LIVE] ssh3_w1-s4_r08 command_3 sample=40/100 command=5/5 status=completed latency_ms=61.720 complete=1
[LIVE] ssh3_w1-s4_r08 command_0 sample=50/100 command=5/5 status=completed latency_ms=46.909 complete=1
[LIVE] ssh3_w1-s4_r08 command_1 sample=50/100 command=5/5 status=completed latency_ms=55.944 complete=1
[LIVE] ssh3_w1-s4_r08 command_2 sample=50/100 command=5/5 status=completed latency_ms=45.528 complete=1
[LIVE] ssh3_w1-s4_r08 command_3 sample=50/100 command=5/5 status=completed latency_ms=55.396 complete=1
[LIVE] ssh3_w1-s4_r08 command_1 sample=60/100 command=5/5 status=completed latency_ms=51.482 complete=1
[LIVE] ssh3_w1-s4_r08 command_0 sample=60/100 command=5/5 status=completed latency_ms=71.087 complete=1
[LIVE] ssh3_w1-s4_r08 command_2 sample=60/100 command=5/5 status=completed latency_ms=31.295 complete=1
[LIVE] ssh3_w1-s4_r08 command_3 sample=60/100 command=5/5 status=completed latency_ms=80.633 complete=1
[LIVE] ssh3_w1-s4_r08 command_1 sample=70/100 command=5/5 status=completed latency_ms=55.033 complete=1
[LIVE] ssh3_w1-s4_r08 command_0 sample=70/100 command=5/5 status=completed latency_ms=72.729 complete=1
[LIVE] ssh3_w1-s4_r08 command_2 sample=70/100 command=5/5 status=completed latency_ms=56.083 complete=1
[LIVE] ssh3_w1-s4_r08 command_3 sample=70/100 command=5/5 status=completed latency_ms=61.690 complete=1
[LIVE] ssh3_w1-s4_r08 command_1 sample=80/100 command=5/5 status=completed latency_ms=50.466 complete=1
[LIVE] ssh3_w1-s4_r08 command_0 sample=80/100 command=5/5 status=completed latency_ms=50.776 complete=1
[LIVE] ssh3_w1-s4_r08 command_2 sample=80/100 command=5/5 status=completed latency_ms=63.008 complete=1
[LIVE] ssh3_w1-s4_r08 command_3 sample=80/100 command=5/5 status=completed latency_ms=77.397 complete=1
[LIVE] ssh3_w1-s4_r08 command_0 sample=90/100 command=5/5 status=completed latency_ms=66.496 complete=1
[LIVE] ssh3_w1-s4_r08 command_1 sample=90/100 command=5/5 status=completed latency_ms=60.184 complete=1
[LIVE] ssh3_w1-s4_r08 command_2 sample=90/100 command=5/5 status=completed latency_ms=31.877 complete=1
[LIVE] ssh3_w1-s4_r08 command_3 sample=90/100 command=5/5 status=completed latency_ms=28.445 complete=1
[LIVE] ssh3_w1-s4_r08 command_2 sample=100/100 command=5/5 status=completed latency_ms=47.849 complete=1
[LIVE] ssh3_w1-s4_r08 command_1 sample=100/100 command=5/5 status=completed latency_ms=61.671 complete=1
[LIVE] ssh3_w1-s4_r08 command_0 sample=100/100 command=5/5 status=completed latency_ms=63.640 complete=1
[LIVE] ssh3_w1-s4_r08 command_3 sample=100/100 command=5/5 status=completed latency_ms=101.214 complete=1
[RUN] 068/090 trial=ssh3_w1-s2_r08 streams=2
[LIVE] ssh3_w1-s2_r08 command_0 sample=1/100 command=1/5 status=completed latency_ms=30.554 complete=1
[LIVE] ssh3_w1-s2_r08 command_1 sample=1/100 command=1/5 status=completed latency_ms=92.106 complete=1
[LIVE] ssh3_w1-s2_r08 command_0 sample=10/100 command=5/5 status=completed latency_ms=59.057 complete=1
[LIVE] ssh3_w1-s2_r08 command_1 sample=10/100 command=5/5 status=completed latency_ms=65.096 complete=1
[LIVE] ssh3_w1-s2_r08 command_0 sample=20/100 command=5/5 status=completed latency_ms=42.662 complete=1
[LIVE] ssh3_w1-s2_r08 command_1 sample=20/100 command=5/5 status=completed latency_ms=64.078 complete=1
[LIVE] ssh3_w1-s2_r08 command_0 sample=30/100 command=5/5 status=completed latency_ms=132.400 complete=1
[LIVE] ssh3_w1-s2_r08 command_1 sample=30/100 command=5/5 status=completed latency_ms=55.506 complete=1
[LIVE] ssh3_w1-s2_r08 command_1 sample=40/100 command=5/5 status=completed latency_ms=69.822 complete=1
[LIVE] ssh3_w1-s2_r08 command_0 sample=40/100 command=5/5 status=completed latency_ms=184.724 complete=1
[LIVE] ssh3_w1-s2_r08 command_0 sample=50/100 command=5/5 status=completed latency_ms=47.182 complete=1
[LIVE] ssh3_w1-s2_r08 command_1 sample=50/100 command=5/5 status=completed latency_ms=131.538 complete=1
[LIVE] ssh3_w1-s2_r08 command_0 sample=60/100 command=5/5 status=completed latency_ms=40.655 complete=1
[LIVE] ssh3_w1-s2_r08 command_1 sample=60/100 command=5/5 status=completed latency_ms=59.847 complete=1
[LIVE] ssh3_w1-s2_r08 command_1 sample=70/100 command=5/5 status=completed latency_ms=83.029 complete=1
[LIVE] ssh3_w1-s2_r08 command_0 sample=70/100 command=5/5 status=completed latency_ms=187.273 complete=1
[LIVE] ssh3_w1-s2_r08 command_1 sample=80/100 command=5/5 status=completed latency_ms=51.335 complete=1
[LIVE] ssh3_w1-s2_r08 command_0 sample=80/100 command=5/5 status=completed latency_ms=85.175 complete=1
[LIVE] ssh3_w1-s2_r08 command_1 sample=90/100 command=5/5 status=completed latency_ms=64.997 complete=1
[LIVE] ssh3_w1-s2_r08 command_0 sample=90/100 command=5/5 status=completed latency_ms=59.382 complete=1
[LIVE] ssh3_w1-s2_r08 command_1 sample=100/100 command=5/5 status=completed latency_ms=21.652 complete=1
[LIVE] ssh3_w1-s2_r08 command_0 sample=100/100 command=5/5 status=completed latency_ms=39.239 complete=1
[RUN] 069/090 trial=mosh_w1-s4_r08 streams=4
[LIVE] mosh_w1-s4_r08 command_3 sample=1/100 command=1/5 status=completed latency_ms=218.311 complete=0
[LIVE] mosh_w1-s4_r08 command_1 sample=1/100 command=1/5 status=completed latency_ms=218.952 complete=0
[LIVE] mosh_w1-s4_r08 command_0 sample=1/100 command=1/5 status=completed latency_ms=218.707 complete=0
[LIVE] mosh_w1-s4_r08 command_2 sample=1/100 command=1/5 status=completed latency_ms=235.525 complete=0
[LIVE] mosh_w1-s4_r08 command_3 sample=10/100 command=5/5 status=completed latency_ms=55.590 complete=0
[LIVE] mosh_w1-s4_r08 command_3 sample=20/100 command=5/5 status=completed latency_ms=69.392 complete=0
[LIVE] mosh_w1-s4_r08 command_3 sample=30/100 command=5/5 status=completed latency_ms=66.715 complete=0
[LIVE] mosh_w1-s4_r08 command_3 sample=40/100 command=5/5 status=completed latency_ms=86.215 complete=0
[LIVE] mosh_w1-s4_r08 command_3 sample=50/100 command=5/5 status=completed latency_ms=291.547 complete=0
[LIVE] mosh_w1-s4_r08 command_3 sample=60/100 command=5/5 status=completed latency_ms=125.306 complete=0
[LIVE] mosh_w1-s4_r08 command_3 sample=70/100 command=5/5 status=completed latency_ms=51.506 complete=0
[LIVE] mosh_w1-s4_r08 command_3 sample=80/100 command=5/5 status=completed latency_ms=116.040 complete=0
[LIVE] mosh_w1-s4_r08 command_3 sample=90/100 command=5/5 status=completed latency_ms=123.329 complete=0
[LIVE] mosh_w1-s4_r08 command_3 sample=100/100 command=5/5 status=completed latency_ms=61.528 complete=0
[LIVE] mosh_w1-s4_r08 command_2 sample=10/100 command=5/5 status=completed latency_ms=83.263 complete=0
[LIVE] mosh_w1-s4_r08 command_1 sample=10/100 command=5/5 status=completed latency_ms=370.416 complete=0
[LIVE] mosh_w1-s4_r08 command_0 sample=10/100 command=5/5 status=completed latency_ms=370.128 complete=0
[LIVE] mosh_w1-s4_r08 command_2 sample=20/100 command=5/5 status=completed latency_ms=77.442 complete=0
[LIVE] mosh_w1-s4_r08 command_0 sample=20/100 command=5/5 status=completed latency_ms=80.905 complete=0
[LIVE] mosh_w1-s4_r08 command_1 sample=20/100 command=5/5 status=completed latency_ms=80.690 complete=0
[LIVE] mosh_w1-s4_r08 command_2 sample=30/100 command=5/5 status=completed latency_ms=93.442 complete=0
[LIVE] mosh_w1-s4_r08 command_0 sample=30/100 command=5/5 status=completed latency_ms=82.876 complete=0
[LIVE] mosh_w1-s4_r08 command_1 sample=30/100 command=5/5 status=completed latency_ms=83.826 complete=0
[LIVE] mosh_w1-s4_r08 command_2 sample=40/100 command=5/5 status=completed latency_ms=90.004 complete=0
[LIVE] mosh_w1-s4_r08 command_0 sample=40/100 command=5/5 status=completed latency_ms=107.960 complete=0
[LIVE] mosh_w1-s4_r08 command_2 sample=50/100 command=5/5 status=completed latency_ms=97.961 complete=0
[LIVE] mosh_w1-s4_r08 command_0 sample=50/100 command=5/5 status=completed latency_ms=74.104 complete=0
[LIVE] mosh_w1-s4_r08 command_2 sample=60/100 command=5/5 status=completed latency_ms=109.904 complete=0
[LIVE] mosh_w1-s4_r08 command_2 sample=70/100 command=5/5 status=completed latency_ms=62.270 complete=0
[LIVE] mosh_w1-s4_r08 command_2 sample=80/100 command=5/5 status=completed latency_ms=67.119 complete=0
[LIVE] mosh_w1-s4_r08 command_2 sample=90/100 command=5/5 status=completed latency_ms=73.061 complete=0
[LIVE] mosh_w1-s4_r08 command_2 sample=100/100 command=5/5 status=completed latency_ms=88.059 complete=0
[LIVE] mosh_w1-s4_r08 command_1 sample=40/100 command=5/5 status=completed latency_ms=61.128 complete=0
[LIVE] mosh_w1-s4_r08 command_1 sample=50/100 command=5/5 status=completed latency_ms=109.221 complete=0
[LIVE] mosh_w1-s4_r08 command_1 sample=60/100 command=5/5 status=completed latency_ms=315.898 complete=0
[LIVE] mosh_w1-s4_r08 command_0 sample=60/100 command=5/5 status=completed latency_ms=102.366 complete=0
[LIVE] mosh_w1-s4_r08 command_1 sample=70/100 command=5/5 status=completed latency_ms=884.595 complete=0
[LIVE] mosh_w1-s4_r08 command_0 sample=70/100 command=5/5 status=completed latency_ms=473.514 complete=0
[LIVE] mosh_w1-s4_r08 command_1 sample=80/100 command=5/5 status=completed latency_ms=455.440 complete=0
[LIVE] mosh_w1-s4_r08 command_0 sample=80/100 command=5/5 status=completed latency_ms=105.881 complete=0
[LIVE] mosh_w1-s4_r08 command_1 sample=90/100 command=5/5 status=completed latency_ms=105.737 complete=0
[LIVE] mosh_w1-s4_r08 command_0 sample=90/100 command=5/5 status=completed latency_ms=144.516 complete=0
[LIVE] mosh_w1-s4_r08 command_1 sample=100/100 command=5/5 status=completed latency_ms=96.922 complete=0
[LIVE] mosh_w1-s4_r08 command_0 sample=100/100 command=5/5 status=completed latency_ms=72.934 complete=0
[RUN] 070/090 trial=ssh_w1-s2_r08 streams=2
[LIVE] ssh_w1-s2_r08 command_0 sample=1/100 command=1/5 status=completed latency_ms=67.782 complete=1
[LIVE] ssh_w1-s2_r08 command_1 sample=1/100 command=1/5 status=completed latency_ms=69.099 complete=1
[LIVE] ssh_w1-s2_r08 command_0 sample=10/100 command=5/5 status=completed latency_ms=56.716 complete=1
[LIVE] ssh_w1-s2_r08 command_1 sample=10/100 command=5/5 status=completed latency_ms=89.593 complete=1
[LIVE] ssh_w1-s2_r08 command_0 sample=20/100 command=5/5 status=completed latency_ms=44.922 complete=1
[LIVE] ssh_w1-s2_r08 command_1 sample=20/100 command=5/5 status=completed latency_ms=76.741 complete=1
[LIVE] ssh_w1-s2_r08 command_0 sample=30/100 command=5/5 status=completed latency_ms=61.229 complete=1
[LIVE] ssh_w1-s2_r08 command_1 sample=30/100 command=5/5 status=completed latency_ms=70.357 complete=1
[LIVE] ssh_w1-s2_r08 command_0 sample=40/100 command=5/5 status=completed latency_ms=48.682 complete=1
[LIVE] ssh_w1-s2_r08 command_1 sample=40/100 command=5/5 status=completed latency_ms=183.684 complete=1
[LIVE] ssh_w1-s2_r08 command_0 sample=50/100 command=5/5 status=completed latency_ms=155.391 complete=1
[LIVE] ssh_w1-s2_r08 command_1 sample=50/100 command=5/5 status=completed latency_ms=69.122 complete=1
[LIVE] ssh_w1-s2_r08 command_0 sample=60/100 command=5/5 status=completed latency_ms=86.703 complete=1
[LIVE] ssh_w1-s2_r08 command_1 sample=60/100 command=5/5 status=completed latency_ms=89.265 complete=1
[LIVE] ssh_w1-s2_r08 command_0 sample=70/100 command=5/5 status=completed latency_ms=93.174 complete=1
[LIVE] ssh_w1-s2_r08 command_1 sample=70/100 command=5/5 status=completed latency_ms=356.261 complete=1
[LIVE] ssh_w1-s2_r08 command_0 sample=80/100 command=5/5 status=completed latency_ms=65.606 complete=1
[LIVE] ssh_w1-s2_r08 command_1 sample=80/100 command=5/5 status=completed latency_ms=39.741 complete=1
[LIVE] ssh_w1-s2_r08 command_0 sample=90/100 command=5/5 status=completed latency_ms=124.371 complete=1
[LIVE] ssh_w1-s2_r08 command_1 sample=90/100 command=5/5 status=completed latency_ms=102.786 complete=1
[LIVE] ssh_w1-s2_r08 command_0 sample=100/100 command=5/5 status=completed latency_ms=97.232 complete=1
[LIVE] ssh_w1-s2_r08 command_1 sample=100/100 command=5/5 status=completed latency_ms=71.774 complete=1
[RUN] 071/090 trial=mosh_w1-s1_r08 streams=1
[LIVE] mosh_w1-s1_r08 command_0 sample=1/100 command=1/5 status=completed latency_ms=119.060 complete=0
[LIVE] mosh_w1-s1_r08 command_0 sample=10/100 command=5/5 status=completed latency_ms=52.531 complete=0
[LIVE] mosh_w1-s1_r08 command_0 sample=20/100 command=5/5 status=completed latency_ms=39.673 complete=0
[LIVE] mosh_w1-s1_r08 command_0 sample=30/100 command=5/5 status=completed latency_ms=73.499 complete=0
[LIVE] mosh_w1-s1_r08 command_0 sample=40/100 command=5/5 status=completed latency_ms=65.569 complete=0
[LIVE] mosh_w1-s1_r08 command_0 sample=50/100 command=5/5 status=completed latency_ms=83.554 complete=0
[LIVE] mosh_w1-s1_r08 command_0 sample=60/100 command=5/5 status=completed latency_ms=87.617 complete=0
[LIVE] mosh_w1-s1_r08 command_0 sample=70/100 command=5/5 status=completed latency_ms=112.525 complete=0
[LIVE] mosh_w1-s1_r08 command_0 sample=80/100 command=5/5 status=completed latency_ms=35.742 complete=0
[LIVE] mosh_w1-s1_r08 command_0 sample=90/100 command=5/5 status=completed latency_ms=82.550 complete=0
[LIVE] mosh_w1-s1_r08 command_0 sample=100/100 command=5/5 status=completed latency_ms=87.352 complete=0
[RUN] 072/090 trial=mosh_w1-s2_r08 streams=2
[LIVE] mosh_w1-s2_r08 command_1 sample=1/100 command=1/5 status=completed latency_ms=173.136 complete=0
[LIVE] mosh_w1-s2_r08 command_0 sample=1/100 command=1/5 status=completed latency_ms=173.020 complete=0
[LIVE] mosh_w1-s2_r08 command_1 sample=10/100 command=5/5 status=completed latency_ms=36.964 complete=0
[LIVE] mosh_w1-s2_r08 command_1 sample=20/100 command=5/5 status=completed latency_ms=102.213 complete=0
[LIVE] mosh_w1-s2_r08 command_1 sample=30/100 command=5/5 status=completed latency_ms=104.832 complete=0
[LIVE] mosh_w1-s2_r08 command_1 sample=40/100 command=5/5 status=completed latency_ms=60.559 complete=0
[LIVE] mosh_w1-s2_r08 command_1 sample=50/100 command=5/5 status=completed latency_ms=312.616 complete=0
[LIVE] mosh_w1-s2_r08 command_1 sample=60/100 command=5/5 status=completed latency_ms=88.575 complete=0
[LIVE] mosh_w1-s2_r08 command_1 sample=70/100 command=5/5 status=completed latency_ms=355.570 complete=0
[LIVE] mosh_w1-s2_r08 command_1 sample=80/100 command=5/5 status=completed latency_ms=103.333 complete=0
[LIVE] mosh_w1-s2_r08 command_1 sample=90/100 command=5/5 status=completed latency_ms=67.549 complete=0
[LIVE] mosh_w1-s2_r08 command_0 sample=10/100 command=5/5 status=completed latency_ms=49.590 complete=0
[LIVE] mosh_w1-s2_r08 command_0 sample=20/100 command=5/5 status=completed latency_ms=87.391 complete=0
[LIVE] mosh_w1-s2_r08 command_0 sample=30/100 command=5/5 status=completed latency_ms=75.748 complete=0
[LIVE] mosh_w1-s2_r08 command_0 sample=40/100 command=5/5 status=completed latency_ms=76.667 complete=0
[LIVE] mosh_w1-s2_r08 command_0 sample=50/100 command=5/5 status=completed latency_ms=94.939 complete=0
[LIVE] mosh_w1-s2_r08 command_0 sample=60/100 command=5/5 status=completed latency_ms=87.123 complete=0
[LIVE] mosh_w1-s2_r08 command_0 sample=70/100 command=5/5 status=completed latency_ms=94.318 complete=0
[LIVE] mosh_w1-s2_r08 command_0 sample=80/100 command=5/5 status=completed latency_ms=100.312 complete=0
[LIVE] mosh_w1-s2_r08 command_0 sample=90/100 command=5/5 status=completed latency_ms=85.711 complete=0
[LIVE] mosh_w1-s2_r08 command_1 sample=100/100 command=5/5 status=completed latency_ms=97.915 complete=0
[LIVE] mosh_w1-s2_r08 command_0 sample=100/100 command=5/5 status=completed latency_ms=85.364 complete=0
[RUN] 073/090 trial=ssh3_w1-s1_r09 streams=1
[LIVE] ssh3_w1-s1_r09 command_0 sample=1/100 command=1/5 status=completed latency_ms=83.348 complete=1
[LIVE] ssh3_w1-s1_r09 command_0 sample=10/100 command=5/5 status=completed latency_ms=185.370 complete=1
[LIVE] ssh3_w1-s1_r09 command_0 sample=20/100 command=5/5 status=completed latency_ms=40.239 complete=1
[LIVE] ssh3_w1-s1_r09 command_0 sample=30/100 command=5/5 status=completed latency_ms=49.410 complete=1
[LIVE] ssh3_w1-s1_r09 command_0 sample=40/100 command=5/5 status=completed latency_ms=52.357 complete=1
[LIVE] ssh3_w1-s1_r09 command_0 sample=50/100 command=5/5 status=completed latency_ms=189.837 complete=1
[LIVE] ssh3_w1-s1_r09 command_0 sample=60/100 command=5/5 status=completed latency_ms=194.844 complete=1
[LIVE] ssh3_w1-s1_r09 command_0 sample=70/100 command=5/5 status=completed latency_ms=62.120 complete=1
[LIVE] ssh3_w1-s1_r09 command_0 sample=80/100 command=5/5 status=completed latency_ms=62.698 complete=1
[LIVE] ssh3_w1-s1_r09 command_0 sample=90/100 command=5/5 status=completed latency_ms=51.525 complete=1
[LIVE] ssh3_w1-s1_r09 command_0 sample=100/100 command=5/5 status=completed latency_ms=91.847 complete=1
[RUN] 074/090 trial=ssh3_w1-s4_r09 streams=4
[LIVE] ssh3_w1-s4_r09 command_3 sample=1/100 command=1/5 status=completed latency_ms=64.380 complete=1
[LIVE] ssh3_w1-s4_r09 command_2 sample=1/100 command=1/5 status=completed latency_ms=73.886 complete=1
[LIVE] ssh3_w1-s4_r09 command_0 sample=1/100 command=1/5 status=completed latency_ms=84.940 complete=1
[LIVE] ssh3_w1-s4_r09 command_1 sample=1/100 command=1/5 status=completed latency_ms=91.483 complete=1
[LIVE] ssh3_w1-s4_r09 command_3 sample=10/100 command=5/5 status=completed latency_ms=29.973 complete=1
[LIVE] ssh3_w1-s4_r09 command_1 sample=10/100 command=5/5 status=completed latency_ms=81.549 complete=1
[LIVE] ssh3_w1-s4_r09 command_0 sample=10/100 command=5/5 status=completed latency_ms=61.049 complete=1
[LIVE] ssh3_w1-s4_r09 command_2 sample=10/100 command=5/5 status=completed latency_ms=47.935 complete=1
[LIVE] ssh3_w1-s4_r09 command_1 sample=20/100 command=5/5 status=completed latency_ms=49.596 complete=1
[LIVE] ssh3_w1-s4_r09 command_3 sample=20/100 command=5/5 status=completed latency_ms=107.792 complete=1
[LIVE] ssh3_w1-s4_r09 command_2 sample=20/100 command=5/5 status=completed latency_ms=36.085 complete=1
[LIVE] ssh3_w1-s4_r09 command_0 sample=20/100 command=5/5 status=completed latency_ms=77.116 complete=1
[LIVE] ssh3_w1-s4_r09 command_1 sample=30/100 command=5/5 status=completed latency_ms=71.077 complete=1
[LIVE] ssh3_w1-s4_r09 command_2 sample=30/100 command=5/5 status=completed latency_ms=73.273 complete=1
[LIVE] ssh3_w1-s4_r09 command_3 sample=30/100 command=5/5 status=completed latency_ms=50.583 complete=1
[LIVE] ssh3_w1-s4_r09 command_0 sample=30/100 command=5/5 status=completed latency_ms=53.040 complete=1
[LIVE] ssh3_w1-s4_r09 command_1 sample=40/100 command=5/5 status=completed latency_ms=47.731 complete=1
[LIVE] ssh3_w1-s4_r09 command_2 sample=40/100 command=5/5 status=completed latency_ms=38.910 complete=1
[LIVE] ssh3_w1-s4_r09 command_3 sample=40/100 command=5/5 status=completed latency_ms=81.349 complete=1
[LIVE] ssh3_w1-s4_r09 command_0 sample=40/100 command=5/5 status=completed latency_ms=88.741 complete=1
[LIVE] ssh3_w1-s4_r09 command_1 sample=50/100 command=5/5 status=completed latency_ms=58.540 complete=1
[LIVE] ssh3_w1-s4_r09 command_2 sample=50/100 command=5/5 status=completed latency_ms=60.618 complete=1
[LIVE] ssh3_w1-s4_r09 command_3 sample=50/100 command=5/5 status=completed latency_ms=67.418 complete=1
[LIVE] ssh3_w1-s4_r09 command_0 sample=50/100 command=5/5 status=completed latency_ms=37.859 complete=1
[LIVE] ssh3_w1-s4_r09 command_1 sample=60/100 command=5/5 status=completed latency_ms=41.993 complete=1
[LIVE] ssh3_w1-s4_r09 command_2 sample=60/100 command=5/5 status=completed latency_ms=41.080 complete=1
[LIVE] ssh3_w1-s4_r09 command_3 sample=60/100 command=5/5 status=completed latency_ms=63.407 complete=1
[LIVE] ssh3_w1-s4_r09 command_0 sample=60/100 command=5/5 status=completed latency_ms=53.847 complete=1
[LIVE] ssh3_w1-s4_r09 command_1 sample=70/100 command=5/5 status=completed latency_ms=82.563 complete=1
[LIVE] ssh3_w1-s4_r09 command_2 sample=70/100 command=5/5 status=completed latency_ms=80.191 complete=1
[LIVE] ssh3_w1-s4_r09 command_0 sample=70/100 command=5/5 status=completed latency_ms=65.310 complete=1
[LIVE] ssh3_w1-s4_r09 command_3 sample=70/100 command=5/5 status=completed latency_ms=46.937 complete=1
[LIVE] ssh3_w1-s4_r09 command_1 sample=80/100 command=5/5 status=completed latency_ms=32.107 complete=1
[LIVE] ssh3_w1-s4_r09 command_2 sample=80/100 command=5/5 status=completed latency_ms=26.199 complete=1
[LIVE] ssh3_w1-s4_r09 command_0 sample=80/100 command=5/5 status=completed latency_ms=46.875 complete=1
[LIVE] ssh3_w1-s4_r09 command_3 sample=80/100 command=5/5 status=completed latency_ms=57.486 complete=1
[LIVE] ssh3_w1-s4_r09 command_1 sample=90/100 command=5/5 status=completed latency_ms=47.339 complete=1
[LIVE] ssh3_w1-s4_r09 command_3 sample=90/100 command=5/5 status=completed latency_ms=34.572 complete=1
[LIVE] ssh3_w1-s4_r09 command_2 sample=90/100 command=5/5 status=completed latency_ms=53.666 complete=1
[LIVE] ssh3_w1-s4_r09 command_0 sample=90/100 command=5/5 status=completed latency_ms=63.179 complete=1
[LIVE] ssh3_w1-s4_r09 command_1 sample=100/100 command=5/5 status=completed latency_ms=91.218 complete=1
[LIVE] ssh3_w1-s4_r09 command_2 sample=100/100 command=5/5 status=completed latency_ms=36.803 complete=1
[LIVE] ssh3_w1-s4_r09 command_3 sample=100/100 command=5/5 status=completed latency_ms=65.989 complete=1
[LIVE] ssh3_w1-s4_r09 command_0 sample=100/100 command=5/5 status=completed latency_ms=84.015 complete=1
[RUN] 075/090 trial=ssh3_w1-s2_r09 streams=2
[LIVE] ssh3_w1-s2_r09 command_1 sample=1/100 command=1/5 status=completed latency_ms=74.212 complete=1
[LIVE] ssh3_w1-s2_r09 command_0 sample=1/100 command=1/5 status=completed latency_ms=144.402 complete=1
[LIVE] ssh3_w1-s2_r09 command_1 sample=10/100 command=5/5 status=completed latency_ms=38.389 complete=1
[LIVE] ssh3_w1-s2_r09 command_0 sample=10/100 command=5/5 status=completed latency_ms=27.562 complete=1
[LIVE] ssh3_w1-s2_r09 command_1 sample=20/100 command=5/5 status=completed latency_ms=71.836 complete=1
[LIVE] ssh3_w1-s2_r09 command_0 sample=20/100 command=5/5 status=completed latency_ms=94.847 complete=1
[LIVE] ssh3_w1-s2_r09 command_1 sample=30/100 command=5/5 status=completed latency_ms=84.527 complete=1
[LIVE] ssh3_w1-s2_r09 command_0 sample=30/100 command=5/5 status=completed latency_ms=225.674 complete=1
[LIVE] ssh3_w1-s2_r09 command_1 sample=40/100 command=5/5 status=completed latency_ms=82.361 complete=1
[LIVE] ssh3_w1-s2_r09 command_0 sample=40/100 command=5/5 status=completed latency_ms=191.729 complete=1
[LIVE] ssh3_w1-s2_r09 command_1 sample=50/100 command=5/5 status=completed latency_ms=49.152 complete=1
[LIVE] ssh3_w1-s2_r09 command_0 sample=50/100 command=5/5 status=completed latency_ms=47.392 complete=1
[LIVE] ssh3_w1-s2_r09 command_1 sample=60/100 command=5/5 status=completed latency_ms=59.622 complete=1
[LIVE] ssh3_w1-s2_r09 command_0 sample=60/100 command=5/5 status=completed latency_ms=55.033 complete=1
[LIVE] ssh3_w1-s2_r09 command_1 sample=70/100 command=5/5 status=completed latency_ms=84.183 complete=1
[LIVE] ssh3_w1-s2_r09 command_0 sample=70/100 command=5/5 status=completed latency_ms=67.587 complete=1
[LIVE] ssh3_w1-s2_r09 command_1 sample=80/100 command=5/5 status=completed latency_ms=50.792 complete=1
[LIVE] ssh3_w1-s2_r09 command_0 sample=80/100 command=5/5 status=completed latency_ms=38.517 complete=1
[LIVE] ssh3_w1-s2_r09 command_1 sample=90/100 command=5/5 status=completed latency_ms=42.713 complete=1
[LIVE] ssh3_w1-s2_r09 command_0 sample=90/100 command=5/5 status=completed latency_ms=58.524 complete=1
[LIVE] ssh3_w1-s2_r09 command_1 sample=100/100 command=5/5 status=completed latency_ms=65.145 complete=1
[LIVE] ssh3_w1-s2_r09 command_0 sample=100/100 command=5/5 status=completed latency_ms=58.470 complete=1
[RUN] 076/090 trial=mosh_w1-s1_r09 streams=1
[LIVE] mosh_w1-s1_r09 command_0 sample=1/100 command=1/5 status=completed latency_ms=111.937 complete=0
[LIVE] mosh_w1-s1_r09 command_0 sample=10/100 command=5/5 status=completed latency_ms=54.045 complete=0
[LIVE] mosh_w1-s1_r09 command_0 sample=20/100 command=5/5 status=completed latency_ms=85.978 complete=0
[LIVE] mosh_w1-s1_r09 command_0 sample=30/100 command=5/5 status=completed latency_ms=38.360 complete=0
[LIVE] mosh_w1-s1_r09 command_0 sample=40/100 command=5/5 status=completed latency_ms=307.874 complete=0
[LIVE] mosh_w1-s1_r09 command_0 sample=50/100 command=5/5 status=completed latency_ms=99.151 complete=0
[LIVE] mosh_w1-s1_r09 command_0 sample=60/100 command=5/5 status=completed latency_ms=83.855 complete=0
[LIVE] mosh_w1-s1_r09 command_0 sample=70/100 command=5/5 status=completed latency_ms=96.467 complete=0
[LIVE] mosh_w1-s1_r09 command_0 sample=80/100 command=5/5 status=completed latency_ms=107.054 complete=0
[LIVE] mosh_w1-s1_r09 command_0 sample=90/100 command=5/5 status=completed latency_ms=98.573 complete=0
[LIVE] mosh_w1-s1_r09 command_0 sample=100/100 command=5/5 status=completed latency_ms=102.302 complete=0
[RUN] 077/090 trial=ssh_w1-s2_r09 streams=2
[LIVE] ssh_w1-s2_r09 command_1 sample=1/100 command=1/5 status=completed latency_ms=75.685 complete=1
[LIVE] ssh_w1-s2_r09 command_0 sample=1/100 command=1/5 status=completed latency_ms=81.895 complete=1
[LIVE] ssh_w1-s2_r09 command_1 sample=10/100 command=5/5 status=completed latency_ms=61.212 complete=1
[LIVE] ssh_w1-s2_r09 command_0 sample=10/100 command=5/5 status=completed latency_ms=62.208 complete=1
[LIVE] ssh_w1-s2_r09 command_1 sample=20/100 command=5/5 status=completed latency_ms=126.060 complete=1
[LIVE] ssh_w1-s2_r09 command_0 sample=20/100 command=5/5 status=completed latency_ms=254.599 complete=1
[LIVE] ssh_w1-s2_r09 command_0 sample=30/100 command=5/5 status=completed latency_ms=59.095 complete=1
[LIVE] ssh_w1-s2_r09 command_1 sample=30/100 command=5/5 status=completed latency_ms=103.281 complete=1
[LIVE] ssh_w1-s2_r09 command_0 sample=40/100 command=5/5 status=completed latency_ms=71.137 complete=1
[LIVE] ssh_w1-s2_r09 command_1 sample=40/100 command=5/5 status=completed latency_ms=182.041 complete=1
[LIVE] ssh_w1-s2_r09 command_0 sample=50/100 command=5/5 status=completed latency_ms=114.053 complete=1
[LIVE] ssh_w1-s2_r09 command_1 sample=50/100 command=5/5 status=completed latency_ms=76.413 complete=1
[LIVE] ssh_w1-s2_r09 command_0 sample=60/100 command=5/5 status=completed latency_ms=70.744 complete=1
[LIVE] ssh_w1-s2_r09 command_1 sample=60/100 command=5/5 status=completed latency_ms=65.699 complete=1
[LIVE] ssh_w1-s2_r09 command_0 sample=70/100 command=5/5 status=completed latency_ms=67.868 complete=1
[LIVE] ssh_w1-s2_r09 command_1 sample=70/100 command=5/5 status=completed latency_ms=59.207 complete=1
[LIVE] ssh_w1-s2_r09 command_0 sample=80/100 command=5/5 status=completed latency_ms=86.158 complete=1
[LIVE] ssh_w1-s2_r09 command_1 sample=80/100 command=5/5 status=completed latency_ms=51.588 complete=1
[LIVE] ssh_w1-s2_r09 command_0 sample=90/100 command=5/5 status=completed latency_ms=104.499 complete=1
[LIVE] ssh_w1-s2_r09 command_1 sample=90/100 command=5/5 status=completed latency_ms=102.893 complete=1
[LIVE] ssh_w1-s2_r09 command_0 sample=100/100 command=5/5 status=completed latency_ms=59.999 complete=1
[LIVE] ssh_w1-s2_r09 command_1 sample=100/100 command=5/5 status=completed latency_ms=29.467 complete=1
[RUN] 078/090 trial=mosh_w1-s4_r09 streams=4
[LIVE] mosh_w1-s4_r09 command_3 sample=1/100 command=1/5 status=completed latency_ms=197.713 complete=0
[LIVE] mosh_w1-s4_r09 command_0 sample=1/100 command=1/5 status=completed latency_ms=197.593 complete=0
[LIVE] mosh_w1-s4_r09 command_2 sample=1/100 command=1/5 status=completed latency_ms=249.688 complete=0
[LIVE] mosh_w1-s4_r09 command_1 sample=1/100 command=1/5 status=completed latency_ms=249.607 complete=0
[LIVE] mosh_w1-s4_r09 command_3 sample=10/100 command=5/5 status=completed latency_ms=123.048 complete=0
[LIVE] mosh_w1-s4_r09 command_2 sample=10/100 command=5/5 status=completed latency_ms=122.941 complete=0
[LIVE] mosh_w1-s4_r09 command_0 sample=10/100 command=5/5 status=completed latency_ms=439.822 complete=0
[LIVE] mosh_w1-s4_r09 command_2 sample=20/100 command=5/5 status=completed latency_ms=79.952 complete=0
[LIVE] mosh_w1-s4_r09 command_3 sample=20/100 command=5/5 status=completed latency_ms=149.464 complete=0
[LIVE] mosh_w1-s4_r09 command_1 sample=10/100 command=5/5 status=completed latency_ms=71.066 complete=0
[LIVE] mosh_w1-s4_r09 command_1 sample=20/100 command=5/5 status=completed latency_ms=74.775 complete=0
[LIVE] mosh_w1-s4_r09 command_1 sample=30/100 command=5/5 status=completed latency_ms=359.010 complete=0
[LIVE] mosh_w1-s4_r09 command_1 sample=40/100 command=5/5 status=completed latency_ms=146.372 complete=0
[LIVE] mosh_w1-s4_r09 command_0 sample=30/100 command=5/5 status=completed latency_ms=94.230 complete=0
[LIVE] mosh_w1-s4_r09 command_0 sample=40/100 command=5/5 status=completed latency_ms=70.405 complete=0
[LIVE] mosh_w1-s4_r09 command_0 sample=50/100 command=5/5 status=completed latency_ms=79.498 complete=0
[LIVE] mosh_w1-s4_r09 command_0 sample=60/100 command=5/5 status=completed latency_ms=70.741 complete=0
[LIVE] mosh_w1-s4_r09 command_0 sample=70/100 command=5/5 status=completed latency_ms=64.675 complete=0
[LIVE] mosh_w1-s4_r09 command_0 sample=80/100 command=5/5 status=completed latency_ms=83.524 complete=0
[LIVE] mosh_w1-s4_r09 command_0 sample=90/100 command=5/5 status=completed latency_ms=36.439 complete=0
[LIVE] mosh_w1-s4_r09 command_0 sample=100/100 command=5/5 status=completed latency_ms=107.690 complete=0
[LIVE] mosh_w1-s4_r09 command_3 sample=30/100 command=5/5 status=completed latency_ms=110.810 complete=0
[LIVE] mosh_w1-s4_r09 command_1 sample=50/100 command=5/5 status=completed latency_ms=133.215 complete=0
[LIVE] mosh_w1-s4_r09 command_3 sample=40/100 command=5/5 status=completed latency_ms=44.493 complete=0
[LIVE] mosh_w1-s4_r09 command_1 sample=60/100 command=5/5 status=completed latency_ms=113.388 complete=0
[LIVE] mosh_w1-s4_r09 command_3 sample=50/100 command=5/5 status=completed latency_ms=108.438 complete=0
[LIVE] mosh_w1-s4_r09 command_1 sample=70/100 command=5/5 status=completed latency_ms=119.299 complete=0
[LIVE] mosh_w1-s4_r09 command_3 sample=60/100 command=5/5 status=completed latency_ms=108.511 complete=0
[LIVE] mosh_w1-s4_r09 command_1 sample=80/100 command=5/5 status=completed latency_ms=421.189 complete=0
[LIVE] mosh_w1-s4_r09 command_3 sample=70/100 command=5/5 status=completed latency_ms=124.752 complete=0
[LIVE] mosh_w1-s4_r09 command_1 sample=90/100 command=5/5 status=completed latency_ms=38.383 complete=0
[LIVE] mosh_w1-s4_r09 command_1 sample=100/100 command=5/5 status=completed latency_ms=60.644 complete=0
[LIVE] mosh_w1-s4_r09 command_2 sample=40/100 command=5/5 status=completed latency_ms=90.477 complete=0
[LIVE] mosh_w1-s4_r09 command_2 sample=50/100 command=5/5 status=completed latency_ms=47.657 complete=0
[LIVE] mosh_w1-s4_r09 command_3 sample=80/100 command=5/5 status=completed latency_ms=152.588 complete=0
[LIVE] mosh_w1-s4_r09 command_3 sample=90/100 command=5/5 status=completed latency_ms=126.685 complete=0
[LIVE] mosh_w1-s4_r09 command_3 sample=100/100 command=5/5 status=completed latency_ms=90.972 complete=0
[LIVE] mosh_w1-s4_r09 command_2 sample=60/100 command=5/5 status=completed latency_ms=82.864 complete=0
[LIVE] mosh_w1-s4_r09 command_2 sample=70/100 command=5/5 status=completed latency_ms=53.296 complete=0
[LIVE] mosh_w1-s4_r09 command_2 sample=80/100 command=5/5 status=completed latency_ms=76.261 complete=0
[LIVE] mosh_w1-s4_r09 command_2 sample=90/100 command=5/5 status=completed latency_ms=48.056 complete=0
[LIVE] mosh_w1-s4_r09 command_2 sample=100/100 command=5/5 status=completed latency_ms=92.053 complete=0
[RUN] 079/090 trial=ssh_w1-s4_r09 streams=4
[LIVE] ssh_w1-s4_r09 command_2 sample=1/100 command=1/5 status=completed latency_ms=91.109 complete=1
[LIVE] ssh_w1-s4_r09 command_3 sample=1/100 command=1/5 status=completed latency_ms=147.093 complete=1
[LIVE] ssh_w1-s4_r09 command_1 sample=1/100 command=1/5 status=completed latency_ms=144.943 complete=1
[LIVE] ssh_w1-s4_r09 command_0 sample=1/100 command=1/5 status=completed latency_ms=144.068 complete=1
[LIVE] ssh_w1-s4_r09 command_0 sample=10/100 command=5/5 status=completed latency_ms=76.050 complete=1
[LIVE] ssh_w1-s4_r09 command_3 sample=10/100 command=5/5 status=completed latency_ms=40.150 complete=1
[LIVE] ssh_w1-s4_r09 command_1 sample=10/100 command=5/5 status=completed latency_ms=95.914 complete=1
[LIVE] ssh_w1-s4_r09 command_2 sample=10/100 command=5/5 status=completed latency_ms=93.204 complete=1
[LIVE] ssh_w1-s4_r09 command_0 sample=20/100 command=5/5 status=completed latency_ms=41.184 complete=1
[LIVE] ssh_w1-s4_r09 command_2 sample=20/100 command=5/5 status=completed latency_ms=103.908 complete=1
[LIVE] ssh_w1-s4_r09 command_3 sample=20/100 command=5/5 status=completed latency_ms=29.795 complete=1
[LIVE] ssh_w1-s4_r09 command_1 sample=20/100 command=5/5 status=completed latency_ms=81.823 complete=1
[LIVE] ssh_w1-s4_r09 command_3 sample=30/100 command=5/5 status=completed latency_ms=88.854 complete=1
[LIVE] ssh_w1-s4_r09 command_0 sample=30/100 command=5/5 status=completed latency_ms=114.879 complete=1
[LIVE] ssh_w1-s4_r09 command_2 sample=30/100 command=5/5 status=completed latency_ms=104.575 complete=1
[LIVE] ssh_w1-s4_r09 command_1 sample=30/100 command=5/5 status=completed latency_ms=59.933 complete=1
[LIVE] ssh_w1-s4_r09 command_3 sample=40/100 command=5/5 status=completed latency_ms=56.575 complete=1
[LIVE] ssh_w1-s4_r09 command_0 sample=40/100 command=5/5 status=completed latency_ms=62.538 complete=1
[LIVE] ssh_w1-s4_r09 command_2 sample=40/100 command=5/5 status=completed latency_ms=54.819 complete=1
[LIVE] ssh_w1-s4_r09 command_1 sample=40/100 command=5/5 status=completed latency_ms=101.602 complete=1
[LIVE] ssh_w1-s4_r09 command_3 sample=50/100 command=5/5 status=completed latency_ms=57.421 complete=1
[LIVE] ssh_w1-s4_r09 command_2 sample=50/100 command=5/5 status=completed latency_ms=41.924 complete=1
[LIVE] ssh_w1-s4_r09 command_0 sample=50/100 command=5/5 status=completed latency_ms=39.785 complete=1
[LIVE] ssh_w1-s4_r09 command_1 sample=50/100 command=5/5 status=completed latency_ms=80.415 complete=1
[LIVE] ssh_w1-s4_r09 command_2 sample=60/100 command=5/5 status=completed latency_ms=50.489 complete=1
[LIVE] ssh_w1-s4_r09 command_3 sample=60/100 command=5/5 status=completed latency_ms=107.841 complete=1
[LIVE] ssh_w1-s4_r09 command_0 sample=60/100 command=5/5 status=completed latency_ms=108.998 complete=1
[LIVE] ssh_w1-s4_r09 command_1 sample=60/100 command=5/5 status=completed latency_ms=124.682 complete=1
[LIVE] ssh_w1-s4_r09 command_2 sample=70/100 command=5/5 status=completed latency_ms=49.341 complete=1
[LIVE] ssh_w1-s4_r09 command_3 sample=70/100 command=5/5 status=completed latency_ms=92.563 complete=1
[LIVE] ssh_w1-s4_r09 command_0 sample=70/100 command=5/5 status=completed latency_ms=52.651 complete=1
[LIVE] ssh_w1-s4_r09 command_1 sample=70/100 command=5/5 status=completed latency_ms=47.261 complete=1
[LIVE] ssh_w1-s4_r09 command_2 sample=80/100 command=5/5 status=completed latency_ms=57.270 complete=1
[LIVE] ssh_w1-s4_r09 command_3 sample=80/100 command=5/5 status=completed latency_ms=62.392 complete=1
[LIVE] ssh_w1-s4_r09 command_0 sample=80/100 command=5/5 status=completed latency_ms=64.510 complete=1
[LIVE] ssh_w1-s4_r09 command_1 sample=80/100 command=5/5 status=completed latency_ms=21.789 complete=1
[LIVE] ssh_w1-s4_r09 command_0 sample=90/100 command=5/5 status=completed latency_ms=71.833 complete=1
[LIVE] ssh_w1-s4_r09 command_2 sample=90/100 command=5/5 status=completed latency_ms=69.402 complete=1
[LIVE] ssh_w1-s4_r09 command_3 sample=90/100 command=5/5 status=completed latency_ms=69.056 complete=1
[LIVE] ssh_w1-s4_r09 command_1 sample=90/100 command=5/5 status=completed latency_ms=130.091 complete=1
[LIVE] ssh_w1-s4_r09 command_0 sample=100/100 command=5/5 status=completed latency_ms=211.107 complete=1
[LIVE] ssh_w1-s4_r09 command_2 sample=100/100 command=5/5 status=completed latency_ms=114.964 complete=1
[LIVE] ssh_w1-s4_r09 command_3 sample=100/100 command=5/5 status=completed latency_ms=73.743 complete=1
[LIVE] ssh_w1-s4_r09 command_1 sample=100/100 command=5/5 status=completed latency_ms=67.210 complete=1
[RUN] 080/090 trial=ssh_w1-s1_r09 streams=1
[LIVE] ssh_w1-s1_r09 command_0 sample=1/100 command=1/5 status=completed latency_ms=56.344 complete=1
[LIVE] ssh_w1-s1_r09 command_0 sample=10/100 command=5/5 status=completed latency_ms=70.725 complete=1
[LIVE] ssh_w1-s1_r09 command_0 sample=20/100 command=5/5 status=completed latency_ms=71.011 complete=1
[LIVE] ssh_w1-s1_r09 command_0 sample=30/100 command=5/5 status=completed latency_ms=76.141 complete=1
[LIVE] ssh_w1-s1_r09 command_0 sample=40/100 command=5/5 status=completed latency_ms=60.662 complete=1
[LIVE] ssh_w1-s1_r09 command_0 sample=50/100 command=5/5 status=completed latency_ms=45.896 complete=1
[LIVE] ssh_w1-s1_r09 command_0 sample=60/100 command=5/5 status=completed latency_ms=28.763 complete=1
[LIVE] ssh_w1-s1_r09 command_0 sample=70/100 command=5/5 status=completed latency_ms=77.057 complete=1
[LIVE] ssh_w1-s1_r09 command_0 sample=80/100 command=5/5 status=completed latency_ms=33.983 complete=1
[LIVE] ssh_w1-s1_r09 command_0 sample=90/100 command=5/5 status=completed latency_ms=120.044 complete=1
[LIVE] ssh_w1-s1_r09 command_0 sample=100/100 command=5/5 status=completed latency_ms=87.911 complete=1
[RUN] 081/090 trial=mosh_w1-s2_r09 streams=2
[LIVE] mosh_w1-s2_r09 command_0 sample=1/100 command=1/5 status=completed latency_ms=214.106 complete=0
[LIVE] mosh_w1-s2_r09 command_1 sample=1/100 command=1/5 status=completed latency_ms=214.642 complete=0
[LIVE] mosh_w1-s2_r09 command_1 sample=10/100 command=5/5 status=completed latency_ms=80.738 complete=0
[LIVE] mosh_w1-s2_r09 command_0 sample=10/100 command=5/5 status=completed latency_ms=80.956 complete=0
[LIVE] mosh_w1-s2_r09 command_1 sample=20/100 command=5/5 status=completed latency_ms=101.878 complete=0
[LIVE] mosh_w1-s2_r09 command_0 sample=20/100 command=5/5 status=completed latency_ms=99.452 complete=0
[LIVE] mosh_w1-s2_r09 command_1 sample=30/100 command=5/5 status=completed latency_ms=89.596 complete=0
[LIVE] mosh_w1-s2_r09 command_0 sample=30/100 command=5/5 status=completed latency_ms=110.920 complete=0
[LIVE] mosh_w1-s2_r09 command_1 sample=40/100 command=5/5 status=completed latency_ms=103.309 complete=0
[LIVE] mosh_w1-s2_r09 command_0 sample=40/100 command=5/5 status=completed latency_ms=60.006 complete=0
[LIVE] mosh_w1-s2_r09 command_1 sample=50/100 command=5/5 status=completed latency_ms=54.932 complete=0
[LIVE] mosh_w1-s2_r09 command_1 sample=60/100 command=5/5 status=completed latency_ms=80.053 complete=0
[LIVE] mosh_w1-s2_r09 command_1 sample=70/100 command=5/5 status=completed latency_ms=52.094 complete=0
[LIVE] mosh_w1-s2_r09 command_1 sample=80/100 command=5/5 status=completed latency_ms=99.276 complete=0
[LIVE] mosh_w1-s2_r09 command_1 sample=90/100 command=5/5 status=completed latency_ms=58.718 complete=0
[LIVE] mosh_w1-s2_r09 command_1 sample=100/100 command=5/5 status=completed latency_ms=53.309 complete=0
[LIVE] mosh_w1-s2_r09 command_0 sample=50/100 command=5/5 status=completed latency_ms=119.981 complete=0
[LIVE] mosh_w1-s2_r09 command_0 sample=60/100 command=5/5 status=completed latency_ms=88.576 complete=0
[LIVE] mosh_w1-s2_r09 command_0 sample=70/100 command=5/5 status=completed latency_ms=102.769 complete=0
[LIVE] mosh_w1-s2_r09 command_0 sample=80/100 command=5/5 status=completed latency_ms=104.751 complete=0
[LIVE] mosh_w1-s2_r09 command_0 sample=90/100 command=5/5 status=completed latency_ms=75.070 complete=0
[LIVE] mosh_w1-s2_r09 command_0 sample=100/100 command=5/5 status=completed latency_ms=69.727 complete=0
[RUN] 082/090 trial=ssh_w1-s4_r10 streams=4
[LIVE] ssh_w1-s4_r10 command_1 sample=1/100 command=1/5 status=completed latency_ms=119.244 complete=1
[LIVE] ssh_w1-s4_r10 command_3 sample=1/100 command=1/5 status=completed latency_ms=121.341 complete=1
[LIVE] ssh_w1-s4_r10 command_0 sample=1/100 command=1/5 status=completed latency_ms=122.597 complete=1
[LIVE] ssh_w1-s4_r10 command_2 sample=1/100 command=1/5 status=completed latency_ms=230.932 complete=1
[LIVE] ssh_w1-s4_r10 command_3 sample=10/100 command=5/5 status=completed latency_ms=47.242 complete=1
[LIVE] ssh_w1-s4_r10 command_0 sample=10/100 command=5/5 status=completed latency_ms=73.828 complete=1
[LIVE] ssh_w1-s4_r10 command_2 sample=10/100 command=5/5 status=completed latency_ms=68.567 complete=1
[LIVE] ssh_w1-s4_r10 command_1 sample=10/100 command=5/5 status=completed latency_ms=51.826 complete=1
[LIVE] ssh_w1-s4_r10 command_3 sample=20/100 command=5/5 status=completed latency_ms=55.728 complete=1
[LIVE] ssh_w1-s4_r10 command_2 sample=20/100 command=5/5 status=completed latency_ms=57.374 complete=1
[LIVE] ssh_w1-s4_r10 command_0 sample=20/100 command=5/5 status=completed latency_ms=57.719 complete=1
[LIVE] ssh_w1-s4_r10 command_1 sample=20/100 command=5/5 status=completed latency_ms=72.684 complete=1
[LIVE] ssh_w1-s4_r10 command_3 sample=30/100 command=5/5 status=completed latency_ms=194.783 complete=1
[LIVE] ssh_w1-s4_r10 command_2 sample=30/100 command=5/5 status=completed latency_ms=188.423 complete=1
[LIVE] ssh_w1-s4_r10 command_0 sample=30/100 command=5/5 status=completed latency_ms=145.144 complete=1
[LIVE] ssh_w1-s4_r10 command_1 sample=30/100 command=5/5 status=completed latency_ms=71.850 complete=1
[LIVE] ssh_w1-s4_r10 command_3 sample=40/100 command=5/5 status=completed latency_ms=108.689 complete=1
[LIVE] ssh_w1-s4_r10 command_0 sample=40/100 command=5/5 status=completed latency_ms=60.833 complete=1
[LIVE] ssh_w1-s4_r10 command_2 sample=40/100 command=5/5 status=completed latency_ms=60.019 complete=1
[LIVE] ssh_w1-s4_r10 command_1 sample=40/100 command=5/5 status=completed latency_ms=120.070 complete=1
[LIVE] ssh_w1-s4_r10 command_3 sample=50/100 command=5/5 status=completed latency_ms=79.473 complete=1
[LIVE] ssh_w1-s4_r10 command_0 sample=50/100 command=5/5 status=completed latency_ms=52.663 complete=1
[LIVE] ssh_w1-s4_r10 command_2 sample=50/100 command=5/5 status=completed latency_ms=48.825 complete=1
[LIVE] ssh_w1-s4_r10 command_1 sample=50/100 command=5/5 status=completed latency_ms=50.383 complete=1
[LIVE] ssh_w1-s4_r10 command_2 sample=60/100 command=5/5 status=completed latency_ms=218.928 complete=1
[LIVE] ssh_w1-s4_r10 command_0 sample=60/100 command=5/5 status=completed latency_ms=127.311 complete=1
[LIVE] ssh_w1-s4_r10 command_3 sample=60/100 command=5/5 status=completed latency_ms=254.062 complete=1
[LIVE] ssh_w1-s4_r10 command_1 sample=60/100 command=5/5 status=completed latency_ms=72.909 complete=1
[LIVE] ssh_w1-s4_r10 command_3 sample=70/100 command=5/5 status=completed latency_ms=64.710 complete=1
[LIVE] ssh_w1-s4_r10 command_0 sample=70/100 command=5/5 status=completed latency_ms=44.895 complete=1
[LIVE] ssh_w1-s4_r10 command_2 sample=70/100 command=5/5 status=completed latency_ms=89.647 complete=1
[LIVE] ssh_w1-s4_r10 command_1 sample=70/100 command=5/5 status=completed latency_ms=153.620 complete=1
[LIVE] ssh_w1-s4_r10 command_0 sample=80/100 command=5/5 status=completed latency_ms=117.482 complete=1
[LIVE] ssh_w1-s4_r10 command_3 sample=80/100 command=5/5 status=completed latency_ms=118.787 complete=1
[LIVE] ssh_w1-s4_r10 command_2 sample=80/100 command=5/5 status=completed latency_ms=62.404 complete=1
[LIVE] ssh_w1-s4_r10 command_1 sample=80/100 command=5/5 status=completed latency_ms=81.763 complete=1
[LIVE] ssh_w1-s4_r10 command_3 sample=90/100 command=5/5 status=completed latency_ms=68.052 complete=1
[LIVE] ssh_w1-s4_r10 command_0 sample=90/100 command=5/5 status=completed latency_ms=86.662 complete=1
[LIVE] ssh_w1-s4_r10 command_1 sample=90/100 command=5/5 status=completed latency_ms=72.194 complete=1
[LIVE] ssh_w1-s4_r10 command_2 sample=90/100 command=5/5 status=completed latency_ms=57.816 complete=1
[LIVE] ssh_w1-s4_r10 command_3 sample=100/100 command=5/5 status=completed latency_ms=47.870 complete=1
[LIVE] ssh_w1-s4_r10 command_1 sample=100/100 command=5/5 status=completed latency_ms=67.753 complete=1
[LIVE] ssh_w1-s4_r10 command_0 sample=100/100 command=5/5 status=completed latency_ms=106.645 complete=1
[LIVE] ssh_w1-s4_r10 command_2 sample=100/100 command=5/5 status=completed latency_ms=32.373 complete=1
[RUN] 083/090 trial=ssh3_w1-s1_r10 streams=1
[LIVE] ssh3_w1-s1_r10 command_0 sample=1/100 command=1/5 status=completed latency_ms=35.082 complete=1
[LIVE] ssh3_w1-s1_r10 command_0 sample=10/100 command=5/5 status=completed latency_ms=63.543 complete=1
[LIVE] ssh3_w1-s1_r10 command_0 sample=20/100 command=5/5 status=completed latency_ms=85.123 complete=1
[LIVE] ssh3_w1-s1_r10 command_0 sample=30/100 command=5/5 status=completed latency_ms=63.818 complete=1
[LIVE] ssh3_w1-s1_r10 command_0 sample=40/100 command=5/5 status=completed latency_ms=46.114 complete=1
[LIVE] ssh3_w1-s1_r10 command_0 sample=50/100 command=5/5 status=completed latency_ms=52.266 complete=1
[LIVE] ssh3_w1-s1_r10 command_0 sample=60/100 command=5/5 status=completed latency_ms=43.553 complete=1
[LIVE] ssh3_w1-s1_r10 command_0 sample=70/100 command=5/5 status=completed latency_ms=161.746 complete=1
[LIVE] ssh3_w1-s1_r10 command_0 sample=80/100 command=5/5 status=completed latency_ms=69.755 complete=1
[LIVE] ssh3_w1-s1_r10 command_0 sample=90/100 command=5/5 status=completed latency_ms=47.338 complete=1
[LIVE] ssh3_w1-s1_r10 command_0 sample=100/100 command=5/5 status=completed latency_ms=46.667 complete=1
[RUN] 084/090 trial=mosh_w1-s4_r10 streams=4
[LIVE] mosh_w1-s4_r10 command_2 sample=1/100 command=1/5 status=completed latency_ms=207.345 complete=0
[LIVE] mosh_w1-s4_r10 command_3 sample=1/100 command=1/5 status=completed latency_ms=208.287 complete=0
[LIVE] mosh_w1-s4_r10 command_0 sample=1/100 command=1/5 status=completed latency_ms=259.060 complete=0
[LIVE] mosh_w1-s4_r10 command_1 sample=1/100 command=1/5 status=completed latency_ms=259.566 complete=0
[LIVE] mosh_w1-s4_r10 command_0 sample=10/100 command=5/5 status=completed latency_ms=387.786 complete=0
[LIVE] mosh_w1-s4_r10 command_3 sample=10/100 command=5/5 status=completed latency_ms=141.733 complete=0
[LIVE] mosh_w1-s4_r10 command_1 sample=10/100 command=5/5 status=completed latency_ms=393.918 complete=0
[LIVE] mosh_w1-s4_r10 command_2 sample=10/100 command=5/5 status=completed latency_ms=316.726 complete=0
[LIVE] mosh_w1-s4_r10 command_0 sample=20/100 command=5/5 status=completed latency_ms=90.782 complete=0
[LIVE] mosh_w1-s4_r10 command_1 sample=20/100 command=5/5 status=completed latency_ms=101.338 complete=0
[LIVE] mosh_w1-s4_r10 command_3 sample=20/100 command=5/5 status=completed latency_ms=111.739 complete=0
[LIVE] mosh_w1-s4_r10 command_2 sample=20/100 command=5/5 status=completed latency_ms=138.808 complete=0
[LIVE] mosh_w1-s4_r10 command_0 sample=30/100 command=5/5 status=completed latency_ms=101.858 complete=0
[LIVE] mosh_w1-s4_r10 command_3 sample=30/100 command=5/5 status=completed latency_ms=101.632 complete=0
[LIVE] mosh_w1-s4_r10 command_1 sample=30/100 command=5/5 status=completed latency_ms=170.748 complete=0
[LIVE] mosh_w1-s4_r10 command_2 sample=30/100 command=5/5 status=completed latency_ms=170.441 complete=0
[LIVE] mosh_w1-s4_r10 command_3 sample=40/100 command=5/5 status=completed latency_ms=262.768 complete=0
[LIVE] mosh_w1-s4_r10 command_0 sample=40/100 command=5/5 status=completed latency_ms=308.511 complete=0
[LIVE] mosh_w1-s4_r10 command_1 sample=40/100 command=5/5 status=completed latency_ms=399.056 complete=0
[LIVE] mosh_w1-s4_r10 command_2 sample=40/100 command=5/5 status=completed latency_ms=393.705 complete=0
[LIVE] mosh_w1-s4_r10 command_0 sample=50/100 command=5/5 status=completed latency_ms=88.928 complete=0
[LIVE] mosh_w1-s4_r10 command_2 sample=50/100 command=5/5 status=completed latency_ms=469.649 complete=0
[LIVE] mosh_w1-s4_r10 command_1 sample=50/100 command=5/5 status=completed latency_ms=433.364 complete=0
[LIVE] mosh_w1-s4_r10 command_0 sample=60/100 command=5/5 status=completed latency_ms=113.952 complete=0
[LIVE] mosh_w1-s4_r10 command_1 sample=60/100 command=5/5 status=completed latency_ms=119.680 complete=0
[LIVE] mosh_w1-s4_r10 command_2 sample=60/100 command=5/5 status=completed latency_ms=115.089 complete=0
[LIVE] mosh_w1-s4_r10 command_1 sample=70/100 command=5/5 status=completed latency_ms=101.991 complete=0
[LIVE] mosh_w1-s4_r10 command_0 sample=70/100 command=5/5 status=completed latency_ms=156.270 complete=0
[LIVE] mosh_w1-s4_r10 command_3 sample=50/100 command=5/5 status=completed latency_ms=79.427 complete=0
[LIVE] mosh_w1-s4_r10 command_3 sample=60/100 command=5/5 status=completed latency_ms=96.049 complete=0
[LIVE] mosh_w1-s4_r10 command_3 sample=70/100 command=5/5 status=completed latency_ms=61.872 complete=0
[LIVE] mosh_w1-s4_r10 command_1 sample=80/100 command=5/5 status=completed latency_ms=398.931 complete=0
[LIVE] mosh_w1-s4_r10 command_0 sample=80/100 command=5/5 status=completed latency_ms=108.304 complete=0
[LIVE] mosh_w1-s4_r10 command_2 sample=80/100 command=5/5 status=completed latency_ms=103.465 complete=0
[LIVE] mosh_w1-s4_r10 command_1 sample=90/100 command=5/5 status=completed latency_ms=89.729 complete=0
[LIVE] mosh_w1-s4_r10 command_0 sample=90/100 command=5/5 status=completed latency_ms=497.265 complete=0
[LIVE] mosh_w1-s4_r10 command_2 sample=90/100 command=5/5 status=completed latency_ms=340.088 complete=0
[LIVE] mosh_w1-s4_r10 command_1 sample=100/100 command=5/5 status=completed latency_ms=100.021 complete=0
[LIVE] mosh_w1-s4_r10 command_0 sample=100/100 command=5/5 status=completed latency_ms=136.468 complete=0
[LIVE] mosh_w1-s4_r10 command_2 sample=100/100 command=5/5 status=completed latency_ms=87.412 complete=0
[LIVE] mosh_w1-s4_r10 command_3 sample=90/100 command=5/5 status=completed latency_ms=90.877 complete=0
[LIVE] mosh_w1-s4_r10 command_3 sample=100/100 command=5/5 status=completed latency_ms=52.800 complete=0
[RUN] 085/090 trial=mosh_w1-s1_r10 streams=1
[LIVE] mosh_w1-s1_r10 command_0 sample=1/100 command=1/5 status=completed latency_ms=95.712 complete=0
[LIVE] mosh_w1-s1_r10 command_0 sample=10/100 command=5/5 status=completed latency_ms=78.284 complete=0
[LIVE] mosh_w1-s1_r10 command_0 sample=20/100 command=5/5 status=completed latency_ms=57.521 complete=0
[LIVE] mosh_w1-s1_r10 command_0 sample=30/100 command=5/5 status=completed latency_ms=64.096 complete=0
[LIVE] mosh_w1-s1_r10 command_0 sample=40/100 command=5/5 status=completed latency_ms=83.036 complete=0
[LIVE] mosh_w1-s1_r10 command_0 sample=50/100 command=5/5 status=completed latency_ms=58.339 complete=0
[LIVE] mosh_w1-s1_r10 command_0 sample=60/100 command=5/5 status=completed latency_ms=69.330 complete=0
[LIVE] mosh_w1-s1_r10 command_0 sample=70/100 command=5/5 status=completed latency_ms=90.844 complete=0
[LIVE] mosh_w1-s1_r10 command_0 sample=80/100 command=5/5 status=completed latency_ms=101.652 complete=0
[LIVE] mosh_w1-s1_r10 command_0 sample=90/100 command=5/5 status=completed latency_ms=366.764 complete=0
[LIVE] mosh_w1-s1_r10 command_0 sample=100/100 command=5/5 status=completed latency_ms=61.837 complete=0
[RUN] 086/090 trial=ssh_w1-s2_r10 streams=2
[LIVE] ssh_w1-s2_r10 command_0 sample=1/100 command=1/5 status=completed latency_ms=52.738 complete=1
[LIVE] ssh_w1-s2_r10 command_1 sample=1/100 command=1/5 status=completed latency_ms=54.477 complete=1
[LIVE] ssh_w1-s2_r10 command_0 sample=10/100 command=5/5 status=completed latency_ms=62.644 complete=1
[LIVE] ssh_w1-s2_r10 command_1 sample=10/100 command=5/5 status=completed latency_ms=83.648 complete=1
[LIVE] ssh_w1-s2_r10 command_0 sample=20/100 command=5/5 status=completed latency_ms=52.848 complete=1
[LIVE] ssh_w1-s2_r10 command_1 sample=20/100 command=5/5 status=completed latency_ms=377.229 complete=1
[LIVE] ssh_w1-s2_r10 command_0 sample=30/100 command=5/5 status=completed latency_ms=132.274 complete=1
[LIVE] ssh_w1-s2_r10 command_1 sample=30/100 command=5/5 status=completed latency_ms=83.164 complete=1
[LIVE] ssh_w1-s2_r10 command_0 sample=40/100 command=5/5 status=completed latency_ms=118.747 complete=1
[LIVE] ssh_w1-s2_r10 command_1 sample=40/100 command=5/5 status=completed latency_ms=119.715 complete=1
[LIVE] ssh_w1-s2_r10 command_0 sample=50/100 command=5/5 status=completed latency_ms=42.013 complete=1
[LIVE] ssh_w1-s2_r10 command_1 sample=50/100 command=5/5 status=completed latency_ms=50.189 complete=1
[LIVE] ssh_w1-s2_r10 command_0 sample=60/100 command=5/5 status=completed latency_ms=37.971 complete=1
[LIVE] ssh_w1-s2_r10 command_1 sample=60/100 command=5/5 status=completed latency_ms=106.542 complete=1
[LIVE] ssh_w1-s2_r10 command_0 sample=70/100 command=5/5 status=completed latency_ms=76.136 complete=1
[LIVE] ssh_w1-s2_r10 command_1 sample=70/100 command=5/5 status=completed latency_ms=99.755 complete=1
[LIVE] ssh_w1-s2_r10 command_0 sample=80/100 command=5/5 status=completed latency_ms=75.487 complete=1
[LIVE] ssh_w1-s2_r10 command_1 sample=80/100 command=5/5 status=completed latency_ms=42.479 complete=1
[LIVE] ssh_w1-s2_r10 command_0 sample=90/100 command=5/5 status=completed latency_ms=79.972 complete=1
[LIVE] ssh_w1-s2_r10 command_1 sample=90/100 command=5/5 status=completed latency_ms=73.518 complete=1
[LIVE] ssh_w1-s2_r10 command_0 sample=100/100 command=5/5 status=completed latency_ms=132.559 complete=1
[LIVE] ssh_w1-s2_r10 command_1 sample=100/100 command=5/5 status=completed latency_ms=36.518 complete=1
[RUN] 087/090 trial=ssh_w1-s1_r10 streams=1
[LIVE] ssh_w1-s1_r10 command_0 sample=1/100 command=1/5 status=completed latency_ms=126.606 complete=1
[LIVE] ssh_w1-s1_r10 command_0 sample=10/100 command=5/5 status=completed latency_ms=163.501 complete=1
[LIVE] ssh_w1-s1_r10 command_0 sample=20/100 command=5/5 status=completed latency_ms=52.951 complete=1
[LIVE] ssh_w1-s1_r10 command_0 sample=30/100 command=5/5 status=completed latency_ms=86.357 complete=1
[LIVE] ssh_w1-s1_r10 command_0 sample=40/100 command=5/5 status=completed latency_ms=78.349 complete=1
[LIVE] ssh_w1-s1_r10 command_0 sample=50/100 command=5/5 status=completed latency_ms=74.440 complete=1
[LIVE] ssh_w1-s1_r10 command_0 sample=60/100 command=5/5 status=completed latency_ms=49.414 complete=1
[LIVE] ssh_w1-s1_r10 command_0 sample=70/100 command=5/5 status=completed latency_ms=96.768 complete=1
[LIVE] ssh_w1-s1_r10 command_0 sample=80/100 command=5/5 status=completed latency_ms=84.316 complete=1
[LIVE] ssh_w1-s1_r10 command_0 sample=90/100 command=5/5 status=completed latency_ms=32.999 complete=1
[LIVE] ssh_w1-s1_r10 command_0 sample=100/100 command=5/5 status=completed latency_ms=91.234 complete=1
[RUN] 088/090 trial=ssh3_w1-s4_r10 streams=4
[LIVE] ssh3_w1-s4_r10 command_3 sample=1/100 command=1/5 status=completed latency_ms=79.046 complete=1
[LIVE] ssh3_w1-s4_r10 command_2 sample=1/100 command=1/5 status=completed latency_ms=86.982 complete=1
[LIVE] ssh3_w1-s4_r10 command_1 sample=1/100 command=1/5 status=completed latency_ms=100.406 complete=1
[LIVE] ssh3_w1-s4_r10 command_0 sample=1/100 command=1/5 status=completed latency_ms=103.057 complete=1
[LIVE] ssh3_w1-s4_r10 command_3 sample=10/100 command=5/5 status=completed latency_ms=22.342 complete=1
[LIVE] ssh3_w1-s4_r10 command_2 sample=10/100 command=5/5 status=completed latency_ms=51.528 complete=1
[LIVE] ssh3_w1-s4_r10 command_0 sample=10/100 command=5/5 status=completed latency_ms=55.740 complete=1
[LIVE] ssh3_w1-s4_r10 command_1 sample=10/100 command=5/5 status=completed latency_ms=65.247 complete=1
[LIVE] ssh3_w1-s4_r10 command_3 sample=20/100 command=5/5 status=completed latency_ms=63.256 complete=1
[LIVE] ssh3_w1-s4_r10 command_0 sample=20/100 command=5/5 status=completed latency_ms=67.973 complete=1
[LIVE] ssh3_w1-s4_r10 command_2 sample=20/100 command=5/5 status=completed latency_ms=50.823 complete=1
[LIVE] ssh3_w1-s4_r10 command_1 sample=20/100 command=5/5 status=completed latency_ms=33.545 complete=1
[LIVE] ssh3_w1-s4_r10 command_3 sample=30/100 command=5/5 status=completed latency_ms=64.317 complete=1
[LIVE] ssh3_w1-s4_r10 command_2 sample=30/100 command=5/5 status=completed latency_ms=69.932 complete=1
[LIVE] ssh3_w1-s4_r10 command_0 sample=30/100 command=5/5 status=completed latency_ms=99.460 complete=1
[LIVE] ssh3_w1-s4_r10 command_1 sample=30/100 command=5/5 status=completed latency_ms=54.998 complete=1
[LIVE] ssh3_w1-s4_r10 command_3 sample=40/100 command=5/5 status=completed latency_ms=93.342 complete=1
[LIVE] ssh3_w1-s4_r10 command_2 sample=40/100 command=5/5 status=completed latency_ms=58.176 complete=1
[LIVE] ssh3_w1-s4_r10 command_0 sample=40/100 command=5/5 status=completed latency_ms=58.187 complete=1
[LIVE] ssh3_w1-s4_r10 command_1 sample=40/100 command=5/5 status=completed latency_ms=39.630 complete=1
[LIVE] ssh3_w1-s4_r10 command_3 sample=50/100 command=5/5 status=completed latency_ms=91.260 complete=1
[LIVE] ssh3_w1-s4_r10 command_2 sample=50/100 command=5/5 status=completed latency_ms=33.046 complete=1
[LIVE] ssh3_w1-s4_r10 command_0 sample=50/100 command=5/5 status=completed latency_ms=60.298 complete=1
[LIVE] ssh3_w1-s4_r10 command_1 sample=50/100 command=5/5 status=completed latency_ms=38.364 complete=1
[LIVE] ssh3_w1-s4_r10 command_3 sample=60/100 command=5/5 status=completed latency_ms=68.059 complete=1
[LIVE] ssh3_w1-s4_r10 command_2 sample=60/100 command=5/5 status=completed latency_ms=76.601 complete=1
[LIVE] ssh3_w1-s4_r10 command_1 sample=60/100 command=5/5 status=completed latency_ms=55.723 complete=1
[LIVE] ssh3_w1-s4_r10 command_0 sample=60/100 command=5/5 status=completed latency_ms=65.296 complete=1
[LIVE] ssh3_w1-s4_r10 command_3 sample=70/100 command=5/5 status=completed latency_ms=6.970 complete=1
[LIVE] ssh3_w1-s4_r10 command_2 sample=70/100 command=5/5 status=completed latency_ms=44.908 complete=1
[LIVE] ssh3_w1-s4_r10 command_1 sample=70/100 command=5/5 status=completed latency_ms=65.701 complete=1
[LIVE] ssh3_w1-s4_r10 command_0 sample=70/100 command=5/5 status=completed latency_ms=51.809 complete=1
[LIVE] ssh3_w1-s4_r10 command_3 sample=80/100 command=5/5 status=completed latency_ms=217.708 complete=1
[LIVE] ssh3_w1-s4_r10 command_2 sample=80/100 command=5/5 status=completed latency_ms=67.668 complete=1
[LIVE] ssh3_w1-s4_r10 command_1 sample=80/100 command=5/5 status=completed latency_ms=26.265 complete=1
[LIVE] ssh3_w1-s4_r10 command_0 sample=80/100 command=5/5 status=completed latency_ms=86.113 complete=1
[LIVE] ssh3_w1-s4_r10 command_3 sample=90/100 command=5/5 status=completed latency_ms=36.207 complete=1
[LIVE] ssh3_w1-s4_r10 command_2 sample=90/100 command=5/5 status=completed latency_ms=41.512 complete=1
[LIVE] ssh3_w1-s4_r10 command_1 sample=90/100 command=5/5 status=completed latency_ms=56.366 complete=1
[LIVE] ssh3_w1-s4_r10 command_3 sample=100/100 command=5/5 status=completed latency_ms=60.097 complete=1
[LIVE] ssh3_w1-s4_r10 command_0 sample=90/100 command=5/5 status=completed latency_ms=64.500 complete=1
[LIVE] ssh3_w1-s4_r10 command_2 sample=100/100 command=5/5 status=completed latency_ms=43.254 complete=1
[LIVE] ssh3_w1-s4_r10 command_1 sample=100/100 command=5/5 status=completed latency_ms=43.037 complete=1
[LIVE] ssh3_w1-s4_r10 command_0 sample=100/100 command=5/5 status=completed latency_ms=80.557 complete=1
[RUN] 089/090 trial=mosh_w1-s2_r10 streams=2
[LIVE] mosh_w1-s2_r10 command_1 sample=1/100 command=1/5 status=completed latency_ms=129.769 complete=0
[LIVE] mosh_w1-s2_r10 command_0 sample=1/100 command=1/5 status=completed latency_ms=129.498 complete=0
[LIVE] mosh_w1-s2_r10 command_1 sample=10/100 command=5/5 status=completed latency_ms=94.985 complete=0
[LIVE] mosh_w1-s2_r10 command_0 sample=10/100 command=5/5 status=completed latency_ms=113.006 complete=0
[LIVE] mosh_w1-s2_r10 command_1 sample=20/100 command=5/5 status=completed latency_ms=47.823 complete=0
[LIVE] mosh_w1-s2_r10 command_1 sample=30/100 command=5/5 status=completed latency_ms=80.887 complete=0
[LIVE] mosh_w1-s2_r10 command_1 sample=40/100 command=5/5 status=completed latency_ms=98.648 complete=0
[LIVE] mosh_w1-s2_r10 command_1 sample=50/100 command=5/5 status=completed latency_ms=568.579 complete=0
[LIVE] mosh_w1-s2_r10 command_1 sample=60/100 command=5/5 status=completed latency_ms=98.071 complete=0
[LIVE] mosh_w1-s2_r10 command_1 sample=70/100 command=5/5 status=completed latency_ms=101.660 complete=0
[LIVE] mosh_w1-s2_r10 command_1 sample=80/100 command=5/5 status=completed latency_ms=102.543 complete=0
[LIVE] mosh_w1-s2_r10 command_1 sample=90/100 command=5/5 status=completed latency_ms=106.562 complete=0
[LIVE] mosh_w1-s2_r10 command_1 sample=100/100 command=5/5 status=completed latency_ms=100.618 complete=0
[LIVE] mosh_w1-s2_r10 command_0 sample=20/100 command=5/5 status=completed latency_ms=72.030 complete=0
[LIVE] mosh_w1-s2_r10 command_0 sample=30/100 command=5/5 status=completed latency_ms=69.824 complete=0
[LIVE] mosh_w1-s2_r10 command_0 sample=40/100 command=5/5 status=completed latency_ms=40.225 complete=0
[LIVE] mosh_w1-s2_r10 command_0 sample=50/100 command=5/5 status=completed latency_ms=119.288 complete=0
[LIVE] mosh_w1-s2_r10 command_0 sample=60/100 command=5/5 status=completed latency_ms=77.298 complete=0
[LIVE] mosh_w1-s2_r10 command_0 sample=70/100 command=5/5 status=completed latency_ms=112.043 complete=0
[LIVE] mosh_w1-s2_r10 command_0 sample=80/100 command=5/5 status=completed latency_ms=96.820 complete=0
[LIVE] mosh_w1-s2_r10 command_0 sample=90/100 command=5/5 status=completed latency_ms=79.244 complete=0
[LIVE] mosh_w1-s2_r10 command_0 sample=100/100 command=5/5 status=completed latency_ms=68.461 complete=0
[RUN] 090/090 trial=ssh3_w1-s2_r10 streams=2
[LIVE] ssh3_w1-s2_r10 command_1 sample=1/100 command=1/5 status=completed latency_ms=67.640 complete=1
[LIVE] ssh3_w1-s2_r10 command_0 sample=1/100 command=1/5 status=completed latency_ms=75.683 complete=1
[LIVE] ssh3_w1-s2_r10 command_0 sample=10/100 command=5/5 status=completed latency_ms=79.527 complete=1
[LIVE] ssh3_w1-s2_r10 command_1 sample=10/100 command=5/5 status=completed latency_ms=45.799 complete=1
[LIVE] ssh3_w1-s2_r10 command_0 sample=20/100 command=5/5 status=completed latency_ms=57.310 complete=1
[LIVE] ssh3_w1-s2_r10 command_1 sample=20/100 command=5/5 status=completed latency_ms=81.331 complete=1
[LIVE] ssh3_w1-s2_r10 command_0 sample=30/100 command=5/5 status=completed latency_ms=64.490 complete=1
[LIVE] ssh3_w1-s2_r10 command_1 sample=30/100 command=5/5 status=completed latency_ms=60.036 complete=1
[LIVE] ssh3_w1-s2_r10 command_0 sample=40/100 command=5/5 status=completed latency_ms=74.914 complete=1
[LIVE] ssh3_w1-s2_r10 command_1 sample=40/100 command=5/5 status=completed latency_ms=37.788 complete=1
[LIVE] ssh3_w1-s2_r10 command_0 sample=50/100 command=5/5 status=completed latency_ms=106.092 complete=1
[LIVE] ssh3_w1-s2_r10 command_1 sample=50/100 command=5/5 status=completed latency_ms=26.428 complete=1
[LIVE] ssh3_w1-s2_r10 command_0 sample=60/100 command=5/5 status=completed latency_ms=31.803 complete=1
[LIVE] ssh3_w1-s2_r10 command_1 sample=60/100 command=5/5 status=completed latency_ms=43.111 complete=1
[LIVE] ssh3_w1-s2_r10 command_0 sample=70/100 command=5/5 status=completed latency_ms=59.477 complete=1
[LIVE] ssh3_w1-s2_r10 command_1 sample=70/100 command=5/5 status=completed latency_ms=162.806 complete=1
[LIVE] ssh3_w1-s2_r10 command_0 sample=80/100 command=5/5 status=completed latency_ms=71.736 complete=1
[LIVE] ssh3_w1-s2_r10 command_1 sample=80/100 command=5/5 status=completed latency_ms=35.895 complete=1
[LIVE] ssh3_w1-s2_r10 command_0 sample=90/100 command=5/5 status=completed latency_ms=108.581 complete=1
[LIVE] ssh3_w1-s2_r10 command_1 sample=90/100 command=5/5 status=completed latency_ms=57.703 complete=1
[LIVE] ssh3_w1-s2_r10 command_0 sample=100/100 command=5/5 status=completed latency_ms=50.262 complete=1
[LIVE] ssh3_w1-s2_r10 command_1 sample=100/100 command=5/5 status=completed latency_ms=84.576 complete=1
Saved 90 W1 trials to artifacts/results; samples_per_stream_role=1000
Saved W1 summaries to artifacts/results
SSH3 multiplex verification PASSED: 30 trials, one UDP socket and conversation with unique QUIC stream IDs per role
Done. See artifacts/results/scenario_summary.csv
