[RUN] order=001/030 block=01/10 trial=ssh3_r01
[READY] trial=ssh3_r01 session_setup_ms=467.755
[LIVE] trial=ssh3_r01 loop=001/011 command=1/5 status=success latency_ms=104.561
[LIVE] trial=ssh3_r01 loop=001/011 command=2/5 status=success latency_ms=89.389
[LIVE] trial=ssh3_r01 loop=001/011 command=3/5 status=success latency_ms=56.341
[LIVE] trial=ssh3_r01 loop=001/011 command=4/5 status=success latency_ms=189.064
[LIVE] trial=ssh3_r01 loop=001/011 command=5/5 status=success latency_ms=53.621
[LIVE] trial=ssh3_r01 loop=002/011 command=1/5 status=success latency_ms=52.958
[LIVE] trial=ssh3_r01 loop=002/011 command=2/5 status=success latency_ms=65.942
[LIVE] trial=ssh3_r01 loop=002/011 command=3/5 status=success latency_ms=62.581
[LIVE] trial=ssh3_r01 loop=002/011 command=4/5 status=success latency_ms=223.153
[LIVE] trial=ssh3_r01 loop=002/011 command=5/5 status=success latency_ms=61.737
[LIVE] trial=ssh3_r01 loop=003/011 command=1/5 status=success latency_ms=107.601
[LIVE] trial=ssh3_r01 loop=003/011 command=2/5 status=success latency_ms=39.665
[LIVE] trial=ssh3_r01 loop=003/011 command=3/5 status=success latency_ms=42.740
[LIVE] trial=ssh3_r01 loop=003/011 command=4/5 status=success latency_ms=218.207
[LIVE] trial=ssh3_r01 loop=003/011 command=5/5 status=success latency_ms=42.114
[LIVE] trial=ssh3_r01 loop=004/011 command=1/5 status=success latency_ms=47.046
[LIVE] trial=ssh3_r01 loop=004/011 command=2/5 status=success latency_ms=101.764
[LIVE] trial=ssh3_r01 loop=004/011 command=3/5 status=success latency_ms=188.246
[LIVE] trial=ssh3_r01 loop=004/011 command=4/5 status=success latency_ms=224.925
[LIVE] trial=ssh3_r01 loop=004/011 command=5/5 status=success latency_ms=85.876
[LIVE] trial=ssh3_r01 loop=005/011 command=1/5 status=success latency_ms=89.350
[LIVE] trial=ssh3_r01 loop=005/011 command=2/5 status=success latency_ms=83.149
[LIVE] trial=ssh3_r01 loop=005/011 command=3/5 status=success latency_ms=186.072
[LIVE] trial=ssh3_r01 loop=005/011 command=4/5 status=success latency_ms=261.691
[LIVE] trial=ssh3_r01 loop=005/011 command=5/5 status=success latency_ms=82.009
[LIVE] trial=ssh3_r01 loop=006/011 command=1/5 status=success latency_ms=36.007
[LIVE] trial=ssh3_r01 loop=006/011 command=2/5 status=success latency_ms=43.975
[LIVE] trial=ssh3_r01 loop=006/011 command=3/5 status=success latency_ms=56.232
[LIVE] trial=ssh3_r01 loop=006/011 command=4/5 status=success latency_ms=263.885
[LIVE] trial=ssh3_r01 loop=006/011 command=5/5 status=success latency_ms=69.261
[LIVE] trial=ssh3_r01 loop=007/011 command=1/5 status=success latency_ms=117.341
[LIVE] trial=ssh3_r01 loop=007/011 command=2/5 status=success latency_ms=83.231
[LIVE] trial=ssh3_r01 loop=007/011 command=3/5 status=success latency_ms=62.418
[LIVE] trial=ssh3_r01 loop=007/011 command=4/5 status=success latency_ms=343.756
[LIVE] trial=ssh3_r01 loop=007/011 command=5/5 status=success latency_ms=212.066
[LIVE] trial=ssh3_r01 loop=008/011 command=1/5 status=success latency_ms=41.929
[LIVE] trial=ssh3_r01 loop=008/011 command=2/5 status=success latency_ms=70.968
[LIVE] trial=ssh3_r01 loop=008/011 command=3/5 status=success latency_ms=71.318
[LIVE] trial=ssh3_r01 loop=008/011 command=4/5 status=success latency_ms=351.781
[LIVE] trial=ssh3_r01 loop=008/011 command=5/5 status=success latency_ms=62.059
[LIVE] trial=ssh3_r01 loop=009/011 command=1/5 status=success latency_ms=42.533
[LIVE] trial=ssh3_r01 loop=009/011 command=2/5 status=success latency_ms=78.048
[LIVE] trial=ssh3_r01 loop=009/011 command=3/5 status=success latency_ms=42.101
[LIVE] trial=ssh3_r01 loop=009/011 command=4/5 status=success latency_ms=273.651
[LIVE] trial=ssh3_r01 loop=009/011 command=5/5 status=success latency_ms=56.148
[LIVE] trial=ssh3_r01 loop=010/011 command=1/5 status=success latency_ms=65.748
[LIVE] trial=ssh3_r01 loop=010/011 command=2/5 status=success latency_ms=62.089
[LIVE] trial=ssh3_r01 loop=010/011 command=3/5 status=success latency_ms=60.622
[LIVE] trial=ssh3_r01 loop=010/011 command=4/5 status=success latency_ms=189.116
[LIVE] trial=ssh3_r01 loop=010/011 command=5/5 status=success latency_ms=41.559
[LIVE] trial=ssh3_r01 loop=011/011 command=1/5 status=success latency_ms=75.315
[LIVE] trial=ssh3_r01 loop=011/011 command=2/5 status=success latency_ms=72.428
[LIVE] trial=ssh3_r01 loop=011/011 command=3/5 status=success latency_ms=30.914
[LIVE] trial=ssh3_r01 loop=011/011 command=4/5 status=success latency_ms=267.134
[LIVE] trial=ssh3_r01 loop=011/011 command=5/5 status=success latency_ms=67.667
[RUN] order=002/030 block=01/10 trial=ssh_r01
[READY] trial=ssh_r01 session_setup_ms=952.377
[LIVE] trial=ssh_r01 loop=001/011 command=1/5 status=success latency_ms=63.307
[LIVE] trial=ssh_r01 loop=001/011 command=2/5 status=success latency_ms=106.565
[LIVE] trial=ssh_r01 loop=001/011 command=3/5 status=success latency_ms=70.533
[LIVE] trial=ssh_r01 loop=001/011 command=4/5 status=success latency_ms=234.672
[LIVE] trial=ssh_r01 loop=001/011 command=5/5 status=success latency_ms=131.144
[LIVE] trial=ssh_r01 loop=002/011 command=1/5 status=success latency_ms=98.905
[LIVE] trial=ssh_r01 loop=002/011 command=2/5 status=success latency_ms=104.793
[LIVE] trial=ssh_r01 loop=002/011 command=3/5 status=success latency_ms=100.285
[LIVE] trial=ssh_r01 loop=002/011 command=4/5 status=success latency_ms=247.581
[LIVE] trial=ssh_r01 loop=002/011 command=5/5 status=success latency_ms=83.382
[LIVE] trial=ssh_r01 loop=003/011 command=1/5 status=success latency_ms=78.838
[LIVE] trial=ssh_r01 loop=003/011 command=2/5 status=success latency_ms=109.874
[LIVE] trial=ssh_r01 loop=003/011 command=3/5 status=success latency_ms=124.272
[LIVE] trial=ssh_r01 loop=003/011 command=4/5 status=success latency_ms=447.823
[LIVE] trial=ssh_r01 loop=003/011 command=5/5 status=success latency_ms=59.211
[LIVE] trial=ssh_r01 loop=004/011 command=1/5 status=success latency_ms=83.720
[LIVE] trial=ssh_r01 loop=004/011 command=2/5 status=success latency_ms=99.535
[LIVE] trial=ssh_r01 loop=004/011 command=3/5 status=success latency_ms=93.910
[LIVE] trial=ssh_r01 loop=004/011 command=4/5 status=success latency_ms=307.001
[LIVE] trial=ssh_r01 loop=004/011 command=5/5 status=success latency_ms=95.842
[LIVE] trial=ssh_r01 loop=005/011 command=1/5 status=success latency_ms=78.778
[LIVE] trial=ssh_r01 loop=005/011 command=2/5 status=success latency_ms=64.365
[LIVE] trial=ssh_r01 loop=005/011 command=3/5 status=success latency_ms=149.007
[LIVE] trial=ssh_r01 loop=005/011 command=4/5 status=success latency_ms=245.546
[LIVE] trial=ssh_r01 loop=005/011 command=5/5 status=success latency_ms=65.674
[LIVE] trial=ssh_r01 loop=006/011 command=1/5 status=success latency_ms=75.624
[LIVE] trial=ssh_r01 loop=006/011 command=2/5 status=success latency_ms=82.223
[LIVE] trial=ssh_r01 loop=006/011 command=3/5 status=success latency_ms=97.698
[LIVE] trial=ssh_r01 loop=006/011 command=4/5 status=success latency_ms=197.812
[LIVE] trial=ssh_r01 loop=006/011 command=5/5 status=success latency_ms=68.660
[LIVE] trial=ssh_r01 loop=007/011 command=1/5 status=success latency_ms=63.911
[LIVE] trial=ssh_r01 loop=007/011 command=2/5 status=success latency_ms=141.346
[LIVE] trial=ssh_r01 loop=007/011 command=3/5 status=success latency_ms=94.158
[LIVE] trial=ssh_r01 loop=007/011 command=4/5 status=success latency_ms=290.165
[LIVE] trial=ssh_r01 loop=007/011 command=5/5 status=success latency_ms=86.975
[LIVE] trial=ssh_r01 loop=008/011 command=1/5 status=success latency_ms=94.198
[LIVE] trial=ssh_r01 loop=008/011 command=2/5 status=success latency_ms=42.649
[LIVE] trial=ssh_r01 loop=008/011 command=3/5 status=success latency_ms=85.039
[LIVE] trial=ssh_r01 loop=008/011 command=4/5 status=success latency_ms=322.479
[LIVE] trial=ssh_r01 loop=008/011 command=5/5 status=success latency_ms=88.264
[LIVE] trial=ssh_r01 loop=009/011 command=1/5 status=success latency_ms=70.859
[LIVE] trial=ssh_r01 loop=009/011 command=2/5 status=success latency_ms=82.611
[LIVE] trial=ssh_r01 loop=009/011 command=3/5 status=success latency_ms=94.469
[LIVE] trial=ssh_r01 loop=009/011 command=4/5 status=success latency_ms=308.879
[LIVE] trial=ssh_r01 loop=009/011 command=5/5 status=success latency_ms=96.422
[LIVE] trial=ssh_r01 loop=010/011 command=1/5 status=success latency_ms=59.610
[LIVE] trial=ssh_r01 loop=010/011 command=2/5 status=success latency_ms=92.673
[LIVE] trial=ssh_r01 loop=010/011 command=3/5 status=success latency_ms=116.920
[LIVE] trial=ssh_r01 loop=010/011 command=4/5 status=success latency_ms=306.977
[LIVE] trial=ssh_r01 loop=010/011 command=5/5 status=success latency_ms=87.116
[LIVE] trial=ssh_r01 loop=011/011 command=1/5 status=success latency_ms=95.866
[LIVE] trial=ssh_r01 loop=011/011 command=2/5 status=success latency_ms=121.146
[LIVE] trial=ssh_r01 loop=011/011 command=3/5 status=success latency_ms=92.443
[LIVE] trial=ssh_r01 loop=011/011 command=4/5 status=success latency_ms=220.912
[LIVE] trial=ssh_r01 loop=011/011 command=5/5 status=success latency_ms=55.402
[RUN] order=003/030 block=01/10 trial=mosh_r01
[READY] trial=mosh_r01 session_setup_ms=1404.915
[LIVE] trial=mosh_r01 loop=001/011 command=1/5 status=success latency_ms=45.006
[LIVE] trial=mosh_r01 loop=001/011 command=2/5 status=success latency_ms=31.156
[LIVE] trial=mosh_r01 loop=001/011 command=3/5 status=success latency_ms=70.553
[LIVE] trial=mosh_r01 loop=001/011 command=4/5 status=success latency_ms=122.769
[LIVE] trial=mosh_r01 loop=001/011 command=5/5 status=success latency_ms=366.485
[LIVE] trial=mosh_r01 loop=002/011 command=1/5 status=success latency_ms=327.966
[LIVE] trial=mosh_r01 loop=002/011 command=2/5 status=success latency_ms=44.188
[LIVE] trial=mosh_r01 loop=002/011 command=3/5 status=success latency_ms=79.162
[LIVE] trial=mosh_r01 loop=002/011 command=4/5 status=success latency_ms=311.647
[LIVE] trial=mosh_r01 loop=002/011 command=5/5 status=success latency_ms=333.169
[LIVE] trial=mosh_r01 loop=003/011 command=1/5 status=success latency_ms=41.638
[LIVE] trial=mosh_r01 loop=003/011 command=2/5 status=success latency_ms=40.063
[LIVE] trial=mosh_r01 loop=003/011 command=3/5 status=success latency_ms=71.554
[LIVE] trial=mosh_r01 loop=003/011 command=4/5 status=success latency_ms=78.843
[LIVE] trial=mosh_r01 loop=003/011 command=5/5 status=success latency_ms=178.572
[LIVE] trial=mosh_r01 loop=004/011 command=1/5 status=success latency_ms=40.883
[LIVE] trial=mosh_r01 loop=004/011 command=2/5 status=success latency_ms=38.612
[LIVE] trial=mosh_r01 loop=004/011 command=3/5 status=success latency_ms=59.827
[LIVE] trial=mosh_r01 loop=004/011 command=4/5 status=success latency_ms=62.596
[LIVE] trial=mosh_r01 loop=004/011 command=5/5 status=success latency_ms=22.012
[LIVE] trial=mosh_r01 loop=005/011 command=1/5 status=success latency_ms=84.089
[LIVE] trial=mosh_r01 loop=005/011 command=2/5 status=success latency_ms=82.153
[LIVE] trial=mosh_r01 loop=005/011 command=3/5 status=success latency_ms=102.460
[LIVE] trial=mosh_r01 loop=005/011 command=4/5 status=success latency_ms=314.858
[LIVE] trial=mosh_r01 loop=005/011 command=5/5 status=success latency_ms=90.039
[LIVE] trial=mosh_r01 loop=006/011 command=1/5 status=success latency_ms=74.512
[LIVE] trial=mosh_r01 loop=006/011 command=2/5 status=success latency_ms=93.861
[LIVE] trial=mosh_r01 loop=006/011 command=3/5 status=success latency_ms=31.379
[RUN] order=004/030 block=02/10 trial=mosh_r02
[READY] trial=mosh_r02 session_setup_ms=1528.988
[LIVE] trial=mosh_r02 loop=001/011 command=1/5 status=success latency_ms=38.059
[LIVE] trial=mosh_r02 loop=001/011 command=2/5 status=success latency_ms=86.357
[LIVE] trial=mosh_r02 loop=001/011 command=3/5 status=success latency_ms=52.500
[LIVE] trial=mosh_r02 loop=001/011 command=4/5 status=success latency_ms=103.234
[LIVE] trial=mosh_r02 loop=001/011 command=5/5 status=success latency_ms=48.164
[LIVE] trial=mosh_r02 loop=002/011 command=1/5 status=success latency_ms=55.189
[LIVE] trial=mosh_r02 loop=002/011 command=2/5 status=success latency_ms=40.377
[LIVE] trial=mosh_r02 loop=002/011 command=3/5 status=success latency_ms=63.424
[LIVE] trial=mosh_r02 loop=002/011 command=4/5 status=success latency_ms=114.088
[LIVE] trial=mosh_r02 loop=002/011 command=5/5 status=success latency_ms=37.834
[LIVE] trial=mosh_r02 loop=003/011 command=1/5 status=success latency_ms=54.159
[LIVE] trial=mosh_r02 loop=003/011 command=2/5 status=success latency_ms=100.428
[LIVE] trial=mosh_r02 loop=003/011 command=3/5 status=success latency_ms=53.644
[LIVE] trial=mosh_r02 loop=003/011 command=4/5 status=success latency_ms=440.140
[LIVE] trial=mosh_r02 loop=003/011 command=5/5 status=success latency_ms=56.417
[LIVE] trial=mosh_r02 loop=004/011 command=1/5 status=success latency_ms=42.576
[LIVE] trial=mosh_r02 loop=004/011 command=2/5 status=success latency_ms=53.887
[LIVE] trial=mosh_r02 loop=004/011 command=3/5 status=success latency_ms=37.693
[LIVE] trial=mosh_r02 loop=004/011 command=4/5 status=success latency_ms=85.359
[LIVE] trial=mosh_r02 loop=004/011 command=5/5 status=success latency_ms=57.817
[LIVE] trial=mosh_r02 loop=005/011 command=1/5 status=success latency_ms=59.013
[LIVE] trial=mosh_r02 loop=005/011 command=2/5 status=success latency_ms=58.048
[LIVE] trial=mosh_r02 loop=005/011 command=3/5 status=success latency_ms=58.821
[LIVE] trial=mosh_r02 loop=005/011 command=4/5 status=success latency_ms=101.632
[LIVE] trial=mosh_r02 loop=005/011 command=5/5 status=success latency_ms=327.195
[LIVE] trial=mosh_r02 loop=006/011 command=1/5 status=success latency_ms=73.994
[LIVE] trial=mosh_r02 loop=006/011 command=2/5 status=success latency_ms=39.254
[LIVE] trial=mosh_r02 loop=006/011 command=3/5 status=success latency_ms=96.946
[LIVE] trial=mosh_r02 loop=006/011 command=4/5 status=success latency_ms=68.085
[LIVE] trial=mosh_r02 loop=006/011 command=5/5 status=success latency_ms=32.216
[LIVE] trial=mosh_r02 loop=007/011 command=1/5 status=success latency_ms=50.772
[LIVE] trial=mosh_r02 loop=007/011 command=2/5 status=success latency_ms=76.828
[LIVE] trial=mosh_r02 loop=007/011 command=3/5 status=success latency_ms=39.362
[LIVE] trial=mosh_r02 loop=007/011 command=4/5 status=success latency_ms=198.789
[LIVE] trial=mosh_r02 loop=007/011 command=5/5 status=success latency_ms=47.372
[LIVE] trial=mosh_r02 loop=008/011 command=1/5 status=success latency_ms=55.135
[LIVE] trial=mosh_r02 loop=008/011 command=2/5 status=success latency_ms=42.896
[LIVE] trial=mosh_r02 loop=008/011 command=3/5 status=success latency_ms=37.883
[LIVE] trial=mosh_r02 loop=008/011 command=4/5 status=success latency_ms=83.339
[LIVE] trial=mosh_r02 loop=008/011 command=5/5 status=success latency_ms=90.679
[LIVE] trial=mosh_r02 loop=009/011 command=1/5 status=success latency_ms=57.369
[LIVE] trial=mosh_r02 loop=009/011 command=2/5 status=success latency_ms=44.035
[LIVE] trial=mosh_r02 loop=009/011 command=3/5 status=success latency_ms=37.860
[RUN] order=005/030 block=02/10 trial=ssh_r02
[READY] trial=ssh_r02 session_setup_ms=817.395
[LIVE] trial=ssh_r02 loop=001/011 command=1/5 status=success latency_ms=49.735
[LIVE] trial=ssh_r02 loop=001/011 command=2/5 status=success latency_ms=96.809
[LIVE] trial=ssh_r02 loop=001/011 command=3/5 status=success latency_ms=63.070
[LIVE] trial=ssh_r02 loop=001/011 command=4/5 status=success latency_ms=183.836
[LIVE] trial=ssh_r02 loop=001/011 command=5/5 status=success latency_ms=73.263
[LIVE] trial=ssh_r02 loop=002/011 command=1/5 status=success latency_ms=102.050
[LIVE] trial=ssh_r02 loop=002/011 command=2/5 status=success latency_ms=55.051
[LIVE] trial=ssh_r02 loop=002/011 command=3/5 status=success latency_ms=67.412
[LIVE] trial=ssh_r02 loop=002/011 command=4/5 status=success latency_ms=343.705
[LIVE] trial=ssh_r02 loop=002/011 command=5/5 status=success latency_ms=82.490
[LIVE] trial=ssh_r02 loop=003/011 command=1/5 status=success latency_ms=77.776
[LIVE] trial=ssh_r02 loop=003/011 command=2/5 status=success latency_ms=86.230
[LIVE] trial=ssh_r02 loop=003/011 command=3/5 status=success latency_ms=65.995
[LIVE] trial=ssh_r02 loop=003/011 command=4/5 status=success latency_ms=523.824
[LIVE] trial=ssh_r02 loop=003/011 command=5/5 status=success latency_ms=70.036
[LIVE] trial=ssh_r02 loop=004/011 command=1/5 status=success latency_ms=72.060
[LIVE] trial=ssh_r02 loop=004/011 command=2/5 status=success latency_ms=89.200
[LIVE] trial=ssh_r02 loop=004/011 command=3/5 status=success latency_ms=78.818
[LIVE] trial=ssh_r02 loop=004/011 command=4/5 status=success latency_ms=342.518
[LIVE] trial=ssh_r02 loop=004/011 command=5/5 status=success latency_ms=58.823
[LIVE] trial=ssh_r02 loop=005/011 command=1/5 status=success latency_ms=109.863
[LIVE] trial=ssh_r02 loop=005/011 command=2/5 status=success latency_ms=108.041
[LIVE] trial=ssh_r02 loop=005/011 command=3/5 status=success latency_ms=140.377
[LIVE] trial=ssh_r02 loop=005/011 command=4/5 status=success latency_ms=282.297
[LIVE] trial=ssh_r02 loop=005/011 command=5/5 status=success latency_ms=181.447
[LIVE] trial=ssh_r02 loop=006/011 command=1/5 status=success latency_ms=48.563
[LIVE] trial=ssh_r02 loop=006/011 command=2/5 status=success latency_ms=84.080
[LIVE] trial=ssh_r02 loop=006/011 command=3/5 status=success latency_ms=68.788
[LIVE] trial=ssh_r02 loop=006/011 command=4/5 status=success latency_ms=314.864
[LIVE] trial=ssh_r02 loop=006/011 command=5/5 status=success latency_ms=52.601
[LIVE] trial=ssh_r02 loop=007/011 command=1/5 status=success latency_ms=62.464
[LIVE] trial=ssh_r02 loop=007/011 command=2/5 status=success latency_ms=88.384
[LIVE] trial=ssh_r02 loop=007/011 command=3/5 status=success latency_ms=102.981
[LIVE] trial=ssh_r02 loop=007/011 command=4/5 status=success latency_ms=339.142
[LIVE] trial=ssh_r02 loop=007/011 command=5/5 status=success latency_ms=52.100
[LIVE] trial=ssh_r02 loop=008/011 command=1/5 status=success latency_ms=100.055
[LIVE] trial=ssh_r02 loop=008/011 command=2/5 status=success latency_ms=81.949
[LIVE] trial=ssh_r02 loop=008/011 command=3/5 status=success latency_ms=147.831
[LIVE] trial=ssh_r02 loop=008/011 command=4/5 status=success latency_ms=232.466
[LIVE] trial=ssh_r02 loop=008/011 command=5/5 status=success latency_ms=99.704
[LIVE] trial=ssh_r02 loop=009/011 command=1/5 status=success latency_ms=91.060
[LIVE] trial=ssh_r02 loop=009/011 command=2/5 status=success latency_ms=96.676
[LIVE] trial=ssh_r02 loop=009/011 command=3/5 status=success latency_ms=74.499
[LIVE] trial=ssh_r02 loop=009/011 command=4/5 status=success latency_ms=217.733
[LIVE] trial=ssh_r02 loop=009/011 command=5/5 status=success latency_ms=69.345
[LIVE] trial=ssh_r02 loop=010/011 command=1/5 status=success latency_ms=67.034
[LIVE] trial=ssh_r02 loop=010/011 command=2/5 status=success latency_ms=72.516
[LIVE] trial=ssh_r02 loop=010/011 command=3/5 status=success latency_ms=123.377
[LIVE] trial=ssh_r02 loop=010/011 command=4/5 status=success latency_ms=195.722
[LIVE] trial=ssh_r02 loop=010/011 command=5/5 status=success latency_ms=63.622
[LIVE] trial=ssh_r02 loop=011/011 command=1/5 status=success latency_ms=79.126
[LIVE] trial=ssh_r02 loop=011/011 command=2/5 status=success latency_ms=59.617
[LIVE] trial=ssh_r02 loop=011/011 command=3/5 status=success latency_ms=107.057
[LIVE] trial=ssh_r02 loop=011/011 command=4/5 status=success latency_ms=209.282
[LIVE] trial=ssh_r02 loop=011/011 command=5/5 status=success latency_ms=97.837
[RUN] order=006/030 block=02/10 trial=ssh3_r02
[READY] trial=ssh3_r02 session_setup_ms=547.838
[LIVE] trial=ssh3_r02 loop=001/011 command=1/5 status=success latency_ms=357.822
[LIVE] trial=ssh3_r02 loop=001/011 command=2/5 status=success latency_ms=43.721
[LIVE] trial=ssh3_r02 loop=001/011 command=3/5 status=success latency_ms=56.096
[LIVE] trial=ssh3_r02 loop=001/011 command=4/5 status=success latency_ms=213.280
[LIVE] trial=ssh3_r02 loop=001/011 command=5/5 status=success latency_ms=121.791
[LIVE] trial=ssh3_r02 loop=002/011 command=1/5 status=success latency_ms=54.333
[LIVE] trial=ssh3_r02 loop=002/011 command=2/5 status=success latency_ms=55.489
[LIVE] trial=ssh3_r02 loop=002/011 command=3/5 status=success latency_ms=26.260
[LIVE] trial=ssh3_r02 loop=002/011 command=4/5 status=success latency_ms=326.525
[LIVE] trial=ssh3_r02 loop=002/011 command=5/5 status=success latency_ms=71.899
[LIVE] trial=ssh3_r02 loop=003/011 command=1/5 status=success latency_ms=53.465
[LIVE] trial=ssh3_r02 loop=003/011 command=2/5 status=success latency_ms=38.398
[LIVE] trial=ssh3_r02 loop=003/011 command=3/5 status=success latency_ms=66.732
[LIVE] trial=ssh3_r02 loop=003/011 command=4/5 status=success latency_ms=184.713
[LIVE] trial=ssh3_r02 loop=003/011 command=5/5 status=success latency_ms=90.577
[LIVE] trial=ssh3_r02 loop=004/011 command=1/5 status=success latency_ms=85.782
[LIVE] trial=ssh3_r02 loop=004/011 command=2/5 status=success latency_ms=50.240
[LIVE] trial=ssh3_r02 loop=004/011 command=3/5 status=success latency_ms=35.088
[LIVE] trial=ssh3_r02 loop=004/011 command=4/5 status=success latency_ms=287.656
[LIVE] trial=ssh3_r02 loop=004/011 command=5/5 status=success latency_ms=229.083
[LIVE] trial=ssh3_r02 loop=005/011 command=1/5 status=success latency_ms=70.144
[LIVE] trial=ssh3_r02 loop=005/011 command=2/5 status=success latency_ms=61.323
[LIVE] trial=ssh3_r02 loop=005/011 command=3/5 status=success latency_ms=47.093
[LIVE] trial=ssh3_r02 loop=005/011 command=4/5 status=success latency_ms=351.975
[LIVE] trial=ssh3_r02 loop=005/011 command=5/5 status=success latency_ms=82.608
[LIVE] trial=ssh3_r02 loop=006/011 command=1/5 status=success latency_ms=216.217
[LIVE] trial=ssh3_r02 loop=006/011 command=2/5 status=success latency_ms=37.394
[LIVE] trial=ssh3_r02 loop=006/011 command=3/5 status=success latency_ms=100.163
[LIVE] trial=ssh3_r02 loop=006/011 command=4/5 status=success latency_ms=149.958
[LIVE] trial=ssh3_r02 loop=006/011 command=5/5 status=success latency_ms=91.102
[LIVE] trial=ssh3_r02 loop=007/011 command=1/5 status=success latency_ms=68.183
[LIVE] trial=ssh3_r02 loop=007/011 command=2/5 status=success latency_ms=34.265
[LIVE] trial=ssh3_r02 loop=007/011 command=3/5 status=success latency_ms=40.700
[LIVE] trial=ssh3_r02 loop=007/011 command=4/5 status=success latency_ms=352.488
[LIVE] trial=ssh3_r02 loop=007/011 command=5/5 status=success latency_ms=59.189
[LIVE] trial=ssh3_r02 loop=008/011 command=1/5 status=success latency_ms=34.414
[LIVE] trial=ssh3_r02 loop=008/011 command=2/5 status=success latency_ms=73.775
[LIVE] trial=ssh3_r02 loop=008/011 command=3/5 status=success latency_ms=109.489
[LIVE] trial=ssh3_r02 loop=008/011 command=4/5 status=success latency_ms=267.422
[LIVE] trial=ssh3_r02 loop=008/011 command=5/5 status=success latency_ms=94.087
[LIVE] trial=ssh3_r02 loop=009/011 command=1/5 status=success latency_ms=46.597
[LIVE] trial=ssh3_r02 loop=009/011 command=2/5 status=success latency_ms=89.855
[LIVE] trial=ssh3_r02 loop=009/011 command=3/5 status=success latency_ms=25.541
[LIVE] trial=ssh3_r02 loop=009/011 command=4/5 status=success latency_ms=229.515
[LIVE] trial=ssh3_r02 loop=009/011 command=5/5 status=success latency_ms=54.875
[LIVE] trial=ssh3_r02 loop=010/011 command=1/5 status=success latency_ms=32.747
[LIVE] trial=ssh3_r02 loop=010/011 command=2/5 status=success latency_ms=54.624
[LIVE] trial=ssh3_r02 loop=010/011 command=3/5 status=success latency_ms=42.779
[LIVE] trial=ssh3_r02 loop=010/011 command=4/5 status=success latency_ms=212.267
[LIVE] trial=ssh3_r02 loop=010/011 command=5/5 status=success latency_ms=76.029
[LIVE] trial=ssh3_r02 loop=011/011 command=1/5 status=success latency_ms=57.310
[LIVE] trial=ssh3_r02 loop=011/011 command=2/5 status=success latency_ms=88.793
[LIVE] trial=ssh3_r02 loop=011/011 command=3/5 status=success latency_ms=67.989
[LIVE] trial=ssh3_r02 loop=011/011 command=4/5 status=success latency_ms=463.576
[LIVE] trial=ssh3_r02 loop=011/011 command=5/5 status=success latency_ms=92.994
[RUN] order=007/030 block=03/10 trial=mosh_r03
[READY] trial=mosh_r03 session_setup_ms=1656.454
[LIVE] trial=mosh_r03 loop=001/011 command=1/5 status=success latency_ms=76.920
[LIVE] trial=mosh_r03 loop=001/011 command=2/5 status=success latency_ms=74.923
[LIVE] trial=mosh_r03 loop=001/011 command=3/5 status=success latency_ms=72.594
[LIVE] trial=mosh_r03 loop=001/011 command=4/5 status=success latency_ms=86.372
[LIVE] trial=mosh_r03 loop=001/011 command=5/5 status=success latency_ms=52.078
[LIVE] trial=mosh_r03 loop=002/011 command=1/5 status=success latency_ms=65.984
[LIVE] trial=mosh_r03 loop=002/011 command=2/5 status=success latency_ms=51.231
[LIVE] trial=mosh_r03 loop=002/011 command=3/5 status=success latency_ms=70.502
[LIVE] trial=mosh_r03 loop=002/011 command=4/5 status=success latency_ms=70.459
[LIVE] trial=mosh_r03 loop=002/011 command=5/5 status=success latency_ms=94.923
[LIVE] trial=mosh_r03 loop=003/011 command=1/5 status=success latency_ms=64.666
[LIVE] trial=mosh_r03 loop=003/011 command=2/5 status=success latency_ms=58.180
[LIVE] trial=mosh_r03 loop=003/011 command=3/5 status=success latency_ms=86.767
[LIVE] trial=mosh_r03 loop=003/011 command=4/5 status=success latency_ms=426.470
[LIVE] trial=mosh_r03 loop=003/011 command=5/5 status=success latency_ms=65.399
[LIVE] trial=mosh_r03 loop=004/011 command=1/5 status=success latency_ms=72.713
[LIVE] trial=mosh_r03 loop=004/011 command=2/5 status=success latency_ms=72.672
[LIVE] trial=mosh_r03 loop=004/011 command=3/5 status=success latency_ms=66.524
[RUN] order=008/030 block=03/10 trial=ssh3_r03
[READY] trial=ssh3_r03 session_setup_ms=489.962
[LIVE] trial=ssh3_r03 loop=001/011 command=1/5 status=success latency_ms=55.845
[LIVE] trial=ssh3_r03 loop=001/011 command=2/5 status=success latency_ms=67.501
[LIVE] trial=ssh3_r03 loop=001/011 command=3/5 status=success latency_ms=104.858
[LIVE] trial=ssh3_r03 loop=001/011 command=4/5 status=success latency_ms=223.650
[LIVE] trial=ssh3_r03 loop=001/011 command=5/5 status=success latency_ms=41.228
[LIVE] trial=ssh3_r03 loop=002/011 command=1/5 status=success latency_ms=66.078
[LIVE] trial=ssh3_r03 loop=002/011 command=2/5 status=success latency_ms=39.834
[LIVE] trial=ssh3_r03 loop=002/011 command=3/5 status=success latency_ms=52.153
[LIVE] trial=ssh3_r03 loop=002/011 command=4/5 status=success latency_ms=338.116
[LIVE] trial=ssh3_r03 loop=002/011 command=5/5 status=success latency_ms=72.379
[LIVE] trial=ssh3_r03 loop=003/011 command=1/5 status=success latency_ms=74.021
[LIVE] trial=ssh3_r03 loop=003/011 command=2/5 status=success latency_ms=113.157
[LIVE] trial=ssh3_r03 loop=003/011 command=3/5 status=success latency_ms=89.497
[LIVE] trial=ssh3_r03 loop=003/011 command=4/5 status=success latency_ms=278.053
[LIVE] trial=ssh3_r03 loop=003/011 command=5/5 status=success latency_ms=76.498
[LIVE] trial=ssh3_r03 loop=004/011 command=1/5 status=success latency_ms=85.902
[LIVE] trial=ssh3_r03 loop=004/011 command=2/5 status=success latency_ms=49.493
[LIVE] trial=ssh3_r03 loop=004/011 command=3/5 status=success latency_ms=88.306
[LIVE] trial=ssh3_r03 loop=004/011 command=4/5 status=success latency_ms=273.636
[LIVE] trial=ssh3_r03 loop=004/011 command=5/5 status=success latency_ms=74.830
[LIVE] trial=ssh3_r03 loop=005/011 command=1/5 status=success latency_ms=41.487
[LIVE] trial=ssh3_r03 loop=005/011 command=2/5 status=success latency_ms=33.052
[LIVE] trial=ssh3_r03 loop=005/011 command=3/5 status=success latency_ms=46.083
[LIVE] trial=ssh3_r03 loop=005/011 command=4/5 status=success latency_ms=202.136
[LIVE] trial=ssh3_r03 loop=005/011 command=5/5 status=success latency_ms=62.715
[LIVE] trial=ssh3_r03 loop=006/011 command=1/5 status=success latency_ms=55.379
[LIVE] trial=ssh3_r03 loop=006/011 command=2/5 status=success latency_ms=70.293
[LIVE] trial=ssh3_r03 loop=006/011 command=3/5 status=success latency_ms=55.880
[LIVE] trial=ssh3_r03 loop=006/011 command=4/5 status=success latency_ms=137.960
[LIVE] trial=ssh3_r03 loop=006/011 command=5/5 status=success latency_ms=146.461
[LIVE] trial=ssh3_r03 loop=007/011 command=1/5 status=success latency_ms=39.317
[LIVE] trial=ssh3_r03 loop=007/011 command=2/5 status=success latency_ms=31.907
[LIVE] trial=ssh3_r03 loop=007/011 command=3/5 status=success latency_ms=68.667
[LIVE] trial=ssh3_r03 loop=007/011 command=4/5 status=success latency_ms=236.197
[LIVE] trial=ssh3_r03 loop=007/011 command=5/5 status=success latency_ms=37.633
[LIVE] trial=ssh3_r03 loop=008/011 command=1/5 status=success latency_ms=46.808
[LIVE] trial=ssh3_r03 loop=008/011 command=2/5 status=success latency_ms=45.028
[LIVE] trial=ssh3_r03 loop=008/011 command=3/5 status=success latency_ms=87.700
[LIVE] trial=ssh3_r03 loop=008/011 command=4/5 status=success latency_ms=256.003
[LIVE] trial=ssh3_r03 loop=008/011 command=5/5 status=success latency_ms=64.993
[LIVE] trial=ssh3_r03 loop=009/011 command=1/5 status=success latency_ms=53.798
[LIVE] trial=ssh3_r03 loop=009/011 command=2/5 status=success latency_ms=62.625
[LIVE] trial=ssh3_r03 loop=009/011 command=3/5 status=success latency_ms=61.485
[LIVE] trial=ssh3_r03 loop=009/011 command=4/5 status=success latency_ms=177.886
[LIVE] trial=ssh3_r03 loop=009/011 command=5/5 status=success latency_ms=40.571
[LIVE] trial=ssh3_r03 loop=010/011 command=1/5 status=success latency_ms=58.053
[LIVE] trial=ssh3_r03 loop=010/011 command=2/5 status=success latency_ms=29.997
[LIVE] trial=ssh3_r03 loop=010/011 command=3/5 status=success latency_ms=87.150
[LIVE] trial=ssh3_r03 loop=010/011 command=4/5 status=success latency_ms=184.367
[LIVE] trial=ssh3_r03 loop=010/011 command=5/5 status=success latency_ms=87.955
[LIVE] trial=ssh3_r03 loop=011/011 command=1/5 status=success latency_ms=125.094
[LIVE] trial=ssh3_r03 loop=011/011 command=2/5 status=success latency_ms=105.964
[LIVE] trial=ssh3_r03 loop=011/011 command=3/5 status=success latency_ms=82.712
[LIVE] trial=ssh3_r03 loop=011/011 command=4/5 status=success latency_ms=430.263
[LIVE] trial=ssh3_r03 loop=011/011 command=5/5 status=success latency_ms=42.435
[RUN] order=009/030 block=03/10 trial=ssh_r03
[READY] trial=ssh_r03 session_setup_ms=1387.283
[LIVE] trial=ssh_r03 loop=001/011 command=1/5 status=success latency_ms=104.093
[LIVE] trial=ssh_r03 loop=001/011 command=2/5 status=success latency_ms=320.208
[LIVE] trial=ssh_r03 loop=001/011 command=3/5 status=success latency_ms=90.893
[LIVE] trial=ssh_r03 loop=001/011 command=4/5 status=success latency_ms=259.275
[LIVE] trial=ssh_r03 loop=001/011 command=5/5 status=success latency_ms=93.777
[LIVE] trial=ssh_r03 loop=002/011 command=1/5 status=success latency_ms=144.621
[LIVE] trial=ssh_r03 loop=002/011 command=2/5 status=success latency_ms=104.423
[LIVE] trial=ssh_r03 loop=002/011 command=3/5 status=success latency_ms=71.124
[LIVE] trial=ssh_r03 loop=002/011 command=4/5 status=success latency_ms=377.138
[LIVE] trial=ssh_r03 loop=002/011 command=5/5 status=success latency_ms=58.511
[LIVE] trial=ssh_r03 loop=003/011 command=1/5 status=success latency_ms=84.582
[LIVE] trial=ssh_r03 loop=003/011 command=2/5 status=success latency_ms=121.828
[LIVE] trial=ssh_r03 loop=003/011 command=3/5 status=success latency_ms=54.012
[LIVE] trial=ssh_r03 loop=003/011 command=4/5 status=success latency_ms=262.787
[LIVE] trial=ssh_r03 loop=003/011 command=5/5 status=success latency_ms=98.548
[LIVE] trial=ssh_r03 loop=004/011 command=1/5 status=success latency_ms=102.661
[LIVE] trial=ssh_r03 loop=004/011 command=2/5 status=success latency_ms=130.695
[LIVE] trial=ssh_r03 loop=004/011 command=3/5 status=success latency_ms=124.739
[LIVE] trial=ssh_r03 loop=004/011 command=4/5 status=success latency_ms=270.942
[LIVE] trial=ssh_r03 loop=004/011 command=5/5 status=success latency_ms=88.839
[LIVE] trial=ssh_r03 loop=005/011 command=1/5 status=success latency_ms=44.816
[LIVE] trial=ssh_r03 loop=005/011 command=2/5 status=success latency_ms=131.476
[LIVE] trial=ssh_r03 loop=005/011 command=3/5 status=success latency_ms=96.098
[LIVE] trial=ssh_r03 loop=005/011 command=4/5 status=success latency_ms=447.194
[LIVE] trial=ssh_r03 loop=005/011 command=5/5 status=success latency_ms=112.925
[LIVE] trial=ssh_r03 loop=006/011 command=1/5 status=success latency_ms=144.753
[LIVE] trial=ssh_r03 loop=006/011 command=2/5 status=success latency_ms=65.937
[LIVE] trial=ssh_r03 loop=006/011 command=3/5 status=success latency_ms=85.265
[LIVE] trial=ssh_r03 loop=006/011 command=4/5 status=success latency_ms=334.378
[LIVE] trial=ssh_r03 loop=006/011 command=5/5 status=success latency_ms=89.469
[LIVE] trial=ssh_r03 loop=007/011 command=1/5 status=success latency_ms=152.642
[LIVE] trial=ssh_r03 loop=007/011 command=2/5 status=success latency_ms=140.934
[LIVE] trial=ssh_r03 loop=007/011 command=3/5 status=success latency_ms=74.513
[LIVE] trial=ssh_r03 loop=007/011 command=4/5 status=success latency_ms=242.337
[LIVE] trial=ssh_r03 loop=007/011 command=5/5 status=success latency_ms=62.237
[LIVE] trial=ssh_r03 loop=008/011 command=1/5 status=success latency_ms=102.769
[LIVE] trial=ssh_r03 loop=008/011 command=2/5 status=success latency_ms=93.867
[LIVE] trial=ssh_r03 loop=008/011 command=3/5 status=success latency_ms=120.202
[LIVE] trial=ssh_r03 loop=008/011 command=4/5 status=success latency_ms=345.813
[LIVE] trial=ssh_r03 loop=008/011 command=5/5 status=success latency_ms=165.357
[LIVE] trial=ssh_r03 loop=009/011 command=1/5 status=success latency_ms=121.917
[LIVE] trial=ssh_r03 loop=009/011 command=2/5 status=success latency_ms=88.892
[LIVE] trial=ssh_r03 loop=009/011 command=3/5 status=success latency_ms=80.072
[LIVE] trial=ssh_r03 loop=009/011 command=4/5 status=success latency_ms=233.480
[LIVE] trial=ssh_r03 loop=009/011 command=5/5 status=success latency_ms=77.335
[LIVE] trial=ssh_r03 loop=010/011 command=1/5 status=success latency_ms=29.622
[LIVE] trial=ssh_r03 loop=010/011 command=2/5 status=success latency_ms=70.714
[LIVE] trial=ssh_r03 loop=010/011 command=3/5 status=success latency_ms=58.965
[LIVE] trial=ssh_r03 loop=010/011 command=4/5 status=success latency_ms=375.743
[LIVE] trial=ssh_r03 loop=010/011 command=5/5 status=success latency_ms=68.785
[LIVE] trial=ssh_r03 loop=011/011 command=1/5 status=success latency_ms=81.645
[LIVE] trial=ssh_r03 loop=011/011 command=2/5 status=success latency_ms=117.964
[LIVE] trial=ssh_r03 loop=011/011 command=3/5 status=success latency_ms=95.222
[LIVE] trial=ssh_r03 loop=011/011 command=4/5 status=success latency_ms=421.920
[LIVE] trial=ssh_r03 loop=011/011 command=5/5 status=success latency_ms=82.953
[RUN] order=010/030 block=04/10 trial=mosh_r04
[READY] trial=mosh_r04 session_setup_ms=1310.815
[LIVE] trial=mosh_r04 loop=001/011 command=1/5 status=success latency_ms=63.384
[LIVE] trial=mosh_r04 loop=001/011 command=2/5 status=success latency_ms=36.942
[LIVE] trial=mosh_r04 loop=001/011 command=3/5 status=success latency_ms=86.532
[LIVE] trial=mosh_r04 loop=001/011 command=4/5 status=success latency_ms=400.150
[LIVE] trial=mosh_r04 loop=001/011 command=5/5 status=success latency_ms=58.169
[LIVE] trial=mosh_r04 loop=002/011 command=1/5 status=success latency_ms=63.696
[LIVE] trial=mosh_r04 loop=002/011 command=2/5 status=success latency_ms=28.371
[LIVE] trial=mosh_r04 loop=002/011 command=3/5 status=success latency_ms=58.322
[LIVE] trial=mosh_r04 loop=002/011 command=4/5 status=success latency_ms=103.839
[LIVE] trial=mosh_r04 loop=002/011 command=5/5 status=success latency_ms=58.847
[LIVE] trial=mosh_r04 loop=003/011 command=1/5 status=success latency_ms=59.198
[LIVE] trial=mosh_r04 loop=003/011 command=2/5 status=success latency_ms=32.944
[LIVE] trial=mosh_r04 loop=003/011 command=3/5 status=success latency_ms=51.727
[LIVE] trial=mosh_r04 loop=003/011 command=4/5 status=success latency_ms=105.952
[LIVE] trial=mosh_r04 loop=003/011 command=5/5 status=success latency_ms=46.302
[LIVE] trial=mosh_r04 loop=004/011 command=1/5 status=success latency_ms=73.012
[LIVE] trial=mosh_r04 loop=004/011 command=2/5 status=success latency_ms=50.659
[LIVE] trial=mosh_r04 loop=004/011 command=3/5 status=success latency_ms=322.462
[LIVE] trial=mosh_r04 loop=004/011 command=4/5 status=success latency_ms=101.301
[LIVE] trial=mosh_r04 loop=004/011 command=5/5 status=success latency_ms=60.845
[LIVE] trial=mosh_r04 loop=005/011 command=1/5 status=success latency_ms=50.085
[LIVE] trial=mosh_r04 loop=005/011 command=2/5 status=success latency_ms=83.804
[LIVE] trial=mosh_r04 loop=005/011 command=3/5 status=success latency_ms=50.974
[LIVE] trial=mosh_r04 loop=005/011 command=4/5 status=success latency_ms=164.409
[LIVE] trial=mosh_r04 loop=005/011 command=5/5 status=success latency_ms=75.832
[LIVE] trial=mosh_r04 loop=006/011 command=1/5 status=success latency_ms=91.764
[LIVE] trial=mosh_r04 loop=006/011 command=2/5 status=success latency_ms=97.548
[LIVE] trial=mosh_r04 loop=006/011 command=3/5 status=success latency_ms=69.585
[LIVE] trial=mosh_r04 loop=006/011 command=4/5 status=success latency_ms=182.768
[LIVE] trial=mosh_r04 loop=006/011 command=5/5 status=success latency_ms=56.587
[LIVE] trial=mosh_r04 loop=007/011 command=1/5 status=success latency_ms=35.318
[LIVE] trial=mosh_r04 loop=007/011 command=2/5 status=success latency_ms=50.388
[LIVE] trial=mosh_r04 loop=007/011 command=3/5 status=success latency_ms=45.806
[LIVE] trial=mosh_r04 loop=007/011 command=4/5 status=success latency_ms=98.884
[LIVE] trial=mosh_r04 loop=007/011 command=5/5 status=success latency_ms=46.029
[LIVE] trial=mosh_r04 loop=008/011 command=1/5 status=success latency_ms=36.962
[LIVE] trial=mosh_r04 loop=008/011 command=2/5 status=success latency_ms=68.235
[LIVE] trial=mosh_r04 loop=008/011 command=3/5 status=success latency_ms=184.084
[LIVE] trial=mosh_r04 loop=008/011 command=4/5 status=success latency_ms=67.684
[LIVE] trial=mosh_r04 loop=008/011 command=5/5 status=success latency_ms=105.234
[LIVE] trial=mosh_r04 loop=009/011 command=1/5 status=success latency_ms=76.929
[LIVE] trial=mosh_r04 loop=009/011 command=2/5 status=success latency_ms=39.399
[LIVE] trial=mosh_r04 loop=009/011 command=3/5 status=success latency_ms=58.794
[LIVE] trial=mosh_r04 loop=009/011 command=4/5 status=success latency_ms=127.716
[LIVE] trial=mosh_r04 loop=009/011 command=5/5 status=success latency_ms=61.294
[LIVE] trial=mosh_r04 loop=010/011 command=1/5 status=success latency_ms=45.074
[LIVE] trial=mosh_r04 loop=010/011 command=2/5 status=success latency_ms=24.425
[LIVE] trial=mosh_r04 loop=010/011 command=3/5 status=success latency_ms=37.516
[LIVE] trial=mosh_r04 loop=010/011 command=4/5 status=success latency_ms=75.583
[LIVE] trial=mosh_r04 loop=010/011 command=5/5 status=success latency_ms=50.041
[LIVE] trial=mosh_r04 loop=011/011 command=1/5 status=success latency_ms=56.135
[LIVE] trial=mosh_r04 loop=011/011 command=2/5 status=success latency_ms=47.928
[LIVE] trial=mosh_r04 loop=011/011 command=3/5 status=success latency_ms=83.708
[LIVE] trial=mosh_r04 loop=011/011 command=4/5 status=success latency_ms=102.188
[LIVE] trial=mosh_r04 loop=011/011 command=5/5 status=success latency_ms=298.495
[RUN] order=011/030 block=04/10 trial=ssh_r04
[READY] trial=ssh_r04 session_setup_ms=706.211
[LIVE] trial=ssh_r04 loop=001/011 command=1/5 status=success latency_ms=81.625
[LIVE] trial=ssh_r04 loop=001/011 command=2/5 status=success latency_ms=74.724
[LIVE] trial=ssh_r04 loop=001/011 command=3/5 status=success latency_ms=48.930
[LIVE] trial=ssh_r04 loop=001/011 command=4/5 status=success latency_ms=140.382
[LIVE] trial=ssh_r04 loop=001/011 command=5/5 status=success latency_ms=115.933
[LIVE] trial=ssh_r04 loop=002/011 command=1/5 status=success latency_ms=283.109
[LIVE] trial=ssh_r04 loop=002/011 command=2/5 status=success latency_ms=58.187
[LIVE] trial=ssh_r04 loop=002/011 command=3/5 status=success latency_ms=108.483
[LIVE] trial=ssh_r04 loop=002/011 command=4/5 status=success latency_ms=306.252
[LIVE] trial=ssh_r04 loop=002/011 command=5/5 status=success latency_ms=111.363
[LIVE] trial=ssh_r04 loop=003/011 command=1/5 status=success latency_ms=85.272
[LIVE] trial=ssh_r04 loop=003/011 command=2/5 status=success latency_ms=112.929
[LIVE] trial=ssh_r04 loop=003/011 command=3/5 status=success latency_ms=102.770
[LIVE] trial=ssh_r04 loop=003/011 command=4/5 status=success latency_ms=638.742
[LIVE] trial=ssh_r04 loop=003/011 command=5/5 status=success latency_ms=76.190
[LIVE] trial=ssh_r04 loop=004/011 command=1/5 status=success latency_ms=96.904
[LIVE] trial=ssh_r04 loop=004/011 command=2/5 status=success latency_ms=53.173
[LIVE] trial=ssh_r04 loop=004/011 command=3/5 status=success latency_ms=68.904
[LIVE] trial=ssh_r04 loop=004/011 command=4/5 status=success latency_ms=200.842
[LIVE] trial=ssh_r04 loop=004/011 command=5/5 status=success latency_ms=93.955
[LIVE] trial=ssh_r04 loop=005/011 command=1/5 status=success latency_ms=54.870
[LIVE] trial=ssh_r04 loop=005/011 command=2/5 status=success latency_ms=84.754
[LIVE] trial=ssh_r04 loop=005/011 command=3/5 status=success latency_ms=75.194
[LIVE] trial=ssh_r04 loop=005/011 command=4/5 status=success latency_ms=444.210
[LIVE] trial=ssh_r04 loop=005/011 command=5/5 status=success latency_ms=106.494
[LIVE] trial=ssh_r04 loop=006/011 command=1/5 status=success latency_ms=67.727
[LIVE] trial=ssh_r04 loop=006/011 command=2/5 status=success latency_ms=165.650
[LIVE] trial=ssh_r04 loop=006/011 command=3/5 status=success latency_ms=165.457
[LIVE] trial=ssh_r04 loop=006/011 command=4/5 status=success latency_ms=299.438
[LIVE] trial=ssh_r04 loop=006/011 command=5/5 status=success latency_ms=80.795
[LIVE] trial=ssh_r04 loop=007/011 command=1/5 status=success latency_ms=73.727
[LIVE] trial=ssh_r04 loop=007/011 command=2/5 status=success latency_ms=133.558
[LIVE] trial=ssh_r04 loop=007/011 command=3/5 status=success latency_ms=94.171
[LIVE] trial=ssh_r04 loop=007/011 command=4/5 status=success latency_ms=313.252
[LIVE] trial=ssh_r04 loop=007/011 command=5/5 status=success latency_ms=114.708
[LIVE] trial=ssh_r04 loop=008/011 command=1/5 status=success latency_ms=142.790
[LIVE] trial=ssh_r04 loop=008/011 command=2/5 status=success latency_ms=109.921
[LIVE] trial=ssh_r04 loop=008/011 command=3/5 status=success latency_ms=80.133
[LIVE] trial=ssh_r04 loop=008/011 command=4/5 status=success latency_ms=386.760
[LIVE] trial=ssh_r04 loop=008/011 command=5/5 status=success latency_ms=107.886
[LIVE] trial=ssh_r04 loop=009/011 command=1/5 status=success latency_ms=100.982
[LIVE] trial=ssh_r04 loop=009/011 command=2/5 status=success latency_ms=64.839
[LIVE] trial=ssh_r04 loop=009/011 command=3/5 status=success latency_ms=69.224
[LIVE] trial=ssh_r04 loop=009/011 command=4/5 status=success latency_ms=425.421
[LIVE] trial=ssh_r04 loop=009/011 command=5/5 status=success latency_ms=81.138
[LIVE] trial=ssh_r04 loop=010/011 command=1/5 status=success latency_ms=110.179
[LIVE] trial=ssh_r04 loop=010/011 command=2/5 status=success latency_ms=80.726
[LIVE] trial=ssh_r04 loop=010/011 command=3/5 status=success latency_ms=99.483
[LIVE] trial=ssh_r04 loop=010/011 command=4/5 status=success latency_ms=334.089
[LIVE] trial=ssh_r04 loop=010/011 command=5/5 status=success latency_ms=119.410
[LIVE] trial=ssh_r04 loop=011/011 command=1/5 status=success latency_ms=107.334
[LIVE] trial=ssh_r04 loop=011/011 command=2/5 status=success latency_ms=76.353
[LIVE] trial=ssh_r04 loop=011/011 command=3/5 status=success latency_ms=93.110
[LIVE] trial=ssh_r04 loop=011/011 command=4/5 status=success latency_ms=406.252
[LIVE] trial=ssh_r04 loop=011/011 command=5/5 status=success latency_ms=85.874
[RUN] order=012/030 block=04/10 trial=ssh3_r04
[READY] trial=ssh3_r04 session_setup_ms=320.630
[LIVE] trial=ssh3_r04 loop=001/011 command=1/5 status=success latency_ms=47.694
[LIVE] trial=ssh3_r04 loop=001/011 command=2/5 status=success latency_ms=229.232
[LIVE] trial=ssh3_r04 loop=001/011 command=3/5 status=success latency_ms=40.168
[LIVE] trial=ssh3_r04 loop=001/011 command=4/5 status=success latency_ms=316.206
[LIVE] trial=ssh3_r04 loop=001/011 command=5/5 status=success latency_ms=59.207
[LIVE] trial=ssh3_r04 loop=002/011 command=1/5 status=success latency_ms=48.340
[LIVE] trial=ssh3_r04 loop=002/011 command=2/5 status=success latency_ms=47.884
[LIVE] trial=ssh3_r04 loop=002/011 command=3/5 status=success latency_ms=24.193
[LIVE] trial=ssh3_r04 loop=002/011 command=4/5 status=success latency_ms=300.616
[LIVE] trial=ssh3_r04 loop=002/011 command=5/5 status=success latency_ms=58.230
[LIVE] trial=ssh3_r04 loop=003/011 command=1/5 status=success latency_ms=87.482
[LIVE] trial=ssh3_r04 loop=003/011 command=2/5 status=success latency_ms=65.230
[LIVE] trial=ssh3_r04 loop=003/011 command=3/5 status=success latency_ms=55.846
[LIVE] trial=ssh3_r04 loop=003/011 command=4/5 status=success latency_ms=196.546
[LIVE] trial=ssh3_r04 loop=003/011 command=5/5 status=success latency_ms=85.425
[LIVE] trial=ssh3_r04 loop=004/011 command=1/5 status=success latency_ms=59.922
[LIVE] trial=ssh3_r04 loop=004/011 command=2/5 status=success latency_ms=63.393
[LIVE] trial=ssh3_r04 loop=004/011 command=3/5 status=success latency_ms=34.949
[LIVE] trial=ssh3_r04 loop=004/011 command=4/5 status=success latency_ms=237.369
[LIVE] trial=ssh3_r04 loop=004/011 command=5/5 status=success latency_ms=68.303
[LIVE] trial=ssh3_r04 loop=005/011 command=1/5 status=success latency_ms=34.055
[LIVE] trial=ssh3_r04 loop=005/011 command=2/5 status=success latency_ms=38.889
[LIVE] trial=ssh3_r04 loop=005/011 command=3/5 status=success latency_ms=20.209
[LIVE] trial=ssh3_r04 loop=005/011 command=4/5 status=success latency_ms=183.984
[LIVE] trial=ssh3_r04 loop=005/011 command=5/5 status=success latency_ms=49.417
[LIVE] trial=ssh3_r04 loop=006/011 command=1/5 status=success latency_ms=36.023
[LIVE] trial=ssh3_r04 loop=006/011 command=2/5 status=success latency_ms=18.658
[LIVE] trial=ssh3_r04 loop=006/011 command=3/5 status=success latency_ms=86.422
[LIVE] trial=ssh3_r04 loop=006/011 command=4/5 status=success latency_ms=323.855
[LIVE] trial=ssh3_r04 loop=006/011 command=5/5 status=success latency_ms=28.516
[LIVE] trial=ssh3_r04 loop=007/011 command=1/5 status=success latency_ms=46.341
[LIVE] trial=ssh3_r04 loop=007/011 command=2/5 status=success latency_ms=65.138
[LIVE] trial=ssh3_r04 loop=007/011 command=3/5 status=success latency_ms=35.978
[LIVE] trial=ssh3_r04 loop=007/011 command=4/5 status=success latency_ms=247.473
[LIVE] trial=ssh3_r04 loop=007/011 command=5/5 status=success latency_ms=69.543
[LIVE] trial=ssh3_r04 loop=008/011 command=1/5 status=success latency_ms=47.115
[LIVE] trial=ssh3_r04 loop=008/011 command=2/5 status=success latency_ms=82.076
[LIVE] trial=ssh3_r04 loop=008/011 command=3/5 status=success latency_ms=79.100
[LIVE] trial=ssh3_r04 loop=008/011 command=4/5 status=success latency_ms=373.729
[LIVE] trial=ssh3_r04 loop=008/011 command=5/5 status=success latency_ms=78.729
[LIVE] trial=ssh3_r04 loop=009/011 command=1/5 status=success latency_ms=61.982
[LIVE] trial=ssh3_r04 loop=009/011 command=2/5 status=success latency_ms=69.182
[LIVE] trial=ssh3_r04 loop=009/011 command=3/5 status=success latency_ms=112.695
[LIVE] trial=ssh3_r04 loop=009/011 command=4/5 status=success latency_ms=256.888
[LIVE] trial=ssh3_r04 loop=009/011 command=5/5 status=success latency_ms=45.554
[LIVE] trial=ssh3_r04 loop=010/011 command=1/5 status=success latency_ms=63.166
[LIVE] trial=ssh3_r04 loop=010/011 command=2/5 status=success latency_ms=47.990
[LIVE] trial=ssh3_r04 loop=010/011 command=3/5 status=success latency_ms=43.812
[LIVE] trial=ssh3_r04 loop=010/011 command=4/5 status=success latency_ms=383.057
[LIVE] trial=ssh3_r04 loop=010/011 command=5/5 status=success latency_ms=81.897
[LIVE] trial=ssh3_r04 loop=011/011 command=1/5 status=success latency_ms=78.932
[LIVE] trial=ssh3_r04 loop=011/011 command=2/5 status=success latency_ms=114.682
[LIVE] trial=ssh3_r04 loop=011/011 command=3/5 status=success latency_ms=36.343
[LIVE] trial=ssh3_r04 loop=011/011 command=4/5 status=success latency_ms=231.470
[LIVE] trial=ssh3_r04 loop=011/011 command=5/5 status=success latency_ms=70.275
[RUN] order=013/030 block=05/10 trial=ssh3_r05
[READY] trial=ssh3_r05 session_setup_ms=463.639
[LIVE] trial=ssh3_r05 loop=001/011 command=1/5 status=success latency_ms=48.048
[LIVE] trial=ssh3_r05 loop=001/011 command=2/5 status=success latency_ms=157.537
[LIVE] trial=ssh3_r05 loop=001/011 command=3/5 status=success latency_ms=105.884
[LIVE] trial=ssh3_r05 loop=001/011 command=4/5 status=success latency_ms=85.914
[LIVE] trial=ssh3_r05 loop=001/011 command=5/5 status=success latency_ms=61.018
[LIVE] trial=ssh3_r05 loop=002/011 command=1/5 status=success latency_ms=51.251
[LIVE] trial=ssh3_r05 loop=002/011 command=2/5 status=success latency_ms=120.810
[LIVE] trial=ssh3_r05 loop=002/011 command=3/5 status=success latency_ms=58.292
[LIVE] trial=ssh3_r05 loop=002/011 command=4/5 status=success latency_ms=264.879
[LIVE] trial=ssh3_r05 loop=002/011 command=5/5 status=success latency_ms=71.586
[LIVE] trial=ssh3_r05 loop=003/011 command=1/5 status=success latency_ms=98.894
[LIVE] trial=ssh3_r05 loop=003/011 command=2/5 status=success latency_ms=59.795
[LIVE] trial=ssh3_r05 loop=003/011 command=3/5 status=success latency_ms=61.005
[LIVE] trial=ssh3_r05 loop=003/011 command=4/5 status=success latency_ms=236.881
[LIVE] trial=ssh3_r05 loop=003/011 command=5/5 status=success latency_ms=35.898
[LIVE] trial=ssh3_r05 loop=004/011 command=1/5 status=success latency_ms=66.219
[LIVE] trial=ssh3_r05 loop=004/011 command=2/5 status=success latency_ms=74.912
[LIVE] trial=ssh3_r05 loop=004/011 command=3/5 status=success latency_ms=67.860
[LIVE] trial=ssh3_r05 loop=004/011 command=4/5 status=success latency_ms=324.062
[LIVE] trial=ssh3_r05 loop=004/011 command=5/5 status=success latency_ms=93.204
[LIVE] trial=ssh3_r05 loop=005/011 command=1/5 status=success latency_ms=50.515
[LIVE] trial=ssh3_r05 loop=005/011 command=2/5 status=success latency_ms=62.113
[LIVE] trial=ssh3_r05 loop=005/011 command=3/5 status=success latency_ms=64.044
[LIVE] trial=ssh3_r05 loop=005/011 command=4/5 status=success latency_ms=233.556
[LIVE] trial=ssh3_r05 loop=005/011 command=5/5 status=success latency_ms=24.300
[LIVE] trial=ssh3_r05 loop=006/011 command=1/5 status=success latency_ms=44.751
[LIVE] trial=ssh3_r05 loop=006/011 command=2/5 status=success latency_ms=50.784
[LIVE] trial=ssh3_r05 loop=006/011 command=3/5 status=success latency_ms=48.711
[LIVE] trial=ssh3_r05 loop=006/011 command=4/5 status=success latency_ms=379.712
[LIVE] trial=ssh3_r05 loop=006/011 command=5/5 status=success latency_ms=211.130
[LIVE] trial=ssh3_r05 loop=007/011 command=1/5 status=success latency_ms=71.712
[LIVE] trial=ssh3_r05 loop=007/011 command=2/5 status=success latency_ms=78.508
[LIVE] trial=ssh3_r05 loop=007/011 command=3/5 status=success latency_ms=71.185
[LIVE] trial=ssh3_r05 loop=007/011 command=4/5 status=success latency_ms=276.975
[LIVE] trial=ssh3_r05 loop=007/011 command=5/5 status=success latency_ms=17.202
[LIVE] trial=ssh3_r05 loop=008/011 command=1/5 status=success latency_ms=41.569
[LIVE] trial=ssh3_r05 loop=008/011 command=2/5 status=success latency_ms=72.320
[LIVE] trial=ssh3_r05 loop=008/011 command=3/5 status=success latency_ms=61.916
[LIVE] trial=ssh3_r05 loop=008/011 command=4/5 status=success latency_ms=389.714
[LIVE] trial=ssh3_r05 loop=008/011 command=5/5 status=success latency_ms=65.924
[LIVE] trial=ssh3_r05 loop=009/011 command=1/5 status=success latency_ms=58.418
[LIVE] trial=ssh3_r05 loop=009/011 command=2/5 status=success latency_ms=90.243
[LIVE] trial=ssh3_r05 loop=009/011 command=3/5 status=success latency_ms=61.997
[LIVE] trial=ssh3_r05 loop=009/011 command=4/5 status=success latency_ms=297.036
[LIVE] trial=ssh3_r05 loop=009/011 command=5/5 status=success latency_ms=45.055
[LIVE] trial=ssh3_r05 loop=010/011 command=1/5 status=success latency_ms=83.214
[LIVE] trial=ssh3_r05 loop=010/011 command=2/5 status=success latency_ms=73.419
[LIVE] trial=ssh3_r05 loop=010/011 command=3/5 status=success latency_ms=38.126
[LIVE] trial=ssh3_r05 loop=010/011 command=4/5 status=success latency_ms=229.597
[LIVE] trial=ssh3_r05 loop=010/011 command=5/5 status=success latency_ms=48.656
[LIVE] trial=ssh3_r05 loop=011/011 command=1/5 status=success latency_ms=80.153
[LIVE] trial=ssh3_r05 loop=011/011 command=2/5 status=success latency_ms=52.455
[LIVE] trial=ssh3_r05 loop=011/011 command=3/5 status=success latency_ms=64.561
[LIVE] trial=ssh3_r05 loop=011/011 command=4/5 status=success latency_ms=246.884
[LIVE] trial=ssh3_r05 loop=011/011 command=5/5 status=success latency_ms=56.773
[RUN] order=014/030 block=05/10 trial=mosh_r05
[READY] trial=mosh_r05 session_setup_ms=1260.545
[LIVE] trial=mosh_r05 loop=001/011 command=1/5 status=success latency_ms=50.006
[LIVE] trial=mosh_r05 loop=001/011 command=2/5 status=success latency_ms=51.847
[LIVE] trial=mosh_r05 loop=001/011 command=3/5 status=success latency_ms=64.962
[LIVE] trial=mosh_r05 loop=001/011 command=4/5 status=success latency_ms=140.210
[LIVE] trial=mosh_r05 loop=001/011 command=5/5 status=success latency_ms=57.732
[LIVE] trial=mosh_r05 loop=002/011 command=1/5 status=success latency_ms=63.140
[LIVE] trial=mosh_r05 loop=002/011 command=2/5 status=success latency_ms=61.873
[LIVE] trial=mosh_r05 loop=002/011 command=3/5 status=success latency_ms=47.040
[LIVE] trial=mosh_r05 loop=002/011 command=4/5 status=success latency_ms=83.311
[LIVE] trial=mosh_r05 loop=002/011 command=5/5 status=success latency_ms=35.290
[LIVE] trial=mosh_r05 loop=003/011 command=1/5 status=success latency_ms=53.370
[LIVE] trial=mosh_r05 loop=003/011 command=2/5 status=success latency_ms=45.862
[LIVE] trial=mosh_r05 loop=003/011 command=3/5 status=success latency_ms=36.965
[LIVE] trial=mosh_r05 loop=003/011 command=4/5 status=success latency_ms=84.291
[LIVE] trial=mosh_r05 loop=003/011 command=5/5 status=success latency_ms=67.783
[LIVE] trial=mosh_r05 loop=004/011 command=1/5 status=success latency_ms=92.086
[LIVE] trial=mosh_r05 loop=004/011 command=2/5 status=success latency_ms=72.568
[LIVE] trial=mosh_r05 loop=004/011 command=3/5 status=success latency_ms=83.429
[LIVE] trial=mosh_r05 loop=004/011 command=4/5 status=success latency_ms=85.774
[LIVE] trial=mosh_r05 loop=004/011 command=5/5 status=success latency_ms=57.148
[LIVE] trial=mosh_r05 loop=005/011 command=1/5 status=success latency_ms=55.812
[LIVE] trial=mosh_r05 loop=005/011 command=2/5 status=success latency_ms=49.797
[LIVE] trial=mosh_r05 loop=005/011 command=3/5 status=success latency_ms=52.579
[LIVE] trial=mosh_r05 loop=005/011 command=4/5 status=success latency_ms=358.593
[LIVE] trial=mosh_r05 loop=005/011 command=5/5 status=success latency_ms=31.456
[LIVE] trial=mosh_r05 loop=006/011 command=1/5 status=success latency_ms=63.297
[LIVE] trial=mosh_r05 loop=006/011 command=2/5 status=success latency_ms=63.555
[LIVE] trial=mosh_r05 loop=006/011 command=3/5 status=success latency_ms=80.198
[LIVE] trial=mosh_r05 loop=006/011 command=4/5 status=success latency_ms=131.912
[LIVE] trial=mosh_r05 loop=006/011 command=5/5 status=success latency_ms=63.252
[LIVE] trial=mosh_r05 loop=007/011 command=1/5 status=success latency_ms=33.122
[LIVE] trial=mosh_r05 loop=007/011 command=2/5 status=success latency_ms=71.813
[LIVE] trial=mosh_r05 loop=007/011 command=3/5 status=success latency_ms=65.783
[RUN] order=015/030 block=05/10 trial=ssh_r05
[READY] trial=ssh_r05 session_setup_ms=1175.275
[LIVE] trial=ssh_r05 loop=001/011 command=1/5 status=success latency_ms=158.094
[LIVE] trial=ssh_r05 loop=001/011 command=2/5 status=success latency_ms=46.410
[LIVE] trial=ssh_r05 loop=001/011 command=3/5 status=success latency_ms=49.954
[LIVE] trial=ssh_r05 loop=001/011 command=4/5 status=success latency_ms=313.112
[LIVE] trial=ssh_r05 loop=001/011 command=5/5 status=success latency_ms=105.035
[LIVE] trial=ssh_r05 loop=002/011 command=1/5 status=success latency_ms=48.594
[LIVE] trial=ssh_r05 loop=002/011 command=2/5 status=success latency_ms=50.336
[LIVE] trial=ssh_r05 loop=002/011 command=3/5 status=success latency_ms=101.929
[LIVE] trial=ssh_r05 loop=002/011 command=4/5 status=success latency_ms=359.124
[LIVE] trial=ssh_r05 loop=002/011 command=5/5 status=success latency_ms=148.680
[LIVE] trial=ssh_r05 loop=003/011 command=1/5 status=success latency_ms=70.899
[LIVE] trial=ssh_r05 loop=003/011 command=2/5 status=success latency_ms=75.339
[LIVE] trial=ssh_r05 loop=003/011 command=3/5 status=success latency_ms=52.639
[LIVE] trial=ssh_r05 loop=003/011 command=4/5 status=success latency_ms=266.383
[LIVE] trial=ssh_r05 loop=003/011 command=5/5 status=success latency_ms=133.854
[LIVE] trial=ssh_r05 loop=004/011 command=1/5 status=success latency_ms=62.207
[LIVE] trial=ssh_r05 loop=004/011 command=2/5 status=success latency_ms=127.545
[LIVE] trial=ssh_r05 loop=004/011 command=3/5 status=success latency_ms=56.558
[LIVE] trial=ssh_r05 loop=004/011 command=4/5 status=success latency_ms=374.790
[LIVE] trial=ssh_r05 loop=004/011 command=5/5 status=success latency_ms=91.559
[LIVE] trial=ssh_r05 loop=005/011 command=1/5 status=success latency_ms=86.396
[LIVE] trial=ssh_r05 loop=005/011 command=2/5 status=success latency_ms=62.765
[LIVE] trial=ssh_r05 loop=005/011 command=3/5 status=success latency_ms=91.537
[LIVE] trial=ssh_r05 loop=005/011 command=4/5 status=success latency_ms=278.853
[LIVE] trial=ssh_r05 loop=005/011 command=5/5 status=success latency_ms=76.448
[LIVE] trial=ssh_r05 loop=006/011 command=1/5 status=success latency_ms=111.735
[LIVE] trial=ssh_r05 loop=006/011 command=2/5 status=success latency_ms=143.058
[LIVE] trial=ssh_r05 loop=006/011 command=3/5 status=success latency_ms=104.575
[LIVE] trial=ssh_r05 loop=006/011 command=4/5 status=success latency_ms=279.853
[LIVE] trial=ssh_r05 loop=006/011 command=5/5 status=success latency_ms=112.862
[LIVE] trial=ssh_r05 loop=007/011 command=1/5 status=success latency_ms=62.660
[LIVE] trial=ssh_r05 loop=007/011 command=2/5 status=success latency_ms=112.911
[LIVE] trial=ssh_r05 loop=007/011 command=3/5 status=success latency_ms=91.123
[LIVE] trial=ssh_r05 loop=007/011 command=4/5 status=success latency_ms=249.550
[LIVE] trial=ssh_r05 loop=007/011 command=5/5 status=success latency_ms=99.087
[LIVE] trial=ssh_r05 loop=008/011 command=1/5 status=success latency_ms=47.542
[LIVE] trial=ssh_r05 loop=008/011 command=2/5 status=success latency_ms=60.339
[LIVE] trial=ssh_r05 loop=008/011 command=3/5 status=success latency_ms=97.701
[LIVE] trial=ssh_r05 loop=008/011 command=4/5 status=success latency_ms=369.191
[LIVE] trial=ssh_r05 loop=008/011 command=5/5 status=success latency_ms=70.373
[LIVE] trial=ssh_r05 loop=009/011 command=1/5 status=success latency_ms=56.866
[LIVE] trial=ssh_r05 loop=009/011 command=2/5 status=success latency_ms=86.027
[LIVE] trial=ssh_r05 loop=009/011 command=3/5 status=success latency_ms=64.638
[LIVE] trial=ssh_r05 loop=009/011 command=4/5 status=success latency_ms=332.492
[LIVE] trial=ssh_r05 loop=009/011 command=5/5 status=success latency_ms=81.993
[LIVE] trial=ssh_r05 loop=010/011 command=1/5 status=success latency_ms=66.874
[LIVE] trial=ssh_r05 loop=010/011 command=2/5 status=success latency_ms=123.644
[LIVE] trial=ssh_r05 loop=010/011 command=3/5 status=success latency_ms=101.810
[LIVE] trial=ssh_r05 loop=010/011 command=4/5 status=success latency_ms=230.282
[LIVE] trial=ssh_r05 loop=010/011 command=5/5 status=success latency_ms=64.322
[LIVE] trial=ssh_r05 loop=011/011 command=1/5 status=success latency_ms=58.120
[LIVE] trial=ssh_r05 loop=011/011 command=2/5 status=success latency_ms=87.653
[LIVE] trial=ssh_r05 loop=011/011 command=3/5 status=success latency_ms=74.328
[LIVE] trial=ssh_r05 loop=011/011 command=4/5 status=success latency_ms=179.892
[LIVE] trial=ssh_r05 loop=011/011 command=5/5 status=success latency_ms=104.308
[RUN] order=016/030 block=06/10 trial=ssh_r06
[READY] trial=ssh_r06 session_setup_ms=781.962
[LIVE] trial=ssh_r06 loop=001/011 command=1/5 status=success latency_ms=132.573
[LIVE] trial=ssh_r06 loop=001/011 command=2/5 status=success latency_ms=53.792
[LIVE] trial=ssh_r06 loop=001/011 command=3/5 status=success latency_ms=63.702
[LIVE] trial=ssh_r06 loop=001/011 command=4/5 status=success latency_ms=363.362
[LIVE] trial=ssh_r06 loop=001/011 command=5/5 status=success latency_ms=146.900
[LIVE] trial=ssh_r06 loop=002/011 command=1/5 status=success latency_ms=54.146
[LIVE] trial=ssh_r06 loop=002/011 command=2/5 status=success latency_ms=110.436
[LIVE] trial=ssh_r06 loop=002/011 command=3/5 status=success latency_ms=64.217
[LIVE] trial=ssh_r06 loop=002/011 command=4/5 status=success latency_ms=207.250
[LIVE] trial=ssh_r06 loop=002/011 command=5/5 status=success latency_ms=84.148
[LIVE] trial=ssh_r06 loop=003/011 command=1/5 status=success latency_ms=61.049
[LIVE] trial=ssh_r06 loop=003/011 command=2/5 status=success latency_ms=106.443
[LIVE] trial=ssh_r06 loop=003/011 command=3/5 status=success latency_ms=96.223
[LIVE] trial=ssh_r06 loop=003/011 command=4/5 status=success latency_ms=297.467
[LIVE] trial=ssh_r06 loop=003/011 command=5/5 status=success latency_ms=40.858
[LIVE] trial=ssh_r06 loop=004/011 command=1/5 status=success latency_ms=104.149
[LIVE] trial=ssh_r06 loop=004/011 command=2/5 status=success latency_ms=126.525
[LIVE] trial=ssh_r06 loop=004/011 command=3/5 status=success latency_ms=108.340
[LIVE] trial=ssh_r06 loop=004/011 command=4/5 status=success latency_ms=360.369
[LIVE] trial=ssh_r06 loop=004/011 command=5/5 status=success latency_ms=87.985
[LIVE] trial=ssh_r06 loop=005/011 command=1/5 status=success latency_ms=125.438
[LIVE] trial=ssh_r06 loop=005/011 command=2/5 status=success latency_ms=110.102
[LIVE] trial=ssh_r06 loop=005/011 command=3/5 status=success latency_ms=41.186
[LIVE] trial=ssh_r06 loop=005/011 command=4/5 status=success latency_ms=191.276
[LIVE] trial=ssh_r06 loop=005/011 command=5/5 status=success latency_ms=67.344
[LIVE] trial=ssh_r06 loop=006/011 command=1/5 status=success latency_ms=104.318
[LIVE] trial=ssh_r06 loop=006/011 command=2/5 status=success latency_ms=48.534
[LIVE] trial=ssh_r06 loop=006/011 command=3/5 status=success latency_ms=75.443
[LIVE] trial=ssh_r06 loop=006/011 command=4/5 status=success latency_ms=361.472
[LIVE] trial=ssh_r06 loop=006/011 command=5/5 status=success latency_ms=262.766
[LIVE] trial=ssh_r06 loop=007/011 command=1/5 status=success latency_ms=140.588
[LIVE] trial=ssh_r06 loop=007/011 command=2/5 status=success latency_ms=92.096
[LIVE] trial=ssh_r06 loop=007/011 command=3/5 status=success latency_ms=57.988
[LIVE] trial=ssh_r06 loop=007/011 command=4/5 status=success latency_ms=367.535
[LIVE] trial=ssh_r06 loop=007/011 command=5/5 status=success latency_ms=103.338
[LIVE] trial=ssh_r06 loop=008/011 command=1/5 status=success latency_ms=112.558
[LIVE] trial=ssh_r06 loop=008/011 command=2/5 status=success latency_ms=165.671
[LIVE] trial=ssh_r06 loop=008/011 command=3/5 status=success latency_ms=116.951
[LIVE] trial=ssh_r06 loop=008/011 command=4/5 status=success latency_ms=308.280
[LIVE] trial=ssh_r06 loop=008/011 command=5/5 status=success latency_ms=107.407
[LIVE] trial=ssh_r06 loop=009/011 command=1/5 status=success latency_ms=99.412
[LIVE] trial=ssh_r06 loop=009/011 command=2/5 status=success latency_ms=115.670
[LIVE] trial=ssh_r06 loop=009/011 command=3/5 status=success latency_ms=93.380
[LIVE] trial=ssh_r06 loop=009/011 command=4/5 status=success latency_ms=261.894
[LIVE] trial=ssh_r06 loop=009/011 command=5/5 status=success latency_ms=133.092
[LIVE] trial=ssh_r06 loop=010/011 command=1/5 status=success latency_ms=108.557
[LIVE] trial=ssh_r06 loop=010/011 command=2/5 status=success latency_ms=59.161
[LIVE] trial=ssh_r06 loop=010/011 command=3/5 status=success latency_ms=78.804
[LIVE] trial=ssh_r06 loop=010/011 command=4/5 status=success latency_ms=335.162
[LIVE] trial=ssh_r06 loop=010/011 command=5/5 status=success latency_ms=128.390
[LIVE] trial=ssh_r06 loop=011/011 command=1/5 status=success latency_ms=197.658
[LIVE] trial=ssh_r06 loop=011/011 command=2/5 status=success latency_ms=145.909
[LIVE] trial=ssh_r06 loop=011/011 command=3/5 status=success latency_ms=86.989
[LIVE] trial=ssh_r06 loop=011/011 command=4/5 status=success latency_ms=191.360
[LIVE] trial=ssh_r06 loop=011/011 command=5/5 status=success latency_ms=62.377
[RUN] order=017/030 block=06/10 trial=ssh3_r06
[READY] trial=ssh3_r06 session_setup_ms=472.205
[LIVE] trial=ssh3_r06 loop=001/011 command=1/5 status=success latency_ms=90.978
[LIVE] trial=ssh3_r06 loop=001/011 command=2/5 status=success latency_ms=63.713
[LIVE] trial=ssh3_r06 loop=001/011 command=3/5 status=success latency_ms=39.064
[LIVE] trial=ssh3_r06 loop=001/011 command=4/5 status=success latency_ms=120.764
[LIVE] trial=ssh3_r06 loop=001/011 command=5/5 status=success latency_ms=50.641
[LIVE] trial=ssh3_r06 loop=002/011 command=1/5 status=success latency_ms=52.389
[LIVE] trial=ssh3_r06 loop=002/011 command=2/5 status=success latency_ms=27.765
[LIVE] trial=ssh3_r06 loop=002/011 command=3/5 status=success latency_ms=60.549
[LIVE] trial=ssh3_r06 loop=002/011 command=4/5 status=success latency_ms=229.241
[LIVE] trial=ssh3_r06 loop=002/011 command=5/5 status=success latency_ms=129.077
[LIVE] trial=ssh3_r06 loop=003/011 command=1/5 status=success latency_ms=50.718
[LIVE] trial=ssh3_r06 loop=003/011 command=2/5 status=success latency_ms=67.835
[LIVE] trial=ssh3_r06 loop=003/011 command=3/5 status=success latency_ms=53.337
[LIVE] trial=ssh3_r06 loop=003/011 command=4/5 status=success latency_ms=193.862
[LIVE] trial=ssh3_r06 loop=003/011 command=5/5 status=success latency_ms=79.546
[LIVE] trial=ssh3_r06 loop=004/011 command=1/5 status=success latency_ms=36.749
[LIVE] trial=ssh3_r06 loop=004/011 command=2/5 status=success latency_ms=47.648
[LIVE] trial=ssh3_r06 loop=004/011 command=3/5 status=success latency_ms=58.438
[LIVE] trial=ssh3_r06 loop=004/011 command=4/5 status=success latency_ms=246.478
[LIVE] trial=ssh3_r06 loop=004/011 command=5/5 status=success latency_ms=84.146
[LIVE] trial=ssh3_r06 loop=005/011 command=1/5 status=success latency_ms=44.977
[LIVE] trial=ssh3_r06 loop=005/011 command=2/5 status=success latency_ms=58.370
[LIVE] trial=ssh3_r06 loop=005/011 command=3/5 status=success latency_ms=70.218
[LIVE] trial=ssh3_r06 loop=005/011 command=4/5 status=success latency_ms=180.666
[LIVE] trial=ssh3_r06 loop=005/011 command=5/5 status=success latency_ms=40.052
[LIVE] trial=ssh3_r06 loop=006/011 command=1/5 status=success latency_ms=115.461
[LIVE] trial=ssh3_r06 loop=006/011 command=2/5 status=success latency_ms=45.567
[LIVE] trial=ssh3_r06 loop=006/011 command=3/5 status=success latency_ms=35.331
[LIVE] trial=ssh3_r06 loop=006/011 command=4/5 status=success latency_ms=212.830
[LIVE] trial=ssh3_r06 loop=006/011 command=5/5 status=success latency_ms=62.637
[LIVE] trial=ssh3_r06 loop=007/011 command=1/5 status=success latency_ms=72.807
[LIVE] trial=ssh3_r06 loop=007/011 command=2/5 status=success latency_ms=54.857
[LIVE] trial=ssh3_r06 loop=007/011 command=3/5 status=success latency_ms=58.128
[LIVE] trial=ssh3_r06 loop=007/011 command=4/5 status=success latency_ms=281.979
[LIVE] trial=ssh3_r06 loop=007/011 command=5/5 status=success latency_ms=227.497
[LIVE] trial=ssh3_r06 loop=008/011 command=1/5 status=success latency_ms=73.108
[LIVE] trial=ssh3_r06 loop=008/011 command=2/5 status=success latency_ms=56.260
[LIVE] trial=ssh3_r06 loop=008/011 command=3/5 status=success latency_ms=89.067
[LIVE] trial=ssh3_r06 loop=008/011 command=4/5 status=success latency_ms=272.501
[LIVE] trial=ssh3_r06 loop=008/011 command=5/5 status=success latency_ms=60.655
[LIVE] trial=ssh3_r06 loop=009/011 command=1/5 status=success latency_ms=77.952
[LIVE] trial=ssh3_r06 loop=009/011 command=2/5 status=success latency_ms=55.215
[LIVE] trial=ssh3_r06 loop=009/011 command=3/5 status=success latency_ms=62.080
[LIVE] trial=ssh3_r06 loop=009/011 command=4/5 status=success latency_ms=327.192
[LIVE] trial=ssh3_r06 loop=009/011 command=5/5 status=success latency_ms=73.602
[LIVE] trial=ssh3_r06 loop=010/011 command=1/5 status=success latency_ms=63.106
[LIVE] trial=ssh3_r06 loop=010/011 command=2/5 status=success latency_ms=66.207
[LIVE] trial=ssh3_r06 loop=010/011 command=3/5 status=success latency_ms=84.117
[LIVE] trial=ssh3_r06 loop=010/011 command=4/5 status=success latency_ms=259.935
[LIVE] trial=ssh3_r06 loop=010/011 command=5/5 status=success latency_ms=65.110
[LIVE] trial=ssh3_r06 loop=011/011 command=1/5 status=success latency_ms=45.168
[LIVE] trial=ssh3_r06 loop=011/011 command=2/5 status=success latency_ms=152.500
[LIVE] trial=ssh3_r06 loop=011/011 command=3/5 status=success latency_ms=48.636
[LIVE] trial=ssh3_r06 loop=011/011 command=4/5 status=success latency_ms=339.416
[LIVE] trial=ssh3_r06 loop=011/011 command=5/5 status=success latency_ms=45.848
[RUN] order=018/030 block=06/10 trial=mosh_r06
[READY] trial=mosh_r06 session_setup_ms=1206.107
[LIVE] trial=mosh_r06 loop=001/011 command=1/5 status=success latency_ms=79.880
[LIVE] trial=mosh_r06 loop=001/011 command=2/5 status=success latency_ms=39.342
[LIVE] trial=mosh_r06 loop=001/011 command=3/5 status=success latency_ms=50.219
[LIVE] trial=mosh_r06 loop=001/011 command=4/5 status=success latency_ms=302.470
[LIVE] trial=mosh_r06 loop=001/011 command=5/5 status=success latency_ms=315.703
[LIVE] trial=mosh_r06 loop=002/011 command=1/5 status=success latency_ms=72.958
[LIVE] trial=mosh_r06 loop=002/011 command=2/5 status=success latency_ms=66.139
[LIVE] trial=mosh_r06 loop=002/011 command=3/5 status=success latency_ms=46.991
[LIVE] trial=mosh_r06 loop=002/011 command=4/5 status=success latency_ms=350.585
[LIVE] trial=mosh_r06 loop=002/011 command=5/5 status=success latency_ms=247.061
[LIVE] trial=mosh_r06 loop=003/011 command=1/5 status=success latency_ms=73.211
[LIVE] trial=mosh_r06 loop=003/011 command=2/5 status=success latency_ms=52.332
[LIVE] trial=mosh_r06 loop=003/011 command=3/5 status=success latency_ms=59.742
[LIVE] trial=mosh_r06 loop=003/011 command=4/5 status=success latency_ms=77.316
[LIVE] trial=mosh_r06 loop=003/011 command=5/5 status=success latency_ms=175.815
[LIVE] trial=mosh_r06 loop=004/011 command=1/5 status=success latency_ms=42.672
[LIVE] trial=mosh_r06 loop=004/011 command=2/5 status=success latency_ms=53.103
[LIVE] trial=mosh_r06 loop=004/011 command=3/5 status=success latency_ms=65.251
[LIVE] trial=mosh_r06 loop=004/011 command=4/5 status=success latency_ms=69.563
[LIVE] trial=mosh_r06 loop=004/011 command=5/5 status=success latency_ms=92.642
[LIVE] trial=mosh_r06 loop=005/011 command=1/5 status=success latency_ms=26.758
[LIVE] trial=mosh_r06 loop=005/011 command=2/5 status=success latency_ms=40.065
[LIVE] trial=mosh_r06 loop=005/011 command=3/5 status=success latency_ms=88.494
[LIVE] trial=mosh_r06 loop=005/011 command=4/5 status=success latency_ms=311.656
[LIVE] trial=mosh_r06 loop=005/011 command=5/5 status=success latency_ms=29.167
[LIVE] trial=mosh_r06 loop=006/011 command=1/5 status=success latency_ms=18.832
[LIVE] trial=mosh_r06 loop=006/011 command=2/5 status=success latency_ms=72.804
[LIVE] trial=mosh_r06 loop=006/011 command=3/5 status=success latency_ms=89.608
[RUN] order=019/030 block=07/10 trial=mosh_r07
[READY] trial=mosh_r07 session_setup_ms=2086.739
[LIVE] trial=mosh_r07 loop=001/011 command=1/5 status=success latency_ms=35.481
[LIVE] trial=mosh_r07 loop=001/011 command=2/5 status=success latency_ms=49.716
[LIVE] trial=mosh_r07 loop=001/011 command=3/5 status=success latency_ms=57.913
[LIVE] trial=mosh_r07 loop=001/011 command=4/5 status=success latency_ms=86.496
[LIVE] trial=mosh_r07 loop=001/011 command=5/5 status=success latency_ms=55.099
[LIVE] trial=mosh_r07 loop=002/011 command=1/5 status=success latency_ms=89.052
[LIVE] trial=mosh_r07 loop=002/011 command=2/5 status=success latency_ms=88.792
[LIVE] trial=mosh_r07 loop=002/011 command=3/5 status=success latency_ms=101.621
[LIVE] trial=mosh_r07 loop=002/011 command=4/5 status=success latency_ms=479.893
[LIVE] trial=mosh_r07 loop=002/011 command=5/5 status=success latency_ms=279.237
[LIVE] trial=mosh_r07 loop=003/011 command=1/5 status=success latency_ms=27.709
[LIVE] trial=mosh_r07 loop=003/011 command=2/5 status=success latency_ms=31.590
[LIVE] trial=mosh_r07 loop=003/011 command=3/5 status=success latency_ms=39.082
[LIVE] trial=mosh_r07 loop=003/011 command=4/5 status=success latency_ms=103.128
[LIVE] trial=mosh_r07 loop=003/011 command=5/5 status=success latency_ms=27.529
[LIVE] trial=mosh_r07 loop=004/011 command=1/5 status=success latency_ms=74.037
[LIVE] trial=mosh_r07 loop=004/011 command=2/5 status=success latency_ms=72.767
[LIVE] trial=mosh_r07 loop=004/011 command=3/5 status=success latency_ms=64.735
[LIVE] trial=mosh_r07 loop=004/011 command=4/5 status=success latency_ms=114.762
[LIVE] trial=mosh_r07 loop=004/011 command=5/5 status=success latency_ms=156.881
[LIVE] trial=mosh_r07 loop=005/011 command=1/5 status=success latency_ms=27.877
[LIVE] trial=mosh_r07 loop=005/011 command=2/5 status=success latency_ms=55.814
[LIVE] trial=mosh_r07 loop=005/011 command=3/5 status=success latency_ms=319.465
[LIVE] trial=mosh_r07 loop=005/011 command=4/5 status=success latency_ms=80.634
[LIVE] trial=mosh_r07 loop=005/011 command=5/5 status=success latency_ms=44.492
[LIVE] trial=mosh_r07 loop=006/011 command=1/5 status=success latency_ms=64.309
[LIVE] trial=mosh_r07 loop=006/011 command=2/5 status=success latency_ms=266.933
[LIVE] trial=mosh_r07 loop=006/011 command=3/5 status=success latency_ms=51.307
[LIVE] trial=mosh_r07 loop=006/011 command=4/5 status=success latency_ms=101.899
[LIVE] trial=mosh_r07 loop=006/011 command=5/5 status=success latency_ms=27.089
[LIVE] trial=mosh_r07 loop=007/011 command=1/5 status=success latency_ms=89.035
[LIVE] trial=mosh_r07 loop=007/011 command=2/5 status=success latency_ms=60.676
[LIVE] trial=mosh_r07 loop=007/011 command=3/5 status=success latency_ms=101.501
[LIVE] trial=mosh_r07 loop=007/011 command=4/5 status=success latency_ms=229.083
[LIVE] trial=mosh_r07 loop=007/011 command=5/5 status=success latency_ms=73.046
[LIVE] trial=mosh_r07 loop=008/011 command=1/5 status=success latency_ms=41.983
[LIVE] trial=mosh_r07 loop=008/011 command=2/5 status=success latency_ms=44.574
[LIVE] trial=mosh_r07 loop=008/011 command=3/5 status=success latency_ms=51.907
[LIVE] trial=mosh_r07 loop=008/011 command=4/5 status=success latency_ms=99.152
[LIVE] trial=mosh_r07 loop=008/011 command=5/5 status=success latency_ms=295.776
[LIVE] trial=mosh_r07 loop=009/011 command=1/5 status=success latency_ms=54.118
[LIVE] trial=mosh_r07 loop=009/011 command=2/5 status=success latency_ms=50.108
[LIVE] trial=mosh_r07 loop=009/011 command=3/5 status=success latency_ms=79.494
[RUN] order=020/030 block=07/10 trial=ssh_r07
[READY] trial=ssh_r07 session_setup_ms=1260.190
[LIVE] trial=ssh_r07 loop=001/011 command=1/5 status=success latency_ms=322.604
[LIVE] trial=ssh_r07 loop=001/011 command=2/5 status=success latency_ms=76.542
[LIVE] trial=ssh_r07 loop=001/011 command=3/5 status=success latency_ms=86.508
[LIVE] trial=ssh_r07 loop=001/011 command=4/5 status=success latency_ms=436.142
[LIVE] trial=ssh_r07 loop=001/011 command=5/5 status=success latency_ms=159.026
[LIVE] trial=ssh_r07 loop=002/011 command=1/5 status=success latency_ms=63.151
[LIVE] trial=ssh_r07 loop=002/011 command=2/5 status=success latency_ms=76.923
[LIVE] trial=ssh_r07 loop=002/011 command=3/5 status=success latency_ms=76.410
[LIVE] trial=ssh_r07 loop=002/011 command=4/5 status=success latency_ms=309.167
[LIVE] trial=ssh_r07 loop=002/011 command=5/5 status=success latency_ms=84.733
[LIVE] trial=ssh_r07 loop=003/011 command=1/5 status=success latency_ms=103.690
[LIVE] trial=ssh_r07 loop=003/011 command=2/5 status=success latency_ms=100.344
[LIVE] trial=ssh_r07 loop=003/011 command=3/5 status=success latency_ms=146.720
[LIVE] trial=ssh_r07 loop=003/011 command=4/5 status=success latency_ms=253.526
[LIVE] trial=ssh_r07 loop=003/011 command=5/5 status=success latency_ms=62.133
[LIVE] trial=ssh_r07 loop=004/011 command=1/5 status=success latency_ms=73.333
[LIVE] trial=ssh_r07 loop=004/011 command=2/5 status=success latency_ms=81.701
[LIVE] trial=ssh_r07 loop=004/011 command=3/5 status=success latency_ms=112.973
[LIVE] trial=ssh_r07 loop=004/011 command=4/5 status=success latency_ms=199.679
[LIVE] trial=ssh_r07 loop=004/011 command=5/5 status=success latency_ms=45.966
[LIVE] trial=ssh_r07 loop=005/011 command=1/5 status=success latency_ms=102.035
[LIVE] trial=ssh_r07 loop=005/011 command=2/5 status=success latency_ms=56.246
[LIVE] trial=ssh_r07 loop=005/011 command=3/5 status=success latency_ms=140.720
[LIVE] trial=ssh_r07 loop=005/011 command=4/5 status=success latency_ms=575.543
[LIVE] trial=ssh_r07 loop=005/011 command=5/5 status=success latency_ms=129.064
[LIVE] trial=ssh_r07 loop=006/011 command=1/5 status=success latency_ms=123.144
[LIVE] trial=ssh_r07 loop=006/011 command=2/5 status=success latency_ms=71.255
[LIVE] trial=ssh_r07 loop=006/011 command=3/5 status=success latency_ms=97.373
[LIVE] trial=ssh_r07 loop=006/011 command=4/5 status=success latency_ms=319.582
[LIVE] trial=ssh_r07 loop=006/011 command=5/5 status=success latency_ms=57.894
[LIVE] trial=ssh_r07 loop=007/011 command=1/5 status=success latency_ms=34.806
[LIVE] trial=ssh_r07 loop=007/011 command=2/5 status=success latency_ms=67.636
[LIVE] trial=ssh_r07 loop=007/011 command=3/5 status=success latency_ms=57.036
[LIVE] trial=ssh_r07 loop=007/011 command=4/5 status=success latency_ms=441.641
[LIVE] trial=ssh_r07 loop=007/011 command=5/5 status=success latency_ms=73.922
[LIVE] trial=ssh_r07 loop=008/011 command=1/5 status=success latency_ms=94.171
[LIVE] trial=ssh_r07 loop=008/011 command=2/5 status=success latency_ms=124.743
[LIVE] trial=ssh_r07 loop=008/011 command=3/5 status=success latency_ms=64.744
[LIVE] trial=ssh_r07 loop=008/011 command=4/5 status=success latency_ms=356.844
[LIVE] trial=ssh_r07 loop=008/011 command=5/5 status=success latency_ms=27.378
[LIVE] trial=ssh_r07 loop=009/011 command=1/5 status=success latency_ms=103.717
[LIVE] trial=ssh_r07 loop=009/011 command=2/5 status=success latency_ms=64.316
[LIVE] trial=ssh_r07 loop=009/011 command=3/5 status=success latency_ms=95.578
[LIVE] trial=ssh_r07 loop=009/011 command=4/5 status=success latency_ms=770.527
[LIVE] trial=ssh_r07 loop=009/011 command=5/5 status=success latency_ms=115.294
[LIVE] trial=ssh_r07 loop=010/011 command=1/5 status=success latency_ms=100.068
[LIVE] trial=ssh_r07 loop=010/011 command=2/5 status=success latency_ms=81.199
[LIVE] trial=ssh_r07 loop=010/011 command=3/5 status=success latency_ms=155.646
[LIVE] trial=ssh_r07 loop=010/011 command=4/5 status=success latency_ms=271.290
[LIVE] trial=ssh_r07 loop=010/011 command=5/5 status=success latency_ms=94.585
[LIVE] trial=ssh_r07 loop=011/011 command=1/5 status=success latency_ms=57.402
[LIVE] trial=ssh_r07 loop=011/011 command=2/5 status=success latency_ms=59.293
[LIVE] trial=ssh_r07 loop=011/011 command=3/5 status=success latency_ms=64.771
[LIVE] trial=ssh_r07 loop=011/011 command=4/5 status=success latency_ms=302.988
[LIVE] trial=ssh_r07 loop=011/011 command=5/5 status=success latency_ms=119.182
[RUN] order=021/030 block=07/10 trial=ssh3_r07
[READY] trial=ssh3_r07 session_setup_ms=396.310
[LIVE] trial=ssh3_r07 loop=001/011 command=1/5 status=success latency_ms=34.787
[LIVE] trial=ssh3_r07 loop=001/011 command=2/5 status=success latency_ms=62.122
[LIVE] trial=ssh3_r07 loop=001/011 command=3/5 status=success latency_ms=65.308
[LIVE] trial=ssh3_r07 loop=001/011 command=4/5 status=success latency_ms=324.332
[LIVE] trial=ssh3_r07 loop=001/011 command=5/5 status=success latency_ms=55.413
[LIVE] trial=ssh3_r07 loop=002/011 command=1/5 status=success latency_ms=37.017
[LIVE] trial=ssh3_r07 loop=002/011 command=2/5 status=success latency_ms=71.721
[LIVE] trial=ssh3_r07 loop=002/011 command=3/5 status=success latency_ms=33.878
[LIVE] trial=ssh3_r07 loop=002/011 command=4/5 status=success latency_ms=241.220
[LIVE] trial=ssh3_r07 loop=002/011 command=5/5 status=success latency_ms=78.253
[LIVE] trial=ssh3_r07 loop=003/011 command=1/5 status=success latency_ms=43.134
[LIVE] trial=ssh3_r07 loop=003/011 command=2/5 status=success latency_ms=57.765
[LIVE] trial=ssh3_r07 loop=003/011 command=3/5 status=success latency_ms=56.717
[LIVE] trial=ssh3_r07 loop=003/011 command=4/5 status=success latency_ms=306.158
[LIVE] trial=ssh3_r07 loop=003/011 command=5/5 status=success latency_ms=33.621
[LIVE] trial=ssh3_r07 loop=004/011 command=1/5 status=success latency_ms=101.361
[LIVE] trial=ssh3_r07 loop=004/011 command=2/5 status=success latency_ms=57.797
[LIVE] trial=ssh3_r07 loop=004/011 command=3/5 status=success latency_ms=56.592
[LIVE] trial=ssh3_r07 loop=004/011 command=4/5 status=success latency_ms=210.111
[LIVE] trial=ssh3_r07 loop=004/011 command=5/5 status=success latency_ms=60.467
[LIVE] trial=ssh3_r07 loop=005/011 command=1/5 status=success latency_ms=78.177
[LIVE] trial=ssh3_r07 loop=005/011 command=2/5 status=success latency_ms=25.701
[LIVE] trial=ssh3_r07 loop=005/011 command=3/5 status=success latency_ms=213.529
[LIVE] trial=ssh3_r07 loop=005/011 command=4/5 status=success latency_ms=241.621
[LIVE] trial=ssh3_r07 loop=005/011 command=5/5 status=success latency_ms=253.192
[LIVE] trial=ssh3_r07 loop=006/011 command=1/5 status=success latency_ms=46.902
[LIVE] trial=ssh3_r07 loop=006/011 command=2/5 status=success latency_ms=50.885
[LIVE] trial=ssh3_r07 loop=006/011 command=3/5 status=success latency_ms=43.771
[LIVE] trial=ssh3_r07 loop=006/011 command=4/5 status=success latency_ms=236.969
[LIVE] trial=ssh3_r07 loop=006/011 command=5/5 status=success latency_ms=45.820
[LIVE] trial=ssh3_r07 loop=007/011 command=1/5 status=success latency_ms=54.740
[LIVE] trial=ssh3_r07 loop=007/011 command=2/5 status=success latency_ms=105.128
[LIVE] trial=ssh3_r07 loop=007/011 command=3/5 status=success latency_ms=101.284
[LIVE] trial=ssh3_r07 loop=007/011 command=4/5 status=success latency_ms=232.064
[LIVE] trial=ssh3_r07 loop=007/011 command=5/5 status=success latency_ms=89.518
[LIVE] trial=ssh3_r07 loop=008/011 command=1/5 status=success latency_ms=63.897
[LIVE] trial=ssh3_r07 loop=008/011 command=2/5 status=success latency_ms=73.045
[LIVE] trial=ssh3_r07 loop=008/011 command=3/5 status=success latency_ms=42.341
[LIVE] trial=ssh3_r07 loop=008/011 command=4/5 status=success latency_ms=376.502
[LIVE] trial=ssh3_r07 loop=008/011 command=5/5 status=success latency_ms=71.979
[LIVE] trial=ssh3_r07 loop=009/011 command=1/5 status=success latency_ms=19.279
[LIVE] trial=ssh3_r07 loop=009/011 command=2/5 status=success latency_ms=26.292
[LIVE] trial=ssh3_r07 loop=009/011 command=3/5 status=success latency_ms=67.905
[LIVE] trial=ssh3_r07 loop=009/011 command=4/5 status=success latency_ms=336.389
[LIVE] trial=ssh3_r07 loop=009/011 command=5/5 status=success latency_ms=96.123
[LIVE] trial=ssh3_r07 loop=010/011 command=1/5 status=success latency_ms=33.972
[LIVE] trial=ssh3_r07 loop=010/011 command=2/5 status=success latency_ms=60.015
[LIVE] trial=ssh3_r07 loop=010/011 command=3/5 status=success latency_ms=94.343
[LIVE] trial=ssh3_r07 loop=010/011 command=4/5 status=success latency_ms=332.309
[LIVE] trial=ssh3_r07 loop=010/011 command=5/5 status=success latency_ms=53.654
[LIVE] trial=ssh3_r07 loop=011/011 command=1/5 status=success latency_ms=212.552
[LIVE] trial=ssh3_r07 loop=011/011 command=2/5 status=success latency_ms=73.026
[LIVE] trial=ssh3_r07 loop=011/011 command=3/5 status=success latency_ms=37.930
[LIVE] trial=ssh3_r07 loop=011/011 command=4/5 status=success latency_ms=185.032
[LIVE] trial=ssh3_r07 loop=011/011 command=5/5 status=success latency_ms=63.815
[RUN] order=022/030 block=08/10 trial=ssh3_r08
[READY] trial=ssh3_r08 session_setup_ms=396.484
[LIVE] trial=ssh3_r08 loop=001/011 command=1/5 status=success latency_ms=85.790
[LIVE] trial=ssh3_r08 loop=001/011 command=2/5 status=success latency_ms=35.608
[LIVE] trial=ssh3_r08 loop=001/011 command=3/5 status=success latency_ms=86.094
[LIVE] trial=ssh3_r08 loop=001/011 command=4/5 status=success latency_ms=322.255
[LIVE] trial=ssh3_r08 loop=001/011 command=5/5 status=success latency_ms=43.543
[LIVE] trial=ssh3_r08 loop=002/011 command=1/5 status=success latency_ms=20.871
[LIVE] trial=ssh3_r08 loop=002/011 command=2/5 status=success latency_ms=34.785
[LIVE] trial=ssh3_r08 loop=002/011 command=3/5 status=success latency_ms=93.211
[LIVE] trial=ssh3_r08 loop=002/011 command=4/5 status=success latency_ms=207.879
[LIVE] trial=ssh3_r08 loop=002/011 command=5/5 status=success latency_ms=62.981
[LIVE] trial=ssh3_r08 loop=003/011 command=1/5 status=success latency_ms=50.082
[LIVE] trial=ssh3_r08 loop=003/011 command=2/5 status=success latency_ms=56.693
[LIVE] trial=ssh3_r08 loop=003/011 command=3/5 status=success latency_ms=46.571
[LIVE] trial=ssh3_r08 loop=003/011 command=4/5 status=success latency_ms=178.810
[LIVE] trial=ssh3_r08 loop=003/011 command=5/5 status=success latency_ms=54.253
[LIVE] trial=ssh3_r08 loop=004/011 command=1/5 status=success latency_ms=73.483
[LIVE] trial=ssh3_r08 loop=004/011 command=2/5 status=success latency_ms=89.130
[LIVE] trial=ssh3_r08 loop=004/011 command=3/5 status=success latency_ms=66.492
[LIVE] trial=ssh3_r08 loop=004/011 command=4/5 status=success latency_ms=240.392
[LIVE] trial=ssh3_r08 loop=004/011 command=5/5 status=success latency_ms=24.249
[LIVE] trial=ssh3_r08 loop=005/011 command=1/5 status=success latency_ms=44.010
[LIVE] trial=ssh3_r08 loop=005/011 command=2/5 status=success latency_ms=43.927
[LIVE] trial=ssh3_r08 loop=005/011 command=3/5 status=success latency_ms=64.910
[LIVE] trial=ssh3_r08 loop=005/011 command=4/5 status=success latency_ms=231.093
[LIVE] trial=ssh3_r08 loop=005/011 command=5/5 status=success latency_ms=65.956
[LIVE] trial=ssh3_r08 loop=006/011 command=1/5 status=success latency_ms=63.957
[LIVE] trial=ssh3_r08 loop=006/011 command=2/5 status=success latency_ms=43.222
[LIVE] trial=ssh3_r08 loop=006/011 command=3/5 status=success latency_ms=63.274
[LIVE] trial=ssh3_r08 loop=006/011 command=4/5 status=success latency_ms=291.479
[LIVE] trial=ssh3_r08 loop=006/011 command=5/5 status=success latency_ms=64.715
[LIVE] trial=ssh3_r08 loop=007/011 command=1/5 status=success latency_ms=78.364
[LIVE] trial=ssh3_r08 loop=007/011 command=2/5 status=success latency_ms=106.311
[LIVE] trial=ssh3_r08 loop=007/011 command=3/5 status=success latency_ms=46.481
[LIVE] trial=ssh3_r08 loop=007/011 command=4/5 status=success latency_ms=295.795
[LIVE] trial=ssh3_r08 loop=007/011 command=5/5 status=success latency_ms=26.041
[LIVE] trial=ssh3_r08 loop=008/011 command=1/5 status=success latency_ms=65.261
[LIVE] trial=ssh3_r08 loop=008/011 command=2/5 status=success latency_ms=61.752
[LIVE] trial=ssh3_r08 loop=008/011 command=3/5 status=success latency_ms=81.904
[LIVE] trial=ssh3_r08 loop=008/011 command=4/5 status=success latency_ms=361.359
[LIVE] trial=ssh3_r08 loop=008/011 command=5/5 status=success latency_ms=63.683
[LIVE] trial=ssh3_r08 loop=009/011 command=1/5 status=success latency_ms=57.663
[LIVE] trial=ssh3_r08 loop=009/011 command=2/5 status=success latency_ms=66.225
[LIVE] trial=ssh3_r08 loop=009/011 command=3/5 status=success latency_ms=53.999
[LIVE] trial=ssh3_r08 loop=009/011 command=4/5 status=success latency_ms=253.863
[LIVE] trial=ssh3_r08 loop=009/011 command=5/5 status=success latency_ms=50.412
[LIVE] trial=ssh3_r08 loop=010/011 command=1/5 status=success latency_ms=13.351
[LIVE] trial=ssh3_r08 loop=010/011 command=2/5 status=success latency_ms=53.543
[LIVE] trial=ssh3_r08 loop=010/011 command=3/5 status=success latency_ms=63.274
[LIVE] trial=ssh3_r08 loop=010/011 command=4/5 status=success latency_ms=416.544
[LIVE] trial=ssh3_r08 loop=010/011 command=5/5 status=success latency_ms=87.152
[LIVE] trial=ssh3_r08 loop=011/011 command=1/5 status=success latency_ms=111.032
[LIVE] trial=ssh3_r08 loop=011/011 command=2/5 status=success latency_ms=88.927
[LIVE] trial=ssh3_r08 loop=011/011 command=3/5 status=success latency_ms=42.235
[LIVE] trial=ssh3_r08 loop=011/011 command=4/5 status=success latency_ms=207.048
[LIVE] trial=ssh3_r08 loop=011/011 command=5/5 status=success latency_ms=29.286
[RUN] order=023/030 block=08/10 trial=mosh_r08
[READY] trial=mosh_r08 session_setup_ms=1301.600
[LIVE] trial=mosh_r08 loop=001/011 command=1/5 status=success latency_ms=40.163
[LIVE] trial=mosh_r08 loop=001/011 command=2/5 status=success latency_ms=66.184
[LIVE] trial=mosh_r08 loop=001/011 command=3/5 status=success latency_ms=97.269
[LIVE] trial=mosh_r08 loop=001/011 command=4/5 status=success latency_ms=371.528
[LIVE] trial=mosh_r08 loop=001/011 command=5/5 status=success latency_ms=317.795
[LIVE] trial=mosh_r08 loop=002/011 command=1/5 status=success latency_ms=72.860
[LIVE] trial=mosh_r08 loop=002/011 command=2/5 status=success latency_ms=82.779
[LIVE] trial=mosh_r08 loop=002/011 command=3/5 status=success latency_ms=55.817
[LIVE] trial=mosh_r08 loop=002/011 command=4/5 status=success latency_ms=139.226
[LIVE] trial=mosh_r08 loop=002/011 command=5/5 status=success latency_ms=248.081
[LIVE] trial=mosh_r08 loop=003/011 command=1/5 status=success latency_ms=59.781
[LIVE] trial=mosh_r08 loop=003/011 command=2/5 status=success latency_ms=30.891
[LIVE] trial=mosh_r08 loop=003/011 command=3/5 status=success latency_ms=53.012
[LIVE] trial=mosh_r08 loop=003/011 command=4/5 status=success latency_ms=68.138
[LIVE] trial=mosh_r08 loop=003/011 command=5/5 status=success latency_ms=46.096
[LIVE] trial=mosh_r08 loop=004/011 command=1/5 status=success latency_ms=56.010
[LIVE] trial=mosh_r08 loop=004/011 command=2/5 status=success latency_ms=40.021
[LIVE] trial=mosh_r08 loop=004/011 command=3/5 status=success latency_ms=53.295
[LIVE] trial=mosh_r08 loop=004/011 command=4/5 status=success latency_ms=282.738
[LIVE] trial=mosh_r08 loop=004/011 command=5/5 status=success latency_ms=52.657
[LIVE] trial=mosh_r08 loop=005/011 command=1/5 status=success latency_ms=92.054
[LIVE] trial=mosh_r08 loop=005/011 command=2/5 status=success latency_ms=139.824
[LIVE] trial=mosh_r08 loop=005/011 command=3/5 status=success latency_ms=53.460
[LIVE] trial=mosh_r08 loop=005/011 command=4/5 status=success latency_ms=120.442
[LIVE] trial=mosh_r08 loop=005/011 command=5/5 status=success latency_ms=46.319
[LIVE] trial=mosh_r08 loop=006/011 command=1/5 status=success latency_ms=29.256
[LIVE] trial=mosh_r08 loop=006/011 command=2/5 status=success latency_ms=285.328
[LIVE] trial=mosh_r08 loop=006/011 command=3/5 status=success latency_ms=45.302
[LIVE] trial=mosh_r08 loop=006/011 command=4/5 status=success latency_ms=93.466
[LIVE] trial=mosh_r08 loop=006/011 command=5/5 status=success latency_ms=237.702
[LIVE] trial=mosh_r08 loop=007/011 command=1/5 status=success latency_ms=40.963
[LIVE] trial=mosh_r08 loop=007/011 command=2/5 status=success latency_ms=80.153
[LIVE] trial=mosh_r08 loop=007/011 command=3/5 status=success latency_ms=50.890
[LIVE] trial=mosh_r08 loop=007/011 command=4/5 status=success latency_ms=91.201
[LIVE] trial=mosh_r08 loop=007/011 command=5/5 status=success latency_ms=33.367
[LIVE] trial=mosh_r08 loop=008/011 command=1/5 status=success latency_ms=28.166
[LIVE] trial=mosh_r08 loop=008/011 command=2/5 status=success latency_ms=154.136
[LIVE] trial=mosh_r08 loop=008/011 command=3/5 status=success latency_ms=69.053
[LIVE] trial=mosh_r08 loop=008/011 command=4/5 status=success latency_ms=79.073
[LIVE] trial=mosh_r08 loop=008/011 command=5/5 status=success latency_ms=82.841
[LIVE] trial=mosh_r08 loop=009/011 command=1/5 status=success latency_ms=177.872
[LIVE] trial=mosh_r08 loop=009/011 command=2/5 status=success latency_ms=51.535
[LIVE] trial=mosh_r08 loop=009/011 command=3/5 status=success latency_ms=61.378
[RUN] order=024/030 block=08/10 trial=ssh_r08
[READY] trial=ssh_r08 session_setup_ms=1153.162
[LIVE] trial=ssh_r08 loop=001/011 command=1/5 status=success latency_ms=77.786
[LIVE] trial=ssh_r08 loop=001/011 command=2/5 status=success latency_ms=88.950
[LIVE] trial=ssh_r08 loop=001/011 command=3/5 status=success latency_ms=65.370
[LIVE] trial=ssh_r08 loop=001/011 command=4/5 status=success latency_ms=179.972
[LIVE] trial=ssh_r08 loop=001/011 command=5/5 status=success latency_ms=143.796
[LIVE] trial=ssh_r08 loop=002/011 command=1/5 status=success latency_ms=91.543
[LIVE] trial=ssh_r08 loop=002/011 command=2/5 status=success latency_ms=89.424
[LIVE] trial=ssh_r08 loop=002/011 command=3/5 status=success latency_ms=56.312
[LIVE] trial=ssh_r08 loop=002/011 command=4/5 status=success latency_ms=238.563
[LIVE] trial=ssh_r08 loop=002/011 command=5/5 status=success latency_ms=94.383
[LIVE] trial=ssh_r08 loop=003/011 command=1/5 status=success latency_ms=75.582
[LIVE] trial=ssh_r08 loop=003/011 command=2/5 status=success latency_ms=68.758
[LIVE] trial=ssh_r08 loop=003/011 command=3/5 status=success latency_ms=94.596
[LIVE] trial=ssh_r08 loop=003/011 command=4/5 status=success latency_ms=336.159
[LIVE] trial=ssh_r08 loop=003/011 command=5/5 status=success latency_ms=99.589
[LIVE] trial=ssh_r08 loop=004/011 command=1/5 status=success latency_ms=79.140
[LIVE] trial=ssh_r08 loop=004/011 command=2/5 status=success latency_ms=120.436
[LIVE] trial=ssh_r08 loop=004/011 command=3/5 status=success latency_ms=67.916
[LIVE] trial=ssh_r08 loop=004/011 command=4/5 status=success latency_ms=374.853
[LIVE] trial=ssh_r08 loop=004/011 command=5/5 status=success latency_ms=45.768
[LIVE] trial=ssh_r08 loop=005/011 command=1/5 status=success latency_ms=69.191
[LIVE] trial=ssh_r08 loop=005/011 command=2/5 status=success latency_ms=373.830
[LIVE] trial=ssh_r08 loop=005/011 command=3/5 status=success latency_ms=83.927
[LIVE] trial=ssh_r08 loop=005/011 command=4/5 status=success latency_ms=342.810
[LIVE] trial=ssh_r08 loop=005/011 command=5/5 status=success latency_ms=133.918
[LIVE] trial=ssh_r08 loop=006/011 command=1/5 status=success latency_ms=69.393
[LIVE] trial=ssh_r08 loop=006/011 command=2/5 status=success latency_ms=170.327
[LIVE] trial=ssh_r08 loop=006/011 command=3/5 status=success latency_ms=63.558
[LIVE] trial=ssh_r08 loop=006/011 command=4/5 status=success latency_ms=253.215
[LIVE] trial=ssh_r08 loop=006/011 command=5/5 status=success latency_ms=401.423
[LIVE] trial=ssh_r08 loop=007/011 command=1/5 status=success latency_ms=118.641
[LIVE] trial=ssh_r08 loop=007/011 command=2/5 status=success latency_ms=52.798
[LIVE] trial=ssh_r08 loop=007/011 command=3/5 status=success latency_ms=78.076
[LIVE] trial=ssh_r08 loop=007/011 command=4/5 status=success latency_ms=234.780
[LIVE] trial=ssh_r08 loop=007/011 command=5/5 status=success latency_ms=106.252
[LIVE] trial=ssh_r08 loop=008/011 command=1/5 status=success latency_ms=78.207
[LIVE] trial=ssh_r08 loop=008/011 command=2/5 status=success latency_ms=69.991
[LIVE] trial=ssh_r08 loop=008/011 command=3/5 status=success latency_ms=89.029
[LIVE] trial=ssh_r08 loop=008/011 command=4/5 status=success latency_ms=296.274
[LIVE] trial=ssh_r08 loop=008/011 command=5/5 status=success latency_ms=68.093
[LIVE] trial=ssh_r08 loop=009/011 command=1/5 status=success latency_ms=64.788
[LIVE] trial=ssh_r08 loop=009/011 command=2/5 status=success latency_ms=73.498
[LIVE] trial=ssh_r08 loop=009/011 command=3/5 status=success latency_ms=68.024
[LIVE] trial=ssh_r08 loop=009/011 command=4/5 status=success latency_ms=225.168
[LIVE] trial=ssh_r08 loop=009/011 command=5/5 status=success latency_ms=120.733
[LIVE] trial=ssh_r08 loop=010/011 command=1/5 status=success latency_ms=121.187
[LIVE] trial=ssh_r08 loop=010/011 command=2/5 status=success latency_ms=133.648
[LIVE] trial=ssh_r08 loop=010/011 command=3/5 status=success latency_ms=96.713
[LIVE] trial=ssh_r08 loop=010/011 command=4/5 status=success latency_ms=266.752
[LIVE] trial=ssh_r08 loop=010/011 command=5/5 status=success latency_ms=78.084
[LIVE] trial=ssh_r08 loop=011/011 command=1/5 status=success latency_ms=106.970
[LIVE] trial=ssh_r08 loop=011/011 command=2/5 status=success latency_ms=48.868
[LIVE] trial=ssh_r08 loop=011/011 command=3/5 status=success latency_ms=69.924
[LIVE] trial=ssh_r08 loop=011/011 command=4/5 status=success latency_ms=477.177
[LIVE] trial=ssh_r08 loop=011/011 command=5/5 status=success latency_ms=85.404
[RUN] order=025/030 block=09/10 trial=mosh_r09
[READY] trial=mosh_r09 session_setup_ms=1289.810
[LIVE] trial=mosh_r09 loop=001/011 command=1/5 status=success latency_ms=164.777
[LIVE] trial=mosh_r09 loop=001/011 command=2/5 status=success latency_ms=28.750
[LIVE] trial=mosh_r09 loop=001/011 command=3/5 status=success latency_ms=105.369
[LIVE] trial=mosh_r09 loop=001/011 command=4/5 status=success latency_ms=132.945
[LIVE] trial=mosh_r09 loop=001/011 command=5/5 status=success latency_ms=53.712
[LIVE] trial=mosh_r09 loop=002/011 command=1/5 status=success latency_ms=62.967
[LIVE] trial=mosh_r09 loop=002/011 command=2/5 status=success latency_ms=33.588
[LIVE] trial=mosh_r09 loop=002/011 command=3/5 status=success latency_ms=76.540
[LIVE] trial=mosh_r09 loop=002/011 command=4/5 status=success latency_ms=110.458
[LIVE] trial=mosh_r09 loop=002/011 command=5/5 status=success latency_ms=69.808
[LIVE] trial=mosh_r09 loop=003/011 command=1/5 status=success latency_ms=35.976
[LIVE] trial=mosh_r09 loop=003/011 command=2/5 status=success latency_ms=58.747
[LIVE] trial=mosh_r09 loop=003/011 command=3/5 status=success latency_ms=44.446
[LIVE] trial=mosh_r09 loop=003/011 command=4/5 status=success latency_ms=86.077
[LIVE] trial=mosh_r09 loop=003/011 command=5/5 status=success latency_ms=54.032
[LIVE] trial=mosh_r09 loop=004/011 command=1/5 status=success latency_ms=62.014
[LIVE] trial=mosh_r09 loop=004/011 command=2/5 status=success latency_ms=97.040
[LIVE] trial=mosh_r09 loop=004/011 command=3/5 status=success latency_ms=37.888
[LIVE] trial=mosh_r09 loop=004/011 command=4/5 status=success latency_ms=127.288
[LIVE] trial=mosh_r09 loop=004/011 command=5/5 status=success latency_ms=40.703
[LIVE] trial=mosh_r09 loop=005/011 command=1/5 status=success latency_ms=68.062
[LIVE] trial=mosh_r09 loop=005/011 command=2/5 status=success latency_ms=48.582
[LIVE] trial=mosh_r09 loop=005/011 command=3/5 status=success latency_ms=95.347
[LIVE] trial=mosh_r09 loop=005/011 command=4/5 status=success latency_ms=86.267
[LIVE] trial=mosh_r09 loop=005/011 command=5/5 status=success latency_ms=52.476
[LIVE] trial=mosh_r09 loop=006/011 command=1/5 status=success latency_ms=22.824
[LIVE] trial=mosh_r09 loop=006/011 command=2/5 status=success latency_ms=106.825
[LIVE] trial=mosh_r09 loop=006/011 command=3/5 status=success latency_ms=60.274
[LIVE] trial=mosh_r09 loop=006/011 command=4/5 status=success latency_ms=62.722
[LIVE] trial=mosh_r09 loop=006/011 command=5/5 status=success latency_ms=45.499
[LIVE] trial=mosh_r09 loop=007/011 command=1/5 status=success latency_ms=15.186
[LIVE] trial=mosh_r09 loop=007/011 command=2/5 status=success latency_ms=100.096
[LIVE] trial=mosh_r09 loop=007/011 command=3/5 status=success latency_ms=31.434
[LIVE] trial=mosh_r09 loop=007/011 command=4/5 status=success latency_ms=384.583
[LIVE] trial=mosh_r09 loop=007/011 command=5/5 status=success latency_ms=88.450
[LIVE] trial=mosh_r09 loop=008/011 command=1/5 status=success latency_ms=101.412
[LIVE] trial=mosh_r09 loop=008/011 command=2/5 status=success latency_ms=78.124
[LIVE] trial=mosh_r09 loop=008/011 command=3/5 status=success latency_ms=92.564
[LIVE] trial=mosh_r09 loop=008/011 command=4/5 status=success latency_ms=96.306
[LIVE] trial=mosh_r09 loop=008/011 command=5/5 status=success latency_ms=35.500
[LIVE] trial=mosh_r09 loop=009/011 command=1/5 status=success latency_ms=45.228
[LIVE] trial=mosh_r09 loop=009/011 command=2/5 status=success latency_ms=38.891
[LIVE] trial=mosh_r09 loop=009/011 command=3/5 status=success latency_ms=38.699
[LIVE] trial=mosh_r09 loop=009/011 command=4/5 status=success latency_ms=490.555
[LIVE] trial=mosh_r09 loop=009/011 command=5/5 status=success latency_ms=39.400
[LIVE] trial=mosh_r09 loop=010/011 command=1/5 status=success latency_ms=58.851
[LIVE] trial=mosh_r09 loop=010/011 command=2/5 status=success latency_ms=64.033
[LIVE] trial=mosh_r09 loop=010/011 command=3/5 status=success latency_ms=74.112
[LIVE] trial=mosh_r09 loop=010/011 command=4/5 status=success latency_ms=110.784
[LIVE] trial=mosh_r09 loop=010/011 command=5/5 status=success latency_ms=26.193
[LIVE] trial=mosh_r09 loop=011/011 command=1/5 status=success latency_ms=56.062
[LIVE] trial=mosh_r09 loop=011/011 command=2/5 status=success latency_ms=77.850
[LIVE] trial=mosh_r09 loop=011/011 command=3/5 status=success latency_ms=89.415
[LIVE] trial=mosh_r09 loop=011/011 command=4/5 status=success latency_ms=127.021
[LIVE] trial=mosh_r09 loop=011/011 command=5/5 status=success latency_ms=38.891
[RUN] order=026/030 block=09/10 trial=ssh3_r09
[READY] trial=ssh3_r09 session_setup_ms=277.811
[LIVE] trial=ssh3_r09 loop=001/011 command=1/5 status=success latency_ms=30.490
[LIVE] trial=ssh3_r09 loop=001/011 command=2/5 status=success latency_ms=35.983
[LIVE] trial=ssh3_r09 loop=001/011 command=3/5 status=success latency_ms=165.405
[LIVE] trial=ssh3_r09 loop=001/011 command=4/5 status=success latency_ms=271.496
[LIVE] trial=ssh3_r09 loop=001/011 command=5/5 status=success latency_ms=26.985
[LIVE] trial=ssh3_r09 loop=002/011 command=1/5 status=success latency_ms=77.509
[LIVE] trial=ssh3_r09 loop=002/011 command=2/5 status=success latency_ms=61.172
[LIVE] trial=ssh3_r09 loop=002/011 command=3/5 status=success latency_ms=83.643
[LIVE] trial=ssh3_r09 loop=002/011 command=4/5 status=success latency_ms=214.373
[LIVE] trial=ssh3_r09 loop=002/011 command=5/5 status=success latency_ms=71.378
[LIVE] trial=ssh3_r09 loop=003/011 command=1/5 status=success latency_ms=203.025
[LIVE] trial=ssh3_r09 loop=003/011 command=2/5 status=success latency_ms=51.573
[LIVE] trial=ssh3_r09 loop=003/011 command=3/5 status=success latency_ms=74.256
[LIVE] trial=ssh3_r09 loop=003/011 command=4/5 status=success latency_ms=287.974
[LIVE] trial=ssh3_r09 loop=003/011 command=5/5 status=success latency_ms=57.583
[LIVE] trial=ssh3_r09 loop=004/011 command=1/5 status=success latency_ms=67.630
[LIVE] trial=ssh3_r09 loop=004/011 command=2/5 status=success latency_ms=46.128
[LIVE] trial=ssh3_r09 loop=004/011 command=3/5 status=success latency_ms=85.509
[LIVE] trial=ssh3_r09 loop=004/011 command=4/5 status=success latency_ms=398.633
[LIVE] trial=ssh3_r09 loop=004/011 command=5/5 status=success latency_ms=55.475
[LIVE] trial=ssh3_r09 loop=005/011 command=1/5 status=success latency_ms=67.477
[LIVE] trial=ssh3_r09 loop=005/011 command=2/5 status=success latency_ms=277.319
[LIVE] trial=ssh3_r09 loop=005/011 command=3/5 status=success latency_ms=100.010
[LIVE] trial=ssh3_r09 loop=005/011 command=4/5 status=success latency_ms=239.268
[LIVE] trial=ssh3_r09 loop=005/011 command=5/5 status=success latency_ms=58.601
[LIVE] trial=ssh3_r09 loop=006/011 command=1/5 status=success latency_ms=82.237
[LIVE] trial=ssh3_r09 loop=006/011 command=2/5 status=success latency_ms=47.369
[LIVE] trial=ssh3_r09 loop=006/011 command=3/5 status=success latency_ms=23.342
[LIVE] trial=ssh3_r09 loop=006/011 command=4/5 status=success latency_ms=315.622
[LIVE] trial=ssh3_r09 loop=006/011 command=5/5 status=success latency_ms=93.472
[LIVE] trial=ssh3_r09 loop=007/011 command=1/5 status=success latency_ms=41.806
[LIVE] trial=ssh3_r09 loop=007/011 command=2/5 status=success latency_ms=102.626
[LIVE] trial=ssh3_r09 loop=007/011 command=3/5 status=success latency_ms=74.681
[LIVE] trial=ssh3_r09 loop=007/011 command=4/5 status=success latency_ms=215.761
[LIVE] trial=ssh3_r09 loop=007/011 command=5/5 status=success latency_ms=86.947
[LIVE] trial=ssh3_r09 loop=008/011 command=1/5 status=success latency_ms=74.883
[LIVE] trial=ssh3_r09 loop=008/011 command=2/5 status=success latency_ms=86.581
[LIVE] trial=ssh3_r09 loop=008/011 command=3/5 status=success latency_ms=122.942
[LIVE] trial=ssh3_r09 loop=008/011 command=4/5 status=success latency_ms=220.142
[LIVE] trial=ssh3_r09 loop=008/011 command=5/5 status=success latency_ms=69.488
[LIVE] trial=ssh3_r09 loop=009/011 command=1/5 status=success latency_ms=34.035
[LIVE] trial=ssh3_r09 loop=009/011 command=2/5 status=success latency_ms=45.930
[LIVE] trial=ssh3_r09 loop=009/011 command=3/5 status=success latency_ms=60.287
[LIVE] trial=ssh3_r09 loop=009/011 command=4/5 status=success latency_ms=223.159
[LIVE] trial=ssh3_r09 loop=009/011 command=5/5 status=success latency_ms=40.059
[LIVE] trial=ssh3_r09 loop=010/011 command=1/5 status=success latency_ms=63.725
[LIVE] trial=ssh3_r09 loop=010/011 command=2/5 status=success latency_ms=60.121
[LIVE] trial=ssh3_r09 loop=010/011 command=3/5 status=success latency_ms=76.198
[LIVE] trial=ssh3_r09 loop=010/011 command=4/5 status=success latency_ms=165.765
[LIVE] trial=ssh3_r09 loop=010/011 command=5/5 status=success latency_ms=44.048
[LIVE] trial=ssh3_r09 loop=011/011 command=1/5 status=success latency_ms=74.100
[LIVE] trial=ssh3_r09 loop=011/011 command=2/5 status=success latency_ms=57.511
[LIVE] trial=ssh3_r09 loop=011/011 command=3/5 status=success latency_ms=37.750
[LIVE] trial=ssh3_r09 loop=011/011 command=4/5 status=success latency_ms=405.724
[LIVE] trial=ssh3_r09 loop=011/011 command=5/5 status=success latency_ms=50.865
[RUN] order=027/030 block=09/10 trial=ssh_r09
[READY] trial=ssh_r09 session_setup_ms=897.300
[LIVE] trial=ssh_r09 loop=001/011 command=1/5 status=success latency_ms=108.512
[LIVE] trial=ssh_r09 loop=001/011 command=2/5 status=success latency_ms=77.167
[LIVE] trial=ssh_r09 loop=001/011 command=3/5 status=success latency_ms=65.454
[LIVE] trial=ssh_r09 loop=001/011 command=4/5 status=success latency_ms=215.083
[LIVE] trial=ssh_r09 loop=001/011 command=5/5 status=success latency_ms=90.425
[LIVE] trial=ssh_r09 loop=002/011 command=1/5 status=success latency_ms=60.284
[LIVE] trial=ssh_r09 loop=002/011 command=2/5 status=success latency_ms=63.585
[LIVE] trial=ssh_r09 loop=002/011 command=3/5 status=success latency_ms=58.858
[LIVE] trial=ssh_r09 loop=002/011 command=4/5 status=success latency_ms=356.599
[LIVE] trial=ssh_r09 loop=002/011 command=5/5 status=success latency_ms=97.311
[LIVE] trial=ssh_r09 loop=003/011 command=1/5 status=success latency_ms=137.097
[LIVE] trial=ssh_r09 loop=003/011 command=2/5 status=success latency_ms=140.504
[LIVE] trial=ssh_r09 loop=003/011 command=3/5 status=success latency_ms=67.096
[LIVE] trial=ssh_r09 loop=003/011 command=4/5 status=success latency_ms=249.292
[LIVE] trial=ssh_r09 loop=003/011 command=5/5 status=success latency_ms=188.575
[LIVE] trial=ssh_r09 loop=004/011 command=1/5 status=success latency_ms=107.496
[LIVE] trial=ssh_r09 loop=004/011 command=2/5 status=success latency_ms=114.542
[LIVE] trial=ssh_r09 loop=004/011 command=3/5 status=success latency_ms=98.320
[LIVE] trial=ssh_r09 loop=004/011 command=4/5 status=success latency_ms=316.019
[LIVE] trial=ssh_r09 loop=004/011 command=5/5 status=success latency_ms=99.743
[LIVE] trial=ssh_r09 loop=005/011 command=1/5 status=success latency_ms=100.803
[LIVE] trial=ssh_r09 loop=005/011 command=2/5 status=success latency_ms=101.589
[LIVE] trial=ssh_r09 loop=005/011 command=3/5 status=success latency_ms=167.683
[LIVE] trial=ssh_r09 loop=005/011 command=4/5 status=success latency_ms=337.649
[LIVE] trial=ssh_r09 loop=005/011 command=5/5 status=success latency_ms=86.595
[LIVE] trial=ssh_r09 loop=006/011 command=1/5 status=success latency_ms=94.089
[LIVE] trial=ssh_r09 loop=006/011 command=2/5 status=success latency_ms=72.773
[LIVE] trial=ssh_r09 loop=006/011 command=3/5 status=success latency_ms=70.689
[LIVE] trial=ssh_r09 loop=006/011 command=4/5 status=success latency_ms=328.679
[LIVE] trial=ssh_r09 loop=006/011 command=5/5 status=success latency_ms=81.780
[LIVE] trial=ssh_r09 loop=007/011 command=1/5 status=success latency_ms=80.298
[LIVE] trial=ssh_r09 loop=007/011 command=2/5 status=success latency_ms=111.178
[LIVE] trial=ssh_r09 loop=007/011 command=3/5 status=success latency_ms=140.599
[LIVE] trial=ssh_r09 loop=007/011 command=4/5 status=success latency_ms=413.823
[LIVE] trial=ssh_r09 loop=007/011 command=5/5 status=success latency_ms=72.959
[LIVE] trial=ssh_r09 loop=008/011 command=1/5 status=success latency_ms=71.937
[LIVE] trial=ssh_r09 loop=008/011 command=2/5 status=success latency_ms=118.035
[LIVE] trial=ssh_r09 loop=008/011 command=3/5 status=success latency_ms=75.009
[LIVE] trial=ssh_r09 loop=008/011 command=4/5 status=success latency_ms=242.630
[LIVE] trial=ssh_r09 loop=008/011 command=5/5 status=success latency_ms=84.415
[LIVE] trial=ssh_r09 loop=009/011 command=1/5 status=success latency_ms=96.048
[LIVE] trial=ssh_r09 loop=009/011 command=2/5 status=success latency_ms=74.941
[LIVE] trial=ssh_r09 loop=009/011 command=3/5 status=success latency_ms=94.721
[LIVE] trial=ssh_r09 loop=009/011 command=4/5 status=success latency_ms=288.865
[LIVE] trial=ssh_r09 loop=009/011 command=5/5 status=success latency_ms=92.489
[LIVE] trial=ssh_r09 loop=010/011 command=1/5 status=success latency_ms=65.149
[LIVE] trial=ssh_r09 loop=010/011 command=2/5 status=success latency_ms=93.911
[LIVE] trial=ssh_r09 loop=010/011 command=3/5 status=success latency_ms=73.343
[LIVE] trial=ssh_r09 loop=010/011 command=4/5 status=success latency_ms=229.231
[LIVE] trial=ssh_r09 loop=010/011 command=5/5 status=success latency_ms=65.977
[LIVE] trial=ssh_r09 loop=011/011 command=1/5 status=success latency_ms=157.052
[LIVE] trial=ssh_r09 loop=011/011 command=2/5 status=success latency_ms=27.365
[LIVE] trial=ssh_r09 loop=011/011 command=3/5 status=success latency_ms=77.472
[LIVE] trial=ssh_r09 loop=011/011 command=4/5 status=success latency_ms=358.059
[LIVE] trial=ssh_r09 loop=011/011 command=5/5 status=success latency_ms=84.057
[RUN] order=028/030 block=10/10 trial=mosh_r10
[READY] trial=mosh_r10 session_setup_ms=1385.478
[LIVE] trial=mosh_r10 loop=001/011 command=1/5 status=success latency_ms=59.364
[LIVE] trial=mosh_r10 loop=001/011 command=2/5 status=success latency_ms=82.354
[LIVE] trial=mosh_r10 loop=001/011 command=3/5 status=success latency_ms=46.834
[LIVE] trial=mosh_r10 loop=001/011 command=4/5 status=success latency_ms=98.510
[LIVE] trial=mosh_r10 loop=001/011 command=5/5 status=success latency_ms=82.879
[LIVE] trial=mosh_r10 loop=002/011 command=1/5 status=success latency_ms=80.611
[LIVE] trial=mosh_r10 loop=002/011 command=2/5 status=success latency_ms=27.126
[LIVE] trial=mosh_r10 loop=002/011 command=3/5 status=success latency_ms=118.828
[LIVE] trial=mosh_r10 loop=002/011 command=4/5 status=success latency_ms=103.996
[LIVE] trial=mosh_r10 loop=002/011 command=5/5 status=success latency_ms=51.166
[LIVE] trial=mosh_r10 loop=003/011 command=1/5 status=success latency_ms=77.869
[LIVE] trial=mosh_r10 loop=003/011 command=2/5 status=success latency_ms=48.791
[LIVE] trial=mosh_r10 loop=003/011 command=3/5 status=success latency_ms=58.165
[LIVE] trial=mosh_r10 loop=003/011 command=4/5 status=success latency_ms=81.646
[LIVE] trial=mosh_r10 loop=003/011 command=5/5 status=success latency_ms=50.828
[LIVE] trial=mosh_r10 loop=004/011 command=1/5 status=success latency_ms=95.247
[LIVE] trial=mosh_r10 loop=004/011 command=2/5 status=success latency_ms=65.651
[LIVE] trial=mosh_r10 loop=004/011 command=3/5 status=success latency_ms=64.089
[LIVE] trial=mosh_r10 loop=004/011 command=4/5 status=success latency_ms=359.621
[LIVE] trial=mosh_r10 loop=004/011 command=5/5 status=success latency_ms=47.330
[LIVE] trial=mosh_r10 loop=005/011 command=1/5 status=success latency_ms=37.788
[LIVE] trial=mosh_r10 loop=005/011 command=2/5 status=success latency_ms=58.124
[LIVE] trial=mosh_r10 loop=005/011 command=3/5 status=success latency_ms=48.910
[LIVE] trial=mosh_r10 loop=005/011 command=4/5 status=success latency_ms=353.196
[LIVE] trial=mosh_r10 loop=005/011 command=5/5 status=success latency_ms=322.664
[LIVE] trial=mosh_r10 loop=006/011 command=1/5 status=success latency_ms=51.877
[LIVE] trial=mosh_r10 loop=006/011 command=2/5 status=success latency_ms=57.373
[LIVE] trial=mosh_r10 loop=006/011 command=3/5 status=success latency_ms=75.208
[LIVE] trial=mosh_r10 loop=006/011 command=4/5 status=success latency_ms=87.539
[LIVE] trial=mosh_r10 loop=006/011 command=5/5 status=success latency_ms=57.988
[LIVE] trial=mosh_r10 loop=007/011 command=1/5 status=success latency_ms=49.101
[LIVE] trial=mosh_r10 loop=007/011 command=2/5 status=success latency_ms=40.723
[LIVE] trial=mosh_r10 loop=007/011 command=3/5 status=success latency_ms=51.996
[LIVE] trial=mosh_r10 loop=007/011 command=4/5 status=success latency_ms=311.166
[LIVE] trial=mosh_r10 loop=007/011 command=5/5 status=success latency_ms=23.759
[LIVE] trial=mosh_r10 loop=008/011 command=1/5 status=success latency_ms=37.322
[LIVE] trial=mosh_r10 loop=008/011 command=2/5 status=success latency_ms=46.075
[LIVE] trial=mosh_r10 loop=008/011 command=3/5 status=success latency_ms=42.062
[LIVE] trial=mosh_r10 loop=008/011 command=4/5 status=success latency_ms=340.668
[LIVE] trial=mosh_r10 loop=008/011 command=5/5 status=success latency_ms=91.255
[LIVE] trial=mosh_r10 loop=009/011 command=1/5 status=success latency_ms=78.323
[LIVE] trial=mosh_r10 loop=009/011 command=2/5 status=success latency_ms=102.783
[LIVE] trial=mosh_r10 loop=009/011 command=3/5 status=success latency_ms=45.154
[LIVE] trial=mosh_r10 loop=009/011 command=4/5 status=success latency_ms=351.983
[LIVE] trial=mosh_r10 loop=009/011 command=5/5 status=success latency_ms=46.264
[LIVE] trial=mosh_r10 loop=010/011 command=1/5 status=success latency_ms=45.682
[LIVE] trial=mosh_r10 loop=010/011 command=2/5 status=success latency_ms=31.204
[LIVE] trial=mosh_r10 loop=010/011 command=3/5 status=success latency_ms=58.322
[LIVE] trial=mosh_r10 loop=010/011 command=4/5 status=success latency_ms=103.456
[LIVE] trial=mosh_r10 loop=010/011 command=5/5 status=success latency_ms=47.012
[LIVE] trial=mosh_r10 loop=011/011 command=1/5 status=success latency_ms=69.795
[LIVE] trial=mosh_r10 loop=011/011 command=2/5 status=success latency_ms=45.429
[LIVE] trial=mosh_r10 loop=011/011 command=3/5 status=success latency_ms=62.089
[LIVE] trial=mosh_r10 loop=011/011 command=4/5 status=success latency_ms=89.907
[LIVE] trial=mosh_r10 loop=011/011 command=5/5 status=success latency_ms=73.398
[RUN] order=029/030 block=10/10 trial=ssh3_r10
[READY] trial=ssh3_r10 session_setup_ms=280.872
[LIVE] trial=ssh3_r10 loop=001/011 command=1/5 status=success latency_ms=49.408
[LIVE] trial=ssh3_r10 loop=001/011 command=2/5 status=success latency_ms=84.524
[LIVE] trial=ssh3_r10 loop=001/011 command=3/5 status=success latency_ms=48.922
[LIVE] trial=ssh3_r10 loop=001/011 command=4/5 status=success latency_ms=279.493
[LIVE] trial=ssh3_r10 loop=001/011 command=5/5 status=success latency_ms=52.473
[LIVE] trial=ssh3_r10 loop=002/011 command=1/5 status=success latency_ms=60.821
[LIVE] trial=ssh3_r10 loop=002/011 command=2/5 status=success latency_ms=53.016
[LIVE] trial=ssh3_r10 loop=002/011 command=3/5 status=success latency_ms=44.806
[LIVE] trial=ssh3_r10 loop=002/011 command=4/5 status=success latency_ms=262.431
[LIVE] trial=ssh3_r10 loop=002/011 command=5/5 status=success latency_ms=48.530
[LIVE] trial=ssh3_r10 loop=003/011 command=1/5 status=success latency_ms=89.076
[LIVE] trial=ssh3_r10 loop=003/011 command=2/5 status=success latency_ms=23.626
[LIVE] trial=ssh3_r10 loop=003/011 command=3/5 status=success latency_ms=65.760
[LIVE] trial=ssh3_r10 loop=003/011 command=4/5 status=success latency_ms=258.780
[LIVE] trial=ssh3_r10 loop=003/011 command=5/5 status=success latency_ms=185.360
[LIVE] trial=ssh3_r10 loop=004/011 command=1/5 status=success latency_ms=26.342
[LIVE] trial=ssh3_r10 loop=004/011 command=2/5 status=success latency_ms=48.989
[LIVE] trial=ssh3_r10 loop=004/011 command=3/5 status=success latency_ms=31.608
[LIVE] trial=ssh3_r10 loop=004/011 command=4/5 status=success latency_ms=296.294
[LIVE] trial=ssh3_r10 loop=004/011 command=5/5 status=success latency_ms=37.513
[LIVE] trial=ssh3_r10 loop=005/011 command=1/5 status=success latency_ms=89.822
[LIVE] trial=ssh3_r10 loop=005/011 command=2/5 status=success latency_ms=88.493
[LIVE] trial=ssh3_r10 loop=005/011 command=3/5 status=success latency_ms=70.743
[LIVE] trial=ssh3_r10 loop=005/011 command=4/5 status=success latency_ms=284.882
[LIVE] trial=ssh3_r10 loop=005/011 command=5/5 status=success latency_ms=71.452
[LIVE] trial=ssh3_r10 loop=006/011 command=1/5 status=success latency_ms=42.158
[LIVE] trial=ssh3_r10 loop=006/011 command=2/5 status=success latency_ms=29.533
[LIVE] trial=ssh3_r10 loop=006/011 command=3/5 status=success latency_ms=60.560
[LIVE] trial=ssh3_r10 loop=006/011 command=4/5 status=success latency_ms=162.990
[LIVE] trial=ssh3_r10 loop=006/011 command=5/5 status=success latency_ms=194.540
[LIVE] trial=ssh3_r10 loop=007/011 command=1/5 status=success latency_ms=19.892
[LIVE] trial=ssh3_r10 loop=007/011 command=2/5 status=success latency_ms=70.828
[LIVE] trial=ssh3_r10 loop=007/011 command=3/5 status=success latency_ms=90.033
[LIVE] trial=ssh3_r10 loop=007/011 command=4/5 status=success latency_ms=279.296
[LIVE] trial=ssh3_r10 loop=007/011 command=5/5 status=success latency_ms=87.603
[LIVE] trial=ssh3_r10 loop=008/011 command=1/5 status=success latency_ms=20.455
[LIVE] trial=ssh3_r10 loop=008/011 command=2/5 status=success latency_ms=66.247
[LIVE] trial=ssh3_r10 loop=008/011 command=3/5 status=success latency_ms=45.397
[LIVE] trial=ssh3_r10 loop=008/011 command=4/5 status=success latency_ms=233.383
[LIVE] trial=ssh3_r10 loop=008/011 command=5/5 status=success latency_ms=53.078
[LIVE] trial=ssh3_r10 loop=009/011 command=1/5 status=success latency_ms=36.769
[LIVE] trial=ssh3_r10 loop=009/011 command=2/5 status=success latency_ms=105.250
[LIVE] trial=ssh3_r10 loop=009/011 command=3/5 status=success latency_ms=47.304
[LIVE] trial=ssh3_r10 loop=009/011 command=4/5 status=success latency_ms=296.299
[LIVE] trial=ssh3_r10 loop=009/011 command=5/5 status=success latency_ms=85.915
[LIVE] trial=ssh3_r10 loop=010/011 command=1/5 status=success latency_ms=45.639
[LIVE] trial=ssh3_r10 loop=010/011 command=2/5 status=success latency_ms=39.383
[LIVE] trial=ssh3_r10 loop=010/011 command=3/5 status=success latency_ms=36.601
[LIVE] trial=ssh3_r10 loop=010/011 command=4/5 status=success latency_ms=281.896
[LIVE] trial=ssh3_r10 loop=010/011 command=5/5 status=success latency_ms=225.846
[LIVE] trial=ssh3_r10 loop=011/011 command=1/5 status=success latency_ms=51.786
[LIVE] trial=ssh3_r10 loop=011/011 command=2/5 status=success latency_ms=66.364
[LIVE] trial=ssh3_r10 loop=011/011 command=3/5 status=success latency_ms=61.711
[LIVE] trial=ssh3_r10 loop=011/011 command=4/5 status=success latency_ms=230.582
[LIVE] trial=ssh3_r10 loop=011/011 command=5/5 status=success latency_ms=53.225
[RUN] order=030/030 block=10/10 trial=ssh_r10
[READY] trial=ssh_r10 session_setup_ms=954.513
[LIVE] trial=ssh_r10 loop=001/011 command=1/5 status=success latency_ms=124.456
[LIVE] trial=ssh_r10 loop=001/011 command=2/5 status=success latency_ms=157.532
[LIVE] trial=ssh_r10 loop=001/011 command=3/5 status=success latency_ms=151.377
[LIVE] trial=ssh_r10 loop=001/011 command=4/5 status=success latency_ms=415.096
[LIVE] trial=ssh_r10 loop=001/011 command=5/5 status=success latency_ms=84.672
[LIVE] trial=ssh_r10 loop=002/011 command=1/5 status=success latency_ms=83.140
[LIVE] trial=ssh_r10 loop=002/011 command=2/5 status=success latency_ms=90.460
[LIVE] trial=ssh_r10 loop=002/011 command=3/5 status=success latency_ms=80.349
[LIVE] trial=ssh_r10 loop=002/011 command=4/5 status=success latency_ms=310.974
[LIVE] trial=ssh_r10 loop=002/011 command=5/5 status=success latency_ms=76.216
[LIVE] trial=ssh_r10 loop=003/011 command=1/5 status=success latency_ms=177.135
[LIVE] trial=ssh_r10 loop=003/011 command=2/5 status=success latency_ms=93.375
[LIVE] trial=ssh_r10 loop=003/011 command=3/5 status=success latency_ms=62.699
[LIVE] trial=ssh_r10 loop=003/011 command=4/5 status=success latency_ms=346.635
[LIVE] trial=ssh_r10 loop=003/011 command=5/5 status=success latency_ms=202.182
[LIVE] trial=ssh_r10 loop=004/011 command=1/5 status=success latency_ms=62.875
[LIVE] trial=ssh_r10 loop=004/011 command=2/5 status=success latency_ms=59.035
[LIVE] trial=ssh_r10 loop=004/011 command=3/5 status=success latency_ms=93.967
[LIVE] trial=ssh_r10 loop=004/011 command=4/5 status=success latency_ms=186.337
[LIVE] trial=ssh_r10 loop=004/011 command=5/5 status=success latency_ms=87.042
[LIVE] trial=ssh_r10 loop=005/011 command=1/5 status=success latency_ms=35.185
[LIVE] trial=ssh_r10 loop=005/011 command=2/5 status=success latency_ms=65.917
[LIVE] trial=ssh_r10 loop=005/011 command=3/5 status=success latency_ms=95.968
[LIVE] trial=ssh_r10 loop=005/011 command=4/5 status=success latency_ms=351.457
[LIVE] trial=ssh_r10 loop=005/011 command=5/5 status=success latency_ms=56.671
[LIVE] trial=ssh_r10 loop=006/011 command=1/5 status=success latency_ms=81.230
[LIVE] trial=ssh_r10 loop=006/011 command=2/5 status=success latency_ms=79.205
[LIVE] trial=ssh_r10 loop=006/011 command=3/5 status=success latency_ms=125.871
[LIVE] trial=ssh_r10 loop=006/011 command=4/5 status=success latency_ms=254.352
[LIVE] trial=ssh_r10 loop=006/011 command=5/5 status=success latency_ms=88.782
[LIVE] trial=ssh_r10 loop=007/011 command=1/5 status=success latency_ms=49.000
[LIVE] trial=ssh_r10 loop=007/011 command=2/5 status=success latency_ms=85.647
[LIVE] trial=ssh_r10 loop=007/011 command=3/5 status=success latency_ms=90.496
[LIVE] trial=ssh_r10 loop=007/011 command=4/5 status=success latency_ms=370.377
[LIVE] trial=ssh_r10 loop=007/011 command=5/5 status=success latency_ms=136.961
[LIVE] trial=ssh_r10 loop=008/011 command=1/5 status=success latency_ms=78.419
[LIVE] trial=ssh_r10 loop=008/011 command=2/5 status=success latency_ms=103.431
[LIVE] trial=ssh_r10 loop=008/011 command=3/5 status=success latency_ms=83.723
[LIVE] trial=ssh_r10 loop=008/011 command=4/5 status=success latency_ms=337.521
[LIVE] trial=ssh_r10 loop=008/011 command=5/5 status=success latency_ms=77.044
[LIVE] trial=ssh_r10 loop=009/011 command=1/5 status=success latency_ms=94.415
[LIVE] trial=ssh_r10 loop=009/011 command=2/5 status=success latency_ms=58.238
[LIVE] trial=ssh_r10 loop=009/011 command=3/5 status=success latency_ms=93.639
[LIVE] trial=ssh_r10 loop=009/011 command=4/5 status=success latency_ms=344.383
[LIVE] trial=ssh_r10 loop=009/011 command=5/5 status=success latency_ms=100.368
[LIVE] trial=ssh_r10 loop=010/011 command=1/5 status=success latency_ms=97.941
[LIVE] trial=ssh_r10 loop=010/011 command=2/5 status=success latency_ms=92.935
[LIVE] trial=ssh_r10 loop=010/011 command=3/5 status=success latency_ms=95.304
[LIVE] trial=ssh_r10 loop=010/011 command=4/5 status=success latency_ms=302.688
[LIVE] trial=ssh_r10 loop=010/011 command=5/5 status=success latency_ms=137.399
[LIVE] trial=ssh_r10 loop=011/011 command=1/5 status=success latency_ms=141.019
[LIVE] trial=ssh_r10 loop=011/011 command=2/5 status=success latency_ms=71.161
[LIVE] trial=ssh_r10 loop=011/011 command=3/5 status=success latency_ms=104.864
[LIVE] trial=ssh_r10 loop=011/011 command=4/5 status=success latency_ms=360.674
[LIVE] trial=ssh_r10 loop=011/011 command=5/5 status=success latency_ms=113.336
Saved W1 raw results to artifacts/results
Saved command, loop and session-setup summaries to artifacts/results
Saved W1 mean figures to artifacts/figures
Saved W1 median figures to artifacts/figures
Saved W1 p90 figures to artifacts/figures
Saved W1 p95 figures to artifacts/figures
Done. See artifacts/results and artifacts/figures
