{
  "started_at_utc": "2026-05-27T00:34:21+00:00",
  "scenario": "unspecified",
  "target": "trungnt@192.168.8.102",
  "client_source_ip": "192.168.8.100",
  "protocols": [
    "ssh",
    "ssh3",
    "mosh"
  ],
  "workloads": [
    "command_loop"
  ],
  "commands": [
    "ls",
    "df -h",
    "ps aux",
    "grep -n root /etc/passwd",
    "cat /proc/meminfo",
    "find /usr -maxdepth 3"
  ],
  "trials": 3,
  "iterations": 100,
  "warmup": 0,
  "timeout_sec": 20,
  "random_seed": 42,
  "shuffle_pairs": false,
  "reopen_on_failure": false,
  "mosh_predict": "always",
  "summary": [
    {
      "protocol": "ssh",
      "workload": "command_loop",
      "command": "ls",
      "n": 300,
      "failures": 0,
      "success_rate_pct": 100.0,
      "min_ms": 50.408231,
      "mean_ms": 50.55759695,
      "median_ms": 50.470783499999996,
      "stdev_ms": 0.14193821862145603,
      "p95_ms": 50.78525735,
      "p99_ms": 50.83259983,
      "max_ms": 51.065785,
      "ci95_half_width_ms": 0.016061821470961142,
      "recv_pct_mean": 99.08260869565217,
      "recv_pct_min": 8.26086956521739
    },
    {
      "protocol": "ssh",
      "workload": "command_loop",
      "command": "df -h",
      "n": 300,
      "failures": 0,
      "success_rate_pct": 100.0,
      "min_ms": 50.418505,
      "mean_ms": 50.50490675,
      "median_ms": 50.4582155,
      "stdev_ms": 0.11390315053973309,
      "p95_ms": 50.7447689,
      "p99_ms": 50.8205757,
      "max_ms": 51.137491,
      "ci95_half_width_ms": 0.012889354866629626,
      "recv_pct_mean": 99.05053191489361,
      "recv_pct_min": 5.053191489361701
    },
    {
      "protocol": "ssh",
      "workload": "command_loop",
      "command": "ps aux",
      "n": 300,
      "failures": 0,
      "success_rate_pct": 100.0,
      "min_ms": 50.44886,
      "mean_ms": 54.342240546666666,
      "median_ms": 52.9946675,
      "stdev_ms": 3.5239038920117296,
      "p95_ms": 60.452824600000014,
      "p99_ms": 71.28170014999999,
      "max_ms": 77.607575,
      "ci95_half_width_ms": 0.398767264687663,
      "recv_pct_mean": 99.00094269412057,
      "recv_pct_min": 0.09426941205656166
    },
    {
      "protocol": "ssh",
      "workload": "command_loop",
      "command": "grep -n root /etc/passwd",
      "n": 300,
      "failures": 0,
      "success_rate_pct": 100.0,
      "min_ms": 50.407869,
      "mean_ms": 50.49934699333333,
      "median_ms": 50.4551245,
      "stdev_ms": 0.1097245472685317,
      "p95_ms": 50.755647,
      "p99_ms": 50.82608763,
      "max_ms": 50.888594,
      "ci95_half_width_ms": 0.012416501392830532,
      "recv_pct_mean": 99.55882352941177,
      "recv_pct_min": 55.88235294117647
    },
    {
      "protocol": "ssh",
      "workload": "command_loop",
      "command": "cat /proc/meminfo",
      "n": 300,
      "failures": 0,
      "success_rate_pct": 100.0,
      "min_ms": 50.414717,
      "mean_ms": 50.51743622666667,
      "median_ms": 50.4718215,
      "stdev_ms": 0.10969444321085617,
      "p95_ms": 50.78115275,
      "p99_ms": 50.828023640000005,
      "max_ms": 50.861039,
      "ci95_half_width_ms": 0.012413094798013209,
      "recv_pct_mean": 99.01653611836379,
      "recv_pct_min": 1.6536118363794605
    },
    {
      "protocol": "ssh",
      "workload": "command_loop",
      "command": "find /usr -maxdepth 3",
      "n": 300,
      "failures": 0,
      "success_rate_pct": 100.0,
      "min_ms": 50.432591,
      "mean_ms": 165.68407213333333,
      "median_ms": 162.432972,
      "stdev_ms": 18.32026991212557,
      "p95_ms": 197.9683883,
      "p99_ms": 215.17458203999993,
      "max_ms": 228.531206,
      "ci95_half_width_ms": 2.0731337020168903,
      "recv_pct_mean": 93.66930785513753,
      "recv_pct_min": 0.005207462567936831
    },
    {
      "protocol": "ssh3",
      "workload": "command_loop",
      "command": "ls",
      "n": 300,
      "failures": 0,
      "success_rate_pct": 100.0,
      "min_ms": 50.436224,
      "mean_ms": 50.541488396666665,
      "median_ms": 50.501315000000005,
      "stdev_ms": 0.09853228168771856,
      "p95_ms": 50.765237549999995,
      "p99_ms": 50.82079831,
      "max_ms": 50.874845,
      "ci95_half_width_ms": 0.011149977313829378,
      "recv_pct_mean": 99.08260869565217,
      "recv_pct_min": 8.26086956521739
    },
    {
      "protocol": "ssh3",
      "workload": "command_loop",
      "command": "df -h",
      "n": 300,
      "failures": 0,
      "success_rate_pct": 100.0,
      "min_ms": 50.456046,
      "mean_ms": 50.52399654,
      "median_ms": 50.4987145,
      "stdev_ms": 0.08842867138436729,
      "p95_ms": 50.7471631,
      "p99_ms": 50.815474540000004,
      "max_ms": 51.08567,
      "ci95_half_width_ms": 0.010006646176657698,
      "recv_pct_mean": 99.05053191489361,
      "recv_pct_min": 5.053191489361701
    },
    {
      "protocol": "ssh3",
      "workload": "command_loop",
      "command": "ps aux",
      "n": 300,
      "failures": 0,
      "success_rate_pct": 100.0,
      "min_ms": 50.466793,
      "mean_ms": 53.357051893333335,
      "median_ms": 52.9236,
      "stdev_ms": 1.7951932752185418,
      "p95_ms": 54.65840965,
      "p99_ms": 57.2051007699999,
      "max_ms": 73.305711,
      "ci95_half_width_ms": 0.20314524285618685,
      "recv_pct_mean": 99.00094269412057,
      "recv_pct_min": 0.09426941205656166
    },
    {
      "protocol": "ssh3",
      "workload": "command_loop",
      "command": "grep -n root /etc/passwd",
      "n": 300,
      "failures": 0,
      "success_rate_pct": 100.0,
      "min_ms": 50.449222,
      "mean_ms": 50.5191083,
      "median_ms": 50.49316949999999,
      "stdev_ms": 0.08266362587356807,
      "p95_ms": 50.7432702,
      "p99_ms": 50.8078749,
      "max_ms": 50.878697,
      "ci95_half_width_ms": 0.009354269863457826,
      "recv_pct_mean": 99.55882352941177,
      "recv_pct_min": 55.88235294117647
    },
    {
      "protocol": "ssh3",
      "workload": "command_loop",
      "command": "cat /proc/meminfo",
      "n": 300,
      "failures": 0,
      "success_rate_pct": 100.0,
      "min_ms": 50.476821,
      "mean_ms": 50.60906844,
      "median_ms": 50.518183,
      "stdev_ms": 0.14650839680112943,
      "p95_ms": 50.7999353,
      "p99_ms": 50.96611879,
      "max_ms": 51.747176,
      "ci95_half_width_ms": 0.016578985817007823,
      "recv_pct_mean": 99.01653611836379,
      "recv_pct_min": 1.6536118363794605
    },
    {
      "protocol": "ssh3",
      "workload": "command_loop",
      "command": "find /usr -maxdepth 3",
      "n": 300,
      "failures": 0,
      "success_rate_pct": 100.0,
      "min_ms": 50.469594,
      "mean_ms": 212.70891163666667,
      "median_ms": 210.761994,
      "stdev_ms": 25.896920209030966,
      "p95_ms": 252.1073014,
      "p99_ms": 266.7316301399999,
      "max_ms": 293.016379,
      "ci95_half_width_ms": 2.930512395357792,
      "recv_pct_mean": 94.1160396242222,
      "recv_pct_min": 0.005207462567936831
    },
    {
      "protocol": "mosh",
      "workload": "command_loop",
      "command": "ls",
      "n": 55,
      "failures": 3,
      "success_rate_pct": 94.82758620689656,
      "min_ms": 50.28965,
      "mean_ms": 50.64852701818182,
      "median_ms": 50.528511,
      "stdev_ms": 0.2736834549528779,
      "p95_ms": 51.2693992,
      "p99_ms": 51.36839062,
      "max_ms": 51.408781,
      "ci95_half_width_ms": 0.07233080029357651,
      "recv_pct_mean": 84.18181818181819,
      "recv_pct_min": 0.43478260869565216
    },
    {
      "protocol": "mosh",
      "workload": "command_loop",
      "command": "df -h",
      "n": 22,
      "failures": 3,
      "success_rate_pct": 88.0,
      "min_ms": 50.250256,
      "mean_ms": 50.47535031818182,
      "median_ms": 50.5044925,
      "stdev_ms": 0.08648394156108768,
      "p95_ms": 50.5595109,
      "p99_ms": 50.56566538,
      "max_ms": 50.566804,
      "ci95_half_width_ms": 0.03613933905639806,
      "recv_pct_mean": 69.13684719535783,