{
  "started_at_utc": "2026-05-27T18:25:51+00:00",
  "scenario": "low",
  "target": "trungnt@192.168.8.102",
  "client_source_ip": "192.168.8.100",
  "protocols": [
    "ssh",
    "ssh3",
    "mosh"
  ],
  "workloads": [
    "command_loop"
  ],
  "commands": [
    "ls",
    "df -h",
    "ps aux",
    "grep -n root /etc/passwd"
  ],
  "trials": 2,
  "iterations": 5,
  "warmup": 3,
  "timeout_sec": 20,
  "random_seed": 42,
  "shuffle_pairs": true,
  "reopen_on_failure": true,
  "min_recv_pct": 0.0,
  "mosh_predict": "always",
  "summary": [
    {
      "protocol": "ssh",
      "workload": "command_loop",
      "command": "ls",
      "n": 4,
      "failures": 0,
      "success_rate_pct": 100.0,
      "min_ms": 50.418896,
      "mean_ms": 50.5853535,
      "median_ms": 50.589636,
      "stdev_ms": 0.16461775497294817,
      "p95_ms": 50.73814885,
      "p99_ms": 50.74222657,
      "max_ms": 50.743246,
      "ci95_half_width_ms": 0.1613253998734892,
      "recv_pct_mean": 100.0,
      "recv_pct_min": 100.0
    },
    {
      "protocol": "ssh",
      "workload": "command_loop",
      "command": "df -h",
      "n": 4,
      "failures": 0,
      "success_rate_pct": 100.0,
      "min_ms": 50.446692,
      "mean_ms": 50.462974,
      "median_ms": 50.462895,
      "stdev_ms": 0.014369206125137165,
      "p95_ms": 50.47790845,
      "p99_ms": 50.479112889999996,
      "max_ms": 50.479414,
      "ci95_half_width_ms": 0.014081822002634421,
      "recv_pct_mean": 100.0,
      "recv_pct_min": 100.0
    },
    {
      "protocol": "ssh",
      "workload": "command_loop",
      "command": "ps aux",
      "n": 4,
      "failures": 0,
      "success_rate_pct": 100.0,
      "min_ms": 52.854718,
      "mean_ms": 53.753341500000005,
      "median_ms": 52.886152,
      "stdev_ms": 1.7554019634194897,
      "p95_ms": 55.8620388,
      "p99_ms": 56.28148296,
      "max_ms": 56.386344,
      "ci95_half_width_ms": 1.7202939241511,
      "recv_pct_mean": 100.0,
      "recv_pct_min": 100.0
    },
    {
      "protocol": "ssh",
      "workload": "command_loop",
      "command": "grep -n root /etc/passwd",
      "n": 4,
      "failures": 0,
      "success_rate_pct": 100.0,
      "min_ms": 50.429638,
      "mean_ms": 50.45054975,
      "median_ms": 50.444711999999996,
      "stdev_ms": 0.024000413459980347,
      "p95_ms": 50.4787177,
      "p99_ms": 50.48225314,
      "max_ms": 50.483137,
      "ci95_half_width_ms": 0.02352040519078074,
      "recv_pct_mean": 100.0,
      "recv_pct_min": 100.0
    },
    {
      "protocol": "ssh3",
      "workload": "command_loop",
      "command": "ls",
      "n": 4,
      "failures": 0,
      "success_rate_pct": 100.0,
      "min_ms": 50.469896,
      "mean_ms": 50.48762275,
      "median_ms": 50.489515999999995,
      "stdev_ms": 0.01423450929665816,
      "p95_ms": 50.500774,
      "p99_ms": 50.5014052,
      "max_ms": 50.501563,
      "ci95_half_width_ms": 0.013949819110724996,
      "recv_pct_mean": 100.0,
      "recv_pct_min": 100.0
    },
    {
      "protocol": "ssh3",
      "workload": "command_loop",
      "command": "df -h",
      "n": 4,
      "failures": 0,
      "success_rate_pct": 100.0,
      "min_ms": 50.488363,
      "mean_ms": 50.4996035,
      "median_ms": 50.5031685,
      "stdev_ms": 0.0075072148630509344,
      "p95_ms": 50.503700200000004,
      "p99_ms": 50.50371124,
      "max_ms": 50.503714,
      "ci95_half_width_ms": 0.007357070565789915,
      "recv_pct_mean": 100.0,
      "recv_pct_min": 100.0
    },
    {
      "protocol": "ssh3",
      "workload": "command_loop",
      "command": "ps aux",
      "n": 4,
      "failures": 0,
      "success_rate_pct": 100.0,
      "min_ms": 52.859087,
      "mean_ms": 53.7209465,
      "median_ms": 53.6740995,
      "stdev_ms": 0.9885372787947836,
      "p95_ms": 54.6457335,
      "p99_ms": 54.670346699999996,
      "max_ms": 54.6765,
      "ci95_half_width_ms": 0.968766533218888,
      "recv_pct_mean": 99.39423787244522,
      "recv_pct_min": 99.3400640236395
    },
    {
      "protocol": "ssh3",
      "workload": "command_loop",
      "command": "grep -n root /etc/passwd",
      "n": 4,
      "failures": 0,
      "success_rate_pct": 100.0,
      "min_ms": 50.496752,
      "mean_ms": 50.52163125,
      "median_ms": 50.516844000000006,
      "stdev_ms": 0.02619547844412651,
      "p95_ms": 50.551723900000006,
      "p99_ms": 50.555212780000005,
      "max_ms": 50.556085,
      "ci95_half_width_ms": 0.02567156887524398,
      "recv_pct_mean": 100.0,
      "recv_pct_min": 100.0
    },
    {
      "protocol": "mosh",
      "workload": "command_loop",
      "command": "ls",
      "n": 4,
      "failures": 0,
      "success_rate_pct": 100.0,
      "min_ms": 50.500009,
      "mean_ms": 50.6364485,
      "median_ms": 50.625018499999996,
      "stdev_ms": 0.15249236072778696,
      "p95_ms": 50.78707875,
      "p99_ms": 50.79401415,
      "max_ms": 50.795748,
      "ci95_half_width_ms": 0.14944251351323123,
      "recv_pct_mean": 100.0,
      "recv_pct_min": 100.0
    },
    {
      "protocol": "mosh",
      "workload": "command_loop",
      "command": "df -h",
      "n": 4,
      "failures": 0,
      "success_rate_pct": 100.0,
      "min_ms": 50.482121,
      "mean_ms": 50.50882425,
      "median_ms": 50.508963,
      "stdev_ms": 0.025316967227203547,
      "p95_ms": 50.5337056,
      "p99_ms": 50.53494112,
      "max_ms": 50.53525,
      "ci95_half_width_ms": 0.024810627882659475,
      "recv_pct_mean": 100.0,
      "recv_pct_min": 100.0
    },
    {
      "protocol": "mosh",
      "workload": "command_loop",
      "command": "ps aux",
      "n": 4,
      "failures": 0,
      "success_rate_pct": 100.0,
      "min_ms": 50.502469,
      "mean_ms": 50.67927775,
      "median_ms": 50.615958500000005,
      "stdev_ms": 0.21345536183688937,
      "p95_ms": 50.935453100000004,
      "p99_ms": 50.97327062,
      "max_ms": 50.982725,
      "ci95_half_width_ms": 0.20918625460015158,
      "recv_pct_mean": 5.683329229253878,
      "recv_pct_min": 2.32455060329968
    },
    {
      "protocol": "mosh",
      "workload": "command_loop",
      "command": "grep -n root /etc/passwd",
      "n": 4,
      "failures": 0,
      "success_rate_pct": 100.0,
      "min_ms": 50.495341,
      "mean_ms": 50.503591,
      "median_ms": 50.505146499999995,
      "stdev_ms": 0.005974518279045133,
      "p95_ms": 50.5084882,
      "p99_ms": 50.50868164,
      "max_ms": 50.50873,
      "ci95_half_width_ms": 0.00585502791346423,
      "recv_pct_mean": 100.0,
      "recv_pct_min": 100.0
    }
  ],
  "session_setup": {
    "ssh": {
      "ls": {
        "n": 2,
        "mean": 731.1774035,
        "median": 731.1774035,
        "stdev": 17.567271069237396,
        "min": 718.755467,
        "max": 743.59934
      },
      "df -h": {
        "n": 2,
        "mean": 796.8271930000001,
        "median": 796.8271930000001,
        "stdev": 52.23340658397107,
        "min": 759.892597,
        "max": 833.761789
      },
      "ps aux": {
        "n": 2,
        "mean": 767.8243689999999,
        "median": 767.8243689999999,
        "stdev": 9.387230014767479,
        "min": 761.186595,
        "max": 774.462143
      },
      "grep -n root /etc/passwd": {
        "n": 2,
        "mean": 786.175894,
        "median": 786.175894,
        "stdev": 39.94985870818205,
        "min": 757.927078,
        "max": 814.42471
      }
    },
    "ssh3": {
      "ls": {
        "n": 2,
        "mean": 295.0145675,
        "median": 295.0145675,
        "stdev": 11.490843697419438,
        "min": 286.889314,
        "max": 303.139821
      },
      "df -h": {
        "n": 2,
        "mean": 309.2438495,
        "median": 309.2438495,
        "stdev": 36.83681898268796,
        "min": 283.196285,
        "max": 335.291414
      },
      "ps aux": {
        "n": 2,
        "mean": 289.8897755,
        "median": 289.8897755,
        "stdev": 13.917854787767416,
        "min": 280.048366,
        "max": 299.731185
      },