{
  "started_at_utc": "2026-05-26T16:57:37+00:00",
  "scenario": "unspecified",
  "target": "trungnt@192.168.8.102",
  "client_source_ip": "192.168.8.100",
  "protocols": [
    "ssh",
    "ssh3",
    "mosh"
  ],
  "workloads": [
    "command_loop"
  ],
  "commands": [
    "ls",
    "df -h",
    "ps aux",
    "grep -n root /etc/passwd",
    "cat /proc/meminfo",
    "find /usr -maxdepth 3"
  ],
  "trials": 3,
  "iterations": 100,
  "warmup": 0,
  "timeout_sec": 20,
  "random_seed": 42,
  "shuffle_pairs": false,
  "reopen_on_failure": false,
  "mosh_predict": "always",
  "summary": [
    {
      "protocol": "ssh",
      "workload": "command_loop",
      "command": "ls",
      "n": 300,
      "failures": 0,
      "success_rate_pct": 100.0,
      "min_ms": 50.21002,
      "mean_ms": 95.82092566,
      "median_ms": 85.507968,
      "stdev_ms": 54.14232961509251,
      "p95_ms": 232.69723185,
      "p99_ms": 259.42852442,
      "max_ms": 500.55805,
      "ci95_half_width_ms": 6.126781361254112,
      "recv_pct_mean": 99.08260869565217,
      "recv_pct_min": 8.26086956521739
    },
    {
      "protocol": "ssh",
      "workload": "command_loop",
      "command": "df -h",
      "n": 300,
      "failures": 0,
      "success_rate_pct": 100.0,
      "min_ms": 50.207874,
      "mean_ms": 105.26038319999999,
      "median_ms": 87.4797315,
      "stdev_ms": 66.82263650639801,
      "p95_ms": 243.2156641,
      "p99_ms": 279.34487045999947,
      "max_ms": 551.402133,
      "ci95_half_width_ms": 7.561693166286163,
      "recv_pct_mean": 99.05053191489361,
      "recv_pct_min": 5.053191489361701
    },
    {
      "protocol": "ssh",
      "workload": "command_loop",
      "command": "ps aux",
      "n": 300,
      "failures": 0,
      "success_rate_pct": 100.0,
      "min_ms": 50.465989,
      "mean_ms": 372.65156162333335,
      "median_ms": 374.2065765,
      "stdev_ms": 148.7510231379108,
      "p95_ms": 607.7057501000002,
      "p99_ms": 882.7601136999998,
      "max_ms": 988.16908,
      "ci95_half_width_ms": 16.83276287717739,
      "recv_pct_mean": 98.07892055352858,
      "recv_pct_min": 0.09367912434671137
    },
    {
      "protocol": "ssh",
      "workload": "command_loop",
      "command": "grep -n root /etc/passwd",
      "n": 300,
      "failures": 0,
      "success_rate_pct": 100.0,
      "min_ms": 50.211271,
      "mean_ms": 93.69707505,
      "median_ms": 85.9125135,
      "stdev_ms": 47.267557601148376,
      "p95_ms": 202.14560430000003,
      "p99_ms": 263.83492285,
      "max_ms": 423.100486,
      "ci95_half_width_ms": 5.3488276725719945,
      "recv_pct_mean": 99.55882352941177,
      "recv_pct_min": 55.88235294117647
    },
    {
      "protocol": "ssh",
      "workload": "command_loop",
      "command": "cat /proc/meminfo",
      "n": 300,
      "failures": 0,
      "success_rate_pct": 100.0,
      "min_ms": 50.251108,
      "mean_ms": 256.69757423333334,
      "median_ms": 247.412925,
      "stdev_ms": 92.89240573777418,
      "p95_ms": 407.2322316500016,
      "p99_ms": 592.42977471,
      "max_ms": 879.839663,
      "ci95_half_width_ms": 10.511765269841668,
      "recv_pct_mean": 99.01653611836379,
      "recv_pct_min": 1.6536118363794605
    },
    {
      "protocol": "ssh",
      "workload": "command_loop",
      "command": "find /usr -maxdepth 3",
      "n": 300,
      "failures": 0,
      "success_rate_pct": 100.0,
      "min_ms": 103.379088,
      "mean_ms": 2525.226673556667,
      "median_ms": 2531.4133874999998,
      "stdev_ms": 842.8827141028903,
      "p95_ms": 3892.9703330500006,
      "p99_ms": 4212.6262613399995,
      "max_ms": 4836.637561,
      "ci95_half_width_ms": 95.38115812898685,
      "recv_pct_mean": 98.12846536078123,
      "recv_pct_min": 0.005207462567936831
    },
    {
      "protocol": "ssh3",
      "workload": "command_loop",
      "command": "ls",
      "n": 300,
      "failures": 0,
      "success_rate_pct": 100.0,
      "min_ms": 50.24798,
      "mean_ms": 124.61997843,
      "median_ms": 110.258076,
      "stdev_ms": 56.611717717112946,
      "p95_ms": 180.42236290000042,
      "p99_ms": 287.6844755699999,
      "max_ms": 371.856131,
      "ci95_half_width_ms": 6.406218930799404,
      "recv_pct_mean": 99.08260869565217,
      "recv_pct_min": 8.26086956521739
    },
    {
      "protocol": "ssh3",
      "workload": "command_loop",
      "command": "df -h",
      "n": 300,
      "failures": 0,
      "success_rate_pct": 100.0,
      "min_ms": 50.225247,
      "mean_ms": 133.55078896666666,
      "median_ms": 155.585722,
      "stdev_ms": 57.88116020496041,
      "p95_ms": 250.23025800000005,
      "p99_ms": 291.8406583099999,
      "max_ms": 389.184279,
      "ci95_half_width_ms": 6.549869871366981,
      "recv_pct_mean": 98.61613475177305,
      "recv_pct_min": 1.5957446808510638
    },
    {
      "protocol": "ssh3",
      "workload": "command_loop",
      "command": "ps aux",
      "n": 300,
      "failures": 0,
      "success_rate_pct": 100.0,
      "min_ms": 51.439312,
      "mean_ms": 264.30657650333336,
      "median_ms": 249.68142899999998,
      "stdev_ms": 98.84097051691485,
      "p95_ms": 444.75686170000006,
      "p99_ms": 518.5527106899995,
      "max_ms": 619.20559,
      "ci95_half_width_ms": 11.184908743241312,
      "recv_pct_mean": 95.69493475331164,
      "recv_pct_min": 0.09367912434671137
    },
    {
      "protocol": "ssh3",
      "workload": "command_loop",
      "command": "grep -n root /etc/passwd",
      "n": 300,
      "failures": 0,
      "success_rate_pct": 100.0,
      "min_ms": 50.21728,
      "mean_ms": 141.77293519666668,
      "median_ms": 159.1418185,
      "stdev_ms": 51.08975813766411,
      "p95_ms": 182.40536630000045,
      "p99_ms": 298.76735829,
      "max_ms": 308.916712,
      "ci95_half_width_ms": 5.781350380268196,
      "recv_pct_mean": 99.55882352941177,
      "recv_pct_min": 55.88235294117647
    },
    {
      "protocol": "ssh3",
      "workload": "command_loop",
      "command": "cat /proc/meminfo",
      "n": 300,
      "failures": 0,
      "success_rate_pct": 100.0,
      "min_ms": 50.263177,
      "mean_ms": 135.08947680333333,
      "median_ms": 156.1915245,
      "stdev_ms": 55.405206906997364,
      "p95_ms": 252.3554354,
      "p99_ms": 284.8388941999999,
      "max_ms": 371.911871,
      "ci95_half_width_ms": 6.26968937996332,
      "recv_pct_mean": 98.8668407310705,
      "recv_pct_min": 1.6536118363794605
    },
    {
      "protocol": "ssh3",
      "workload": "command_loop",
      "command": "find /usr -maxdepth 3",
      "n": 300,
      "failures": 0,
      "success_rate_pct": 100.0,
      "min_ms": 92.802236,
      "mean_ms": 4948.24296621,
      "median_ms": 5035.8218185000005,
      "stdev_ms": 890.0474624665632,
      "p95_ms": 6220.90761385,
      "p99_ms": 6420.75967125,
      "max_ms": 6831.243209,
      "ci95_half_width_ms": 100.71835184113624,
      "recv_pct_mean": 98.2530589274637,
      "recv_pct_min": 0.005207462567936831
    },
    {
      "protocol": "mosh",
      "workload": "command_loop",
      "command": "ls",
      "n": 86,
      "failures": 3,
      "success_rate_pct": 96.62921348314607,
      "min_ms": 50.233224,
      "mean_ms": 78.4919811627907,
      "median_ms": 53.939673,
      "stdev_ms": 55.15121743989969,
      "p95_ms": 145.3504825,
      "p99_ms": 286.88470475000116,
      "max_ms": 459.857516,
      "ci95_half_width_ms": 11.656333095296832,
      "recv_pct_mean": 88.27098078867543,
      "recv_pct_min": 0.43478260869565216
    },
    {
      "protocol": "mosh",
      "workload": "command_loop",
      "command": "df -h",
      "n": 119,
      "failures": 2,
      "success_rate_pct": 98.34710743801652,
      "min_ms": 50.245846,
      "mean_ms": 87.62823587394958,
      "median_ms": 50.81006,
      "stdev_ms": 69.28113696473558,
      "p95_ms": 173.8745898,
      "p99_ms": 423.68104447999826,
      "max_ms": 488.61358,
      "ci95_half_width_ms": 12.447943169083837,
      "recv_pct_mean": 85.4416234578938,