{
  "started_at_utc": "2026-05-26T11:04:22+00:00",
  "scenario": "unspecified",
  "target": "trungnt@192.168.8.102",
  "client_source_ip": "192.168.8.100",
  "protocols": [
    "ssh",
    "ssh3",
    "mosh"
  ],
  "workloads": [
    "command_loop"
  ],
  "commands": [
    "ls",
    "df -h",
    "ps aux",
    "grep -n root /etc/passwd",
    "cat /proc/meminfo",
    "find /usr -maxdepth 3"
  ],
  "trials": 3,
  "iterations": 100,
  "warmup": 0,
  "timeout_sec": 20,
  "random_seed": 42,
  "shuffle_pairs": false,
  "reopen_on_failure": false,
  "mosh_predict": "always",
  "summary": [
    {
      "protocol": "ssh",
      "workload": "command_loop",
      "command": "ls",
      "n": 300,
      "failures": 0,
      "success_rate_pct": 100.0,
      "min_ms": 50.209159,
      "mean_ms": 226.72583583333332,
      "median_ms": 164.8233765,
      "stdev_ms": 193.90007023422768,
      "p95_ms": 552.8822304,
      "p99_ms": 860.9196669999995,
      "max_ms": 1237.350566,
      "ci95_half_width_ms": 21.94185851814126,
      "recv_pct_mean": 99.08260869565217,
      "recv_pct_min": 8.26086956521739
    },
    {
      "protocol": "ssh",
      "workload": "command_loop",
      "command": "df -h",
      "n": 300,
      "failures": 0,
      "success_rate_pct": 100.0,
      "min_ms": 50.194617,
      "mean_ms": 202.33796079333334,
      "median_ms": 158.8208295,
      "stdev_ms": 148.1282674196706,
      "p95_ms": 473.83313060000006,
      "p99_ms": 587.7302234399996,
      "max_ms": 944.206439,
      "ci95_half_width_ms": 16.76229143359058,
      "recv_pct_mean": 99.05053191489361,
      "recv_pct_min": 5.053191489361701
    },
    {
      "protocol": "ssh",
      "workload": "command_loop",
      "command": "ps aux",
      "n": 300,
      "failures": 0,
      "success_rate_pct": 100.0,
      "min_ms": 50.774201,
      "mean_ms": 653.5361265966667,
      "median_ms": 602.719036,
      "stdev_ms": 345.07789481858094,
      "p95_ms": 1344.2032974,
      "p99_ms": 1729.52527008,
      "max_ms": 1979.283027,
      "ci95_half_width_ms": 39.04923983111982,
      "recv_pct_mean": 95.19687994647607,
      "recv_pct_min": 0.09301414794145003
    },
    {
      "protocol": "ssh",
      "workload": "command_loop",
      "command": "grep -n root /etc/passwd",
      "n": 300,
      "failures": 0,
      "success_rate_pct": 100.0,
      "min_ms": 50.182169,
      "mean_ms": 180.02636715333333,
      "median_ms": 155.27977850000002,
      "stdev_ms": 137.44819446541547,
      "p95_ms": 445.2793855000001,
      "p99_ms": 849.66716875,
      "max_ms": 1111.795557,
      "ci95_half_width_ms": 15.553727406550188,
      "recv_pct_mean": 99.55882352941177,
      "recv_pct_min": 55.88235294117647
    },
    {
      "protocol": "ssh",
      "workload": "command_loop",
      "command": "cat /proc/meminfo",
      "n": 300,
      "failures": 0,
      "success_rate_pct": 100.0,
      "min_ms": 124.404671,
      "mean_ms": 441.61067443666667,
      "median_ms": 431.9059665,
      "stdev_ms": 147.23794802894272,
      "p95_ms": 705.3502166000007,
      "p99_ms": 916.4516058999991,
      "max_ms": 1131.070485,
      "ci95_half_width_ms": 16.661542310169885,
      "recv_pct_mean": 99.01653611836379,
      "recv_pct_min": 1.6536118363794605
    },
    {
      "protocol": "ssh",
      "workload": "command_loop",
      "command": "find /usr -maxdepth 3",
      "n": 300,
      "failures": 0,
      "success_rate_pct": 100.0,
      "min_ms": 206.750595,
      "mean_ms": 6766.069576423333,
      "median_ms": 6512.1910355,
      "stdev_ms": 2238.414685195994,
      "p95_ms": 10641.766995300002,
      "p99_ms": 12541.714713679994,
      "max_ms": 14925.800916,
      "ci95_half_width_ms": 253.30046692696,
      "recv_pct_mean": 97.52964736342516,
      "recv_pct_min": 0.005207462567936831
    },
    {
      "protocol": "ssh3",
      "workload": "command_loop",
      "command": "ls",
      "n": 300,
      "failures": 0,
      "success_rate_pct": 100.0,
      "min_ms": 50.241137,
      "mean_ms": 281.4012039066667,
      "median_ms": 271.9902745,
      "stdev_ms": 114.80461684805915,
      "p95_ms": 509.8795256000001,
      "p99_ms": 661.7795896799998,
      "max_ms": 756.090295,
      "ci95_half_width_ms": 12.991365382522003,
      "recv_pct_mean": 99.08260869565217,
      "recv_pct_min": 8.26086956521739
    },
    {
      "protocol": "ssh3",
      "workload": "command_loop",
      "command": "df -h",
      "n": 300,
      "failures": 0,
      "success_rate_pct": 100.0,
      "min_ms": 50.216342,
      "mean_ms": 301.71564924,
      "median_ms": 278.9631795,
      "stdev_ms": 120.14533877936655,
      "p95_ms": 565.3688885500001,
      "p99_ms": 728.4881251099996,
      "max_ms": 909.501455,
      "ci95_half_width_ms": 13.595724962484626,
      "recv_pct_mean": 99.05053191489361,
      "recv_pct_min": 5.053191489361701
    },
    {
      "protocol": "ssh3",
      "workload": "command_loop",
      "command": "ps aux",
      "n": 300,
      "failures": 0,
      "success_rate_pct": 100.0,
      "min_ms": 50.534709,
      "mean_ms": 730.34053224,
      "median_ms": 712.8897685,
      "stdev_ms": 278.1440982103534,
      "p95_ms": 1217.7016267000001,
      "p99_ms": 1504.8628001399995,
      "max_ms": 1787.686083,
      "ci95_half_width_ms": 31.47496771514963,
      "recv_pct_mean": 92.34291215874414,
      "recv_pct_min": 0.09301414794145003
    },
    {
      "protocol": "ssh3",
      "workload": "command_loop",
      "command": "grep -n root /etc/passwd",
      "n": 300,
      "failures": 0,
      "success_rate_pct": 100.0,
      "min_ms": 50.480578,
      "mean_ms": 304.7138160966667,
      "median_ms": 276.176674,
      "stdev_ms": 110.40986519276272,
      "p95_ms": 553.3157598500001,
      "p99_ms": 716.9088240799997,
      "max_ms": 1030.450631,
      "ci95_half_width_ms": 12.494052416485442,
      "recv_pct_mean": 99.55882352941177,
      "recv_pct_min": 55.88235294117647
    },
    {
      "protocol": "ssh3",
      "workload": "command_loop",
      "command": "cat /proc/meminfo",
      "n": 300,
      "failures": 0,
      "success_rate_pct": 100.0,
      "min_ms": 50.497458,
      "mean_ms": 327.53838856333334,
      "median_ms": 280.825168,
      "stdev_ms": 119.26892717539424,
      "p95_ms": 565.6537465499999,
      "p99_ms": 704.9566723299998,
      "max_ms": 946.96666,
      "ci95_half_width_ms": 13.496549653291659,
      "recv_pct_mean": 99.01653611836379,
      "recv_pct_min": 1.6536118363794605
    },
    {
      "protocol": "ssh3",
      "workload": "command_loop",
      "command": "find /usr -maxdepth 3",
      "n": 300,
      "failures": 0,
      "success_rate_pct": 100.0,
      "min_ms": 202.248777,
      "mean_ms": 13413.722497706667,
      "median_ms": 13598.914582000001,
      "stdev_ms": 2080.469738997669,
      "p95_ms": 16205.097188450001,
      "p99_ms": 17079.242798199994,
      "max_ms": 18772.446604,
      "ci95_half_width_ms": 235.4273137148302,
      "recv_pct_mean": 98.48356680123847,
      "recv_pct_min": 0.005207462567936831
    },
    {
      "protocol": "mosh",
      "workload": "command_loop",
      "command": "ls",
      "n": 65,
      "failures": 3,
      "success_rate_pct": 95.58823529411765,
      "min_ms": 50.337069,
      "mean_ms": 180.59548626153847,
      "median_ms": 150.063004,
      "stdev_ms": 157.19731729503167,
      "p95_ms": 442.4076858,
      "p99_ms": 770.67407092,
      "max_ms": 802.768053,
      "ci95_half_width_ms": 38.21593795649669,
      "recv_pct_mean": 83.77257525083613,
      "recv_pct_min": 0.43478260869565216
    },
    {
      "protocol": "mosh",
      "workload": "command_loop",
      "command": "df -h",
      "n": 25,
      "failures": 3,
      "success_rate_pct": 89.28571428571429,
      "min_ms": 50.249326,
      "mean_ms": 149.10225416,
      "median_ms": 144.618651,
      "stdev_ms": 72.07023931064808,
      "p95_ms": 239.9941216,
      "p99_ms": 259.78152423999995,
      "max_ms": 265.918822,