{
  "started_at_utc": "2026-06-01T03:54:37+00:00",
  "scenario": "default",
  "target": "trungnt@100.106.17.78",
  "client_source_ip": "100.70.166.91",
  "protocols": [
    "ssh",
    "ssh3",
    "mosh"
  ],
  "workloads": [
    "command_loop"
  ],
  "commands": [
    "ls",
    "df -h",
    "grep -n root /etc/passwd",
    "git status"
  ],
  "trials": 10,
  "iterations": 100,
  "warmup": 3,
  "timeout_sec": 20,
  "random_seed": 42,
  "shuffle_pairs": true,
  "reopen_on_failure": true,
  "min_recv_pct": 0.0,
  "mosh_predict": "always",
  "summary": [
    {
      "protocol": "ssh",
      "workload": "command_loop",
      "command": "ls",
      "n": 970,
      "failures": 0,
      "success_rate_pct": 100.0,
      "min_ms": 50.14408,
      "mean_ms": 140.77885927422682,
      "median_ms": 131.0213665,
      "stdev_ms": 143.4652731503013,
      "p95_ms": 233.7739222,
      "p99_ms": 369.3421817599995,
      "max_ms": 3896.852242,
      "ci95_half_width_ms": 9.028528925378703,
      "recv_pct_mean": 100.0,
      "recv_pct_min": 100.0
    },
    {
      "protocol": "ssh",
      "workload": "command_loop",
      "command": "df -h",
      "n": 970,
      "failures": 0,
      "success_rate_pct": 100.0,
      "min_ms": 50.130688,
      "mean_ms": 154.70581178762887,
      "median_ms": 146.09772900000002,
      "stdev_ms": 101.80006927333858,
      "p95_ms": 255.09202374999995,
      "p99_ms": 358.29010055999913,
      "max_ms": 1546.783672,
      "ci95_half_width_ms": 6.406462343517747,
      "recv_pct_mean": 100.0,
      "recv_pct_min": 100.0
    },
    {
      "protocol": "ssh",
      "workload": "command_loop",
      "command": "grep -n root /etc/passwd",
      "n": 970,
      "failures": 0,
      "success_rate_pct": 100.0,
      "min_ms": 50.140895,
      "mean_ms": 374.3284853371134,
      "median_ms": 336.8616025,
      "stdev_ms": 159.96603021771128,
      "p95_ms": 614.1568836999999,
      "p99_ms": 1012.1123219899999,
      "max_ms": 1620.770295,
      "ci95_half_width_ms": 10.06695138959192,
      "recv_pct_mean": 100.0,
      "recv_pct_min": 100.0
    },
    {
      "protocol": "ssh",
      "workload": "command_loop",
      "command": "git status",
      "n": 970,
      "failures": 0,
      "success_rate_pct": 100.0,
      "min_ms": 50.103632,
      "mean_ms": 127.11567945360825,
      "median_ms": 119.585021,
      "stdev_ms": 86.34483899228331,
      "p95_ms": 226.70083219999992,
      "p99_ms": 372.77401165999925,
      "max_ms": 1474.882302,
      "ci95_half_width_ms": 5.433836769559446,
      "recv_pct_mean": 100.0,
      "recv_pct_min": 100.0
    },
    {
      "protocol": "ssh3",
      "workload": "command_loop",
      "command": "ls",
      "n": 970,
      "failures": 0,
      "success_rate_pct": 100.0,
      "min_ms": 50.124549,
      "mean_ms": 161.96882342680414,
      "median_ms": 189.1292415,
      "stdev_ms": 74.94101333789745,
      "p95_ms": 239.56292224999993,
      "p99_ms": 353.27141130999985,
      "max_ms": 1148.012111,
      "ci95_half_width_ms": 4.716173410896108,
      "recv_pct_mean": 100.0,
      "recv_pct_min": 100.0
    },
    {
      "protocol": "ssh3",
      "workload": "command_loop",
      "command": "df -h",
      "n": 970,
      "failures": 0,
      "success_rate_pct": 100.0,
      "min_ms": 50.207056,
      "mean_ms": 357.3715461917526,
      "median_ms": 316.195334,
      "stdev_ms": 124.12132874912945,
      "p95_ms": 535.3471924499999,
      "p99_ms": 782.2639652899974,
      "max_ms": 1497.632483,
      "ci95_half_width_ms": 7.8111795437347675,
      "recv_pct_mean": 100.0,
      "recv_pct_min": 100.0
    },
    {
      "protocol": "ssh3",
      "workload": "command_loop",
      "command": "grep -n root /etc/passwd",
      "n": 970,
      "failures": 0,
      "success_rate_pct": 100.0,
      "min_ms": 50.197363,
      "mean_ms": 154.56142647216495,
      "median_ms": 144.7113525,
      "stdev_ms": 152.93254850895514,
      "p95_ms": 254.74987284999997,
      "p99_ms": 405.4849881399999,
      "max_ms": 3903.337151,
      "ci95_half_width_ms": 9.624321673987508,
      "recv_pct_mean": 100.0,
      "recv_pct_min": 100.0
    },
    {
      "protocol": "ssh3",
      "workload": "command_loop",
      "command": "git status",
      "n": 970,
      "failures": 0,
      "success_rate_pct": 100.0,
      "min_ms": 50.1027,
      "mean_ms": 311.89012917216496,
      "median_ms": 303.656601,
      "stdev_ms": 155.22636914272334,
      "p95_ms": 506.5809907499998,
      "p99_ms": 792.2349211399977,
      "max_ms": 1711.319027,
      "ci95_half_width_ms": 9.768675952112433,
      "recv_pct_mean": 100.0,
      "recv_pct_min": 100.0
    },
    {
      "protocol": "mosh",
      "workload": "command_loop",
      "command": "ls",
      "n": 970,
      "failures": 37,
      "success_rate_pct": 96.32571996027805,
      "min_ms": 50.106858,
      "mean_ms": 180.9412016226804,
      "median_ms": 140.54953749999999,
      "stdev_ms": 164.29061824807832,
      "p95_ms": 444.46460805,
      "p99_ms": 745.3409630999986,
      "max_ms": 2370.226506,
      "ci95_half_width_ms": 10.339105530208304,
      "recv_pct_mean": 85.16810435514412,
      "recv_pct_min": 0.0
    },
    {
      "protocol": "mosh",
      "workload": "command_loop",
      "command": "df -h",
      "n": 970,
      "failures": 11,
      "success_rate_pct": 98.87869520897044,
      "min_ms": 50.085363,
      "mean_ms": 76.92604717731959,
      "median_ms": 59.7187385,
      "stdev_ms": 48.84553535828727,
      "p95_ms": 172.70533329999998,
      "p99_ms": 260.7030374899997,
      "max_ms": 609.754928,
      "ci95_half_width_ms": 3.0739378190559603,
      "recv_pct_mean": 85.75235797323974,
      "recv_pct_min": 0.0
    },
    {
      "protocol": "mosh",
      "workload": "command_loop",
      "command": "grep -n root /etc/passwd",
      "n": 970,
      "failures": 28,
      "success_rate_pct": 97.1943887775551,
      "min_ms": 50.100794,
      "mean_ms": 144.84149118247421,
      "median_ms": 123.408776,
      "stdev_ms": 192.16608658005367,
      "p95_ms": 280.3601036999999,
      "p99_ms": 386.1610668099999,
      "max_ms": 5261.151213,
      "ci95_half_width_ms": 12.093359131914768,
      "recv_pct_mean": 92.18617343844754,
      "recv_pct_min": 0.0
    },
    {
      "protocol": "mosh",
      "workload": "command_loop",
      "command": "git status",
      "n": 970,
      "failures": 20,
      "success_rate_pct": 97.97979797979798,
      "min_ms": 50.091462,
      "mean_ms": 115.8953262814433,
      "median_ms": 76.50922249999999,
      "stdev_ms": 94.84202573291087,
      "p95_ms": 262.1832633,
      "p99_ms": 358.25955109999984,
      "max_ms": 1387.971578,
      "ci95_half_width_ms": 5.9685800881863,
      "recv_pct_mean": 100.0,
      "recv_pct_min": 100.0
    }
  ],
  "session_setup": {
    "ssh": {
      "ls": {
        "n": 10,
        "mean": 2113.3497167,
        "median": 2066.9020855,
        "stdev": 122.22190206830875,
        "min": 1989.250281,
        "max": 2345.069938
      },
      "df -h": {
        "n": 10,
        "mean": 2503.0793936,
        "median": 2356.4576770000003,
        "stdev": 402.03426195955905,
        "min": 2199.48426,
        "max": 3571.482916
      },
      "grep -n root /etc/passwd": {
        "n": 10,
        "mean": 3920.3094902000003,
        "median": 3875.2853955,
        "stdev": 534.5413833904369,
        "min": 3138.856278,
        "max": 5096.357517
      },
      "git status": {
        "n": 10,
        "mean": 2240.6552492,
        "median": 2163.8083795000002,
        "stdev": 253.3640621740714,
        "min": 1975.650983,
        "max": 2831.512571
      }
    },
    "ssh3": {
      "ls": {
        "n": 10,
        "mean": 686.7974555,
        "median": 703.2192745,
        "stdev": 43.2466293767387,
        "min": 628.556994,
        "max": 741.875115
      },
      "df -h": {
        "n": 10,
        "mean": 1119.4215821,
        "median": 1071.812439,
        "stdev": 186.97695348423397,