{
  "started_at_utc": "2026-05-13T04:29:45+00:00",
  "scenario": "default",
  "target": "pi@100.66.79.93",
  "client_source_ip": "100.70.166.91",
  "protocols": [
    "ssh",
    "ssh3",
    "mosh"
  ],
  "workloads": [
    "large_output"
  ],
  "commands": [
    "head -c 524288 /dev/zero | base64",
    "head -c 2097152 /dev/zero | base64",
    "head -c 8388608 /dev/zero | base64"
  ],
  "trials": 5,
  "iterations": 10,
  "warmup": 2,
  "timeout_sec": 300,
  "random_seed": 42,
  "shuffle_pairs": true,
  "reopen_on_failure": true,
  "mosh_predict": "never",
  "metric_notes": {
    "latency_ms": "sendline -> marker visible; includes server exec + delivery",
    "ttfb_ms": "sendline -> first byte of output visible at client",
    "output_bytes": "bytes seen on client-side PTY. For mosh this is screen-sync bytes, not the number of bytes the command printed on the server."
  },
  "summary": [
    {
      "protocol": "ssh",
      "workload": "large_output",
      "command": "head -c 524288 /dev/zero | base64",
      "n": 40,
      "failures": 0,
      "success_rate_pct": 100.0,
      "min_ms": 351.181252,
      "mean_ms": 473.099133825,
      "median_ms": 432.244932,
      "stdev_ms": 110.03748687869377,
      "p95_ms": 691.2675414999999,
      "p99_ms": 803.49588605,
      "max_ms": 846.280175,
      "ci95_half_width_ms": 34.10097048068132,
      "mean_ttfb_ms": 102.89008885000366,
      "median_ttfb_ms": 102.57325100013986,
      "mean_output_kib": 691.65234375,
      "mean_throughput_kib_s": 1461.960706116708
    },
    {
      "protocol": "ssh",
      "workload": "large_output",
      "command": "head -c 2097152 /dev/zero | base64",
      "n": 40,
      "failures": 0,
      "success_rate_pct": 100.0,
      "min_ms": 1111.924265,
      "mean_ms": 1589.00723515,
      "median_ms": 1434.8614819999998,
      "stdev_ms": 482.47585323114043,
      "p95_ms": 2411.8265429999988,
      "p99_ms": 3185.36389243,
      "max_ms": 3444.799327,
      "ci95_half_width_ms": 149.52081599986428,
      "mean_ttfb_ms": 103.99533465001733,
      "median_ttfb_ms": 103.97200850001536,
      "mean_output_kib": 2766.599609375,
      "mean_throughput_kib_s": 1741.0868548460933
    },
    {
      "protocol": "ssh",
      "workload": "large_output",
      "command": "head -c 8388608 /dev/zero | base64",
      "n": 40,
      "failures": 0,
      "success_rate_pct": 100.0,
      "min_ms": 4451.785422,
      "mean_ms": 7176.58672275,
      "median_ms": 6751.126959499999,
      "stdev_ms": 1955.9672251085192,
      "p95_ms": 10004.485944299999,
      "p99_ms": 12984.594776199998,
      "max_ms": 14490.659188,
      "ci95_half_width_ms": 606.1605230782561,
      "mean_ttfb_ms": 95.8886443500407,
      "median_ttfb_ms": 95.46628499985673,
      "mean_output_kib": 11066.388671875,
      "mean_throughput_kib_s": 1542.0128118558378
    },
    {
      "protocol": "ssh3",
      "workload": "large_output",
      "command": "head -c 524288 /dev/zero | base64",
      "n": 40,
      "failures": 0,
      "success_rate_pct": 100.0,
      "min_ms": 51.813161,
      "mean_ms": 230.578932675,
      "median_ms": 244.7927875,
      "stdev_ms": 128.96047597277587,
      "p95_ms": 389.81520319999987,
      "p99_ms": 563.8082637299999,
      "max_ms": 642.821559,
      "ci95_half_width_ms": 39.965265556912236,
      "mean_ttfb_ms": 50.399902775033844,
      "median_ttfb_ms": 50.387097999919206,
      "mean_output_kib": 345.5348388671875,
      "mean_throughput_kib_s": 1498.5533797843418
    },
    {
      "protocol": "ssh3",
      "workload": "large_output",
      "command": "head -c 2097152 /dev/zero | base64",
      "n": 40,
      "failures": 0,
      "success_rate_pct": 100.0,
      "min_ms": 62.273324,
      "mean_ms": 222.79761285,
      "median_ms": 214.2747675,
      "stdev_ms": 92.63038382139456,
      "p95_ms": 379.90705679999974,
      "p99_ms": 495.54392812,
      "max_ms": 517.723459,
      "ci95_half_width_ms": 28.70645335429941,
      "mean_ttfb_ms": 50.34219155004248,
      "median_ttfb_ms": 50.33656099997461,
      "mean_output_kib": 431.2826904296875,
      "mean_throughput_kib_s": 1935.7599253994315
    },
    {
      "protocol": "ssh3",
      "workload": "large_output",
      "command": "head -c 8388608 /dev/zero | base64",
      "n": 40,
      "failures": 0,
      "success_rate_pct": 100.0,
      "min_ms": 117.710567,
      "mean_ms": 326.4938216,
      "median_ms": 189.933896,
      "stdev_ms": 738.1122893443411,
      "p95_ms": 413.4278130999999,
      "p99_ms": 3128.9288246399974,
      "max_ms": 4851.301083,
      "ci95_half_width_ms": 228.74336832235616,
      "mean_ttfb_ms": 50.36207609999692,
      "median_ttfb_ms": 50.35548650030978,
      "mean_output_kib": 655.0369384765625,
      "mean_throughput_kib_s": 2006.2766739858039
    },
    {
      "protocol": "mosh",
      "workload": "large_output",
      "command": "head -c 524288 /dev/zero | base64",
      "n": 40,
      "failures": 0,
      "success_rate_pct": 100.0,
      "min_ms": 170.291766,
      "mean_ms": 221.55763975,
      "median_ms": 182.9474855,
      "stdev_ms": 170.50646168664818,
      "p95_ms": 243.694181799999,
      "p99_ms": 956.8717172399997,
      "max_ms": 1196.320206,
      "ci95_half_width_ms": 52.84049992119223,
      "mean_ttfb_ms": 146.85600812494522,
      "median_ttfb_ms": 106.17478149966337,
      "mean_output_kib": 0.2028076171875,
      "mean_throughput_kib_s": 0.9153718076088145
    },
    {
      "protocol": "mosh",
      "workload": "large_output",
      "command": "head -c 2097152 /dev/zero | base64",
      "n": 40,
      "failures": 0,
      "success_rate_pct": 100.0,
      "min_ms": 368.865162,
      "mean_ms": 392.6502058,
      "median_ms": 391.23935,
      "stdev_ms": 14.905636921813283,
      "p95_ms": 422.21843064999996,
      "p99_ms": 430.57882913,
      "max_ms": 432.150737,
      "ci95_half_width_ms": 4.619304739546249,
      "mean_ttfb_ms": 110.4088811000227,
      "median_ttfb_ms": 108.07879499997944,
      "mean_output_kib": 0.2697509765625,
      "mean_throughput_kib_s": 0.6870007262899543
    },
    {
      "protocol": "mosh",
      "workload": "large_output",
      "command": "head -c 8388608 /dev/zero | base64",
      "n": 40,
      "failures": 0,
      "success_rate_pct": 100.0,
      "min_ms": 1178.472174,
      "mean_ms": 1226.514342275,
      "median_ms": 1208.8310665,
      "stdev_ms": 58.00205005148905,
      "p95_ms": 1268.3600875999998,
      "p99_ms": 1450.9745331499998,
      "max_ms": 1541.611904,
      "ci95_half_width_ms": 17.975021537935618,
      "mean_ttfb_ms": 109.76017912501702,
      "median_ttfb_ms": 107.14314900012687,
      "mean_output_kib": 0.4639404296875,
      "mean_throughput_kib_s": 0.37825927809939847
    }
  ],
  "session_setup": {
    "ssh": {
      "head -c 524288 /dev/zero | base64": {
        "n": 5,
        "mean": 764.432244,
        "median": 731.456625,
        "stdev": 96.36575141143345,
        "min": 704.747789,
        "max": 935.489839
      },
      "head -c 2097152 /dev/zero | base64": {
        "n": 5,
        "mean": 723.8539768,
        "median": 721.69318,
        "stdev": 32.64365008554124,
        "min": 688.805648,
        "max": 774.055164
      },
      "head -c 8388608 /dev/zero | base64": {
        "n": 5,
        "mean": 731.7668434,
        "median": 735.700081,
        "stdev": 10.54166110739923,
        "min": 719.629765,
        "max": 743.227992
      }
    },
    "ssh3": {
      "head -c 524288 /dev/zero | base64": {
        "n": 5,
        "mean": 220.4320418,
        "median": 220.858247,
        "stdev": 8.257604889044082,
        "min": 210.426181,
        "max": 228.700882
      },
      "head -c 2097152 /dev/zero | base64": {
        "n": 5,
        "mean": 209.473035,
        "median": 207.479925,
        "stdev": 7.819562048030984,
        "min": 199.364836,
        "max": 217.642471
      },
      "head -c 8388608 /dev/zero | base64": {
        "n": 5,
        "mean": 210.7718516,