{
  "started_at_utc": "2026-05-27T21:43:36+00:00",
  "scenario": "medium",
  "target": "trungnt@192.168.8.102",
  "client_source_ip": "192.168.8.100",
  "protocols": [
    "ssh",
    "ssh3",
    "mosh"
  ],
  "workloads": [
    "command_loop"
  ],
  "commands": [
    "ls",
    "df -h",
    "ps aux",
    "grep -n root /etc/passwd"
  ],
  "trials": 10,
  "iterations": 100,
  "warmup": 3,
  "timeout_sec": 20,
  "random_seed": 42,
  "shuffle_pairs": true,
  "reopen_on_failure": true,
  "min_recv_pct": 0.0,
  "mosh_predict": "always",
  "summary": [
    {
      "protocol": "ssh",
      "workload": "command_loop",
      "command": "ls",
      "n": 970,
      "failures": 0,
      "success_rate_pct": 100.0,
      "min_ms": 50.203015,
      "mean_ms": 137.4237228958763,
      "median_ms": 101.9261915,
      "stdev_ms": 87.77386479343727,
      "p95_ms": 261.08281819999996,
      "p99_ms": 568.4837355,
      "max_ms": 601.553109,
      "ci95_half_width_ms": 5.5237679459167675,
      "recv_pct_mean": 100.0,
      "recv_pct_min": 100.0
    },
    {
      "protocol": "ssh",
      "workload": "command_loop",
      "command": "df -h",
      "n": 970,
      "failures": 0,
      "success_rate_pct": 100.0,
      "min_ms": 50.177979,
      "mean_ms": 129.77547215876288,
      "median_ms": 86.199685,
      "stdev_ms": 88.63063548834222,
      "p95_ms": 267.17232729999995,
      "p99_ms": 545.0954447899994,
      "max_ms": 653.776445,
      "ci95_half_width_ms": 5.57768607419623,
      "recv_pct_mean": 99.9533889010748,
      "recv_pct_min": 54.78723404255319
    },
    {
      "protocol": "ssh",
      "workload": "command_loop",
      "command": "ps aux",
      "n": 970,
      "failures": 0,
      "success_rate_pct": 100.0,
      "min_ms": 50.518166,
      "mean_ms": 328.324426956701,
      "median_ms": 344.445158,
      "stdev_ms": 144.5400064712035,
      "p95_ms": 589.1851103499997,
      "p99_ms": 777.9322183099994,
      "max_ms": 1186.360519,
      "ci95_half_width_ms": 9.096163835637913,
      "recv_pct_mean": 97.01556500860532,
      "recv_pct_min": 0.20001951409893648
    },
    {
      "protocol": "ssh",
      "workload": "command_loop",
      "command": "grep -n root /etc/passwd",
      "n": 970,
      "failures": 0,
      "success_rate_pct": 100.0,
      "min_ms": 50.176433,
      "mean_ms": 121.46201904742269,
      "median_ms": 90.0790255,
      "stdev_ms": 76.35225128000698,
      "p95_ms": 254.2545398,
      "p99_ms": 357.674668039999,
      "max_ms": 892.754005,
      "ci95_half_width_ms": 4.804985165135611,
      "recv_pct_mean": 100.0,
      "recv_pct_min": 100.0
    },
    {
      "protocol": "ssh3",
      "workload": "command_loop",
      "command": "ls",
      "n": 970,
      "failures": 0,
      "success_rate_pct": 100.0,
      "min_ms": 50.272769,
      "mean_ms": 149.12511560412372,
      "median_ms": 160.4323245,
      "stdev_ms": 48.4310459449555,
      "p95_ms": 195.72114944999916,
      "p99_ms": 305.2325476699999,
      "max_ms": 409.25602,
      "ci95_half_width_ms": 3.0478532511646863,
      "recv_pct_mean": 100.0,
      "recv_pct_min": 100.0
    },
    {
      "protocol": "ssh3",
      "workload": "command_loop",
      "command": "df -h",
      "n": 970,
      "failures": 0,
      "success_rate_pct": 100.0,
      "min_ms": 50.224333,
      "mean_ms": 145.51900812164948,
      "median_ms": 159.601462,
      "stdev_ms": 56.2686924552248,
      "p95_ms": 264.08823719999987,
      "p99_ms": 308.00841008999987,
      "max_ms": 402.846481,
      "ci95_half_width_ms": 3.5410905111023276,
      "recv_pct_mean": 99.79518534766396,
      "recv_pct_min": 0.0
    },
    {
      "protocol": "ssh3",
      "workload": "command_loop",
      "command": "ps aux",
      "n": 970,
      "failures": 0,
      "success_rate_pct": 100.0,
      "min_ms": 51.430828,
      "mean_ms": 314.0870961185567,
      "median_ms": 275.93928,
      "stdev_ms": 150.5555111704472,
      "p95_ms": 598.1787413999999,
      "p99_ms": 757.6432215699992,
      "max_ms": 1356.501571,
      "ci95_half_width_ms": 9.474730418235044,
      "recv_pct_mean": 92.63373947470862,
      "recv_pct_min": 23.348619377500242
    },
    {
      "protocol": "ssh3",
      "workload": "command_loop",
      "command": "grep -n root /etc/passwd",
      "n": 970,
      "failures": 0,
      "success_rate_pct": 100.0,
      "min_ms": 50.200971,
      "mean_ms": 150.0359740927835,
      "median_ms": 160.49334149999999,
      "stdev_ms": 51.41675905714532,
      "p95_ms": 265.373256,
      "p99_ms": 300.26828701,
      "max_ms": 509.682278,
      "ci95_half_width_ms": 3.235749573419949,
      "recv_pct_mean": 100.0,
      "recv_pct_min": 100.0
    },
    {
      "protocol": "mosh",
      "workload": "command_loop",
      "command": "ls",
      "n": 970,
      "failures": 49,
      "success_rate_pct": 95.19136408243376,
      "min_ms": 50.232492,
      "mean_ms": 89.99550514948453,
      "median_ms": 88.699246,
      "stdev_ms": 79.99733627705743,
      "p95_ms": 134.27678824999998,
      "p99_ms": 473.75152208999987,
      "max_ms": 1257.530681,
      "ci95_half_width_ms": 5.03437695179367,
      "recv_pct_mean": 84.61434883231644,
      "recv_pct_min": 0.0
    },
    {
      "protocol": "mosh",
      "workload": "command_loop",
      "command": "df -h",
      "n": 970,
      "failures": 73,
      "success_rate_pct": 93.00095877277086,
      "min_ms": 50.211901,
      "mean_ms": 85.46339292371134,
      "median_ms": 74.0547375,
      "stdev_ms": 63.26234557764435,
      "p95_ms": 141.19787999999994,
      "p99_ms": 482.34955582999953,
      "max_ms": 578.038581,
      "ci95_half_width_ms": 3.981213741786027,
      "recv_pct_mean": 75.69752138626892,
      "recv_pct_min": 0.0
    },
    {
      "protocol": "mosh",
      "workload": "command_loop",
      "command": "ps aux",
      "n": 970,
      "failures": 40,
      "success_rate_pct": 96.03960396039604,
      "min_ms": 50.264253,
      "mean_ms": 89.71909135670103,
      "median_ms": 61.543495,
      "stdev_ms": 68.9260253799685,
      "p95_ms": 200.3952174,
      "p99_ms": 245.49471210999997,
      "max_ms": 1154.50032,
      "ci95_half_width_ms": 4.337639347763826,
      "recv_pct_mean": 6.450360256419284,
      "recv_pct_min": 0.0
    },
    {
      "protocol": "mosh",
      "workload": "command_loop",
      "command": "grep -n root /etc/passwd",
      "n": 970,
      "failures": 29,
      "success_rate_pct": 97.09709709709709,
      "min_ms": 50.2437,
      "mean_ms": 95.4120048371134,
      "median_ms": 93.324921,
      "stdev_ms": 56.70702932565102,
      "p95_ms": 136.71076549999998,
      "p99_ms": 472.3786359199998,
      "max_ms": 527.870163,
      "ci95_half_width_ms": 3.5686758425682705,
      "recv_pct_mean": 94.16009702850212,
      "recv_pct_min": 2.941176470588235
    }
  ],
  "session_setup": {
    "ssh": {
      "ls": {
        "n": 10,
        "mean": 1877.318836,
        "median": 1791.7334255,
        "stdev": 173.8077772735375,
        "min": 1719.372901,
        "max": 2175.762804
      },
      "df -h": {
        "n": 10,
        "mean": 1843.0646035,
        "median": 1776.0451025,
        "stdev": 179.44151788835467,
        "min": 1693.008952,
        "max": 2268.354252
      },
      "ps aux": {
        "n": 10,
        "mean": 1841.8856152,
        "median": 1760.17448,
        "stdev": 177.34979338615943,
        "min": 1657.559714,
        "max": 2203.564531
      },
      "grep -n root /etc/passwd": {
        "n": 10,
        "mean": 1829.174215,
        "median": 1774.9180085,
        "stdev": 132.26594604111511,
        "min": 1697.004556,
        "max": 2066.898632
      }
    },
    "ssh3": {
      "ls": {
        "n": 10,
        "mean": 693.1660693,
        "median": 691.9965804999999,
        "stdev": 104.16499331168669,
        "min": 522.925387,
        "max": 898.483882
      },
      "df -h": {
        "n": 10,
        "mean": 648.4311081,
        "median": 666.5660405000001,
        "stdev": 42.064323420802566,