{
  "started_at_utc": "2026-05-27T23:35:21+00:00",
  "scenario": "high",
  "target": "trungnt@192.168.8.102",
  "client_source_ip": "192.168.8.100",
  "protocols": [
    "ssh",
    "ssh3",
    "mosh"
  ],
  "workloads": [
    "command_loop"
  ],
  "commands": [
    "ls",
    "df -h",
    "ps aux",
    "grep -n root /etc/passwd"
  ],
  "trials": 10,
  "iterations": 100,
  "warmup": 3,
  "timeout_sec": 20,
  "random_seed": 42,
  "shuffle_pairs": true,
  "reopen_on_failure": true,
  "min_recv_pct": 0.0,
  "mosh_predict": "always",
  "summary": [
    {
      "protocol": "ssh",
      "workload": "command_loop",
      "command": "ls",
      "n": 970,
      "failures": 0,
      "success_rate_pct": 100.0,
      "min_ms": 50.188096,
      "mean_ms": 219.86335303195875,
      "median_ms": 162.999148,
      "stdev_ms": 177.7004692528061,
      "p95_ms": 519.4519892999999,
      "p99_ms": 885.1738275099999,
      "max_ms": 1163.049077,
      "ci95_half_width_ms": 11.183011689675643,
      "recv_pct_mean": 99.76057227014518,
      "recv_pct_min": 0.0
    },
    {
      "protocol": "ssh",
      "workload": "command_loop",
      "command": "df -h",
      "n": 970,
      "failures": 0,
      "success_rate_pct": 100.0,
      "min_ms": 50.191182,
      "mean_ms": 231.7743598257732,
      "median_ms": 170.607939,
      "stdev_ms": 187.33987288120346,
      "p95_ms": 544.9630681999997,
      "p99_ms": 871.6708581699991,
      "max_ms": 1214.404464,
      "ci95_half_width_ms": 11.789636781388323,
      "recv_pct_mean": 99.93474446150472,
      "recv_pct_min": 48.138297872340424
    },
    {
      "protocol": "ssh",
      "workload": "command_loop",
      "command": "ps aux",
      "n": 970,
      "failures": 0,
      "success_rate_pct": 100.0,
      "min_ms": 50.663628,
      "mean_ms": 686.160073572165,
      "median_ms": 659.4132085,
      "stdev_ms": 316.6549841855505,
      "p95_ms": 1295.86110425,
      "p99_ms": 1588.77486651,
      "max_ms": 2441.66897,
      "ci95_half_width_ms": 19.927670448091114,
      "recv_pct_mean": 96.06093290123357,
      "recv_pct_min": 18.384360374414975
    },
    {
      "protocol": "ssh",
      "workload": "command_loop",
      "command": "grep -n root /etc/passwd",
      "n": 970,
      "failures": 0,
      "success_rate_pct": 100.0,
      "min_ms": 50.1981,
      "mean_ms": 223.48724151237113,
      "median_ms": 177.8647375,
      "stdev_ms": 168.18873224541028,
      "p95_ms": 522.6428176999999,
      "p99_ms": 891.7028267499986,
      "max_ms": 1269.181398,
      "ci95_half_width_ms": 10.58442088915558,
      "recv_pct_mean": 99.73923590054578,
      "recv_pct_min": 0.0
    },
    {
      "protocol": "ssh3",
      "workload": "command_loop",
      "command": "ls",
      "n": 970,
      "failures": 0,
      "success_rate_pct": 100.0,
      "min_ms": 50.235441,
      "mean_ms": 290.11548111340204,
      "median_ms": 274.44182650000005,
      "stdev_ms": 105.47832509613846,
      "p95_ms": 518.36234565,
      "p99_ms": 646.4183718399993,
      "max_ms": 988.854264,
      "ci95_half_width_ms": 6.637941630190138,
      "recv_pct_mean": 100.0,
      "recv_pct_min": 100.0
    },
    {
      "protocol": "ssh3",
      "workload": "command_loop",
      "command": "df -h",
      "n": 970,
      "failures": 0,
      "success_rate_pct": 100.0,
      "min_ms": 50.199182,
      "mean_ms": 290.3577627804124,
      "median_ms": 274.185927,
      "stdev_ms": 105.54228232744622,
      "p95_ms": 513.5241369499998,
      "p99_ms": 622.4688756299992,
      "max_ms": 875.915822,
      "ci95_half_width_ms": 6.641966574346792,
      "recv_pct_mean": 99.89690721649484,
      "recv_pct_min": 0.0
    },
    {
      "protocol": "ssh3",
      "workload": "command_loop",
      "command": "ps aux",
      "n": 970,
      "failures": 0,
      "success_rate_pct": 100.0,
      "min_ms": 86.318123,
      "mean_ms": 777.4431156927835,
      "median_ms": 736.0083585,
      "stdev_ms": 290.670776374291,
      "p95_ms": 1326.8424499999999,
      "p99_ms": 1592.6754068099988,
      "max_ms": 2062.540777,
      "ci95_half_width_ms": 18.292437289044813,
      "recv_pct_mean": 94.62011173745918,
      "recv_pct_min": 20.3051872074883
    },
    {
      "protocol": "ssh3",
      "workload": "command_loop",
      "command": "grep -n root /etc/passwd",
      "n": 970,
      "failures": 0,
      "success_rate_pct": 100.0,
      "min_ms": 50.24566,
      "mean_ms": 295.55963587216496,
      "median_ms": 275.17974549999997,
      "stdev_ms": 104.40697468537608,
      "p95_ms": 530.7390306,
      "p99_ms": 619.1656935399996,
      "max_ms": 1010.231854,
      "ci95_half_width_ms": 6.5705196125799885,
      "recv_pct_mean": 99.8696179502729,
      "recv_pct_min": 0.0
    },
    {
      "protocol": "mosh",
      "workload": "command_loop",
      "command": "ls",
      "n": 970,
      "failures": 47,
      "success_rate_pct": 95.37856440511308,
      "min_ms": 50.218411,
      "mean_ms": 166.5214523525773,
      "median_ms": 128.43494800000002,
      "stdev_ms": 151.90617430013558,
      "p95_ms": 336.8760491999998,
      "p99_ms": 829.7945678999988,
      "max_ms": 980.835804,
      "ci95_half_width_ms": 9.5597300900515,
      "recv_pct_mean": 84.41531664212077,
      "recv_pct_min": 0.40816326530612246
    },
    {
      "protocol": "mosh",
      "workload": "command_loop",
      "command": "df -h",
      "n": 970,
      "failures": 78,
      "success_rate_pct": 92.55725190839695,
      "min_ms": 50.186073,
      "mean_ms": 148.14923236804123,
      "median_ms": 112.19710699999999,
      "stdev_ms": 137.60248516492283,
      "p95_ms": 304.7450984999999,
      "p99_ms": 869.208585979999,
      "max_ms": 946.732799,
      "ci95_half_width_ms": 8.65957308159135,
      "recv_pct_mean": 71.44275060320246,
      "recv_pct_min": 0.0
    },
    {
      "protocol": "mosh",
      "workload": "command_loop",
      "command": "ps aux",
      "n": 970,
      "failures": 58,
      "success_rate_pct": 94.3579766536965,
      "min_ms": 50.488396,
      "mean_ms": 169.68524812886596,
      "median_ms": 150.42587350000002,
      "stdev_ms": 104.17643385562798,
      "p95_ms": 322.1007046,
      "p99_ms": 455.76257107999936,
      "max_ms": 1257.835145,
      "ci95_half_width_ms": 6.556011261505502,
      "recv_pct_mean": 5.969892403943581,
      "recv_pct_min": 0.004875195007800312
    },
    {
      "protocol": "mosh",
      "workload": "command_loop",
      "command": "grep -n root /etc/passwd",
      "n": 970,
      "failures": 26,
      "success_rate_pct": 97.38955823293173,
      "min_ms": 50.222439,
      "mean_ms": 159.7752807041237,
      "median_ms": 144.77970499999998,
      "stdev_ms": 118.7717562903043,
      "p95_ms": 302.10195349999987,
      "p99_ms": 769.6540207599998,
      "max_ms": 918.615857,
      "ci95_half_width_ms": 7.474521280572281,
      "recv_pct_mean": 93.13523347483323,
      "recv_pct_min": 0.0
    }
  ],
  "session_setup": {
    "ssh": {
      "ls": {
        "n": 10,
        "mean": 3427.2219586,
        "median": 3310.9319720000003,
        "stdev": 623.0405758839098,
        "min": 2859.256825,
        "max": 5029.26513
      },
      "df -h": {
        "n": 10,
        "mean": 3176.9834509,
        "median": 3002.1904585,
        "stdev": 454.9185330306221,
        "min": 2851.473933,
        "max": 4166.054036
      },
      "ps aux": {
        "n": 10,
        "mean": 3377.5934554,
        "median": 3157.2287845,
        "stdev": 549.3747126031341,
        "min": 2785.740217,
        "max": 4244.754882
      },
      "grep -n root /etc/passwd": {
        "n": 10,
        "mean": 3177.5905725000002,
        "median": 3043.5309615,
        "stdev": 423.67085707890385,
        "min": 2824.422888,
        "max": 4201.191489
      }
    },
    "ssh3": {
      "ls": {
        "n": 10,
        "mean": 1083.4559118,
        "median": 984.1865745,
        "stdev": 232.41644937355196,
        "min": 854.853352,
        "max": 1551.861393
      },