{
  "started_at_utc": "2026-05-27T18:29:04+00:00",
  "scenario": "high",
  "target": "trungnt@192.168.8.102",
  "client_source_ip": "192.168.8.100",
  "protocols": [
    "ssh",
    "ssh3",
    "mosh"
  ],
  "workloads": [
    "command_loop"
  ],
  "commands": [
    "ls",
    "df -h",
    "ps aux",
    "grep -n root /etc/passwd"
  ],
  "trials": 2,
  "iterations": 5,
  "warmup": 3,
  "timeout_sec": 20,
  "random_seed": 42,
  "shuffle_pairs": true,
  "reopen_on_failure": true,
  "min_recv_pct": 0.0,
  "mosh_predict": "always",
  "summary": [
    {
      "protocol": "ssh",
      "workload": "command_loop",
      "command": "ls",
      "n": 4,
      "failures": 0,
      "success_rate_pct": 100.0,
      "min_ms": 52.86319,
      "mean_ms": 334.730101,
      "median_ms": 198.1406615,
      "stdev_ms": 376.81178803855903,
      "p95_ms": 789.5853792499997,
      "p99_ms": 869.7377886499999,
      "max_ms": 889.775891,
      "ci95_half_width_ms": 369.2755522777878,
      "recv_pct_mean": 100.0,
      "recv_pct_min": 100.0
    },
    {
      "protocol": "ssh",
      "workload": "command_loop",
      "command": "df -h",
      "n": 4,
      "failures": 0,
      "success_rate_pct": 100.0,
      "min_ms": 122.818198,
      "mean_ms": 280.1632965,
      "median_ms": 241.5293315,
      "stdev_ms": 178.17179152258876,
      "p95_ms": 485.62390629999993,
      "p99_ms": 508.94584125999995,
      "max_ms": 514.776325,
      "ci95_half_width_ms": 174.608355692137,
      "recv_pct_mean": 100.0,
      "recv_pct_min": 100.0
    },
    {
      "protocol": "ssh",
      "workload": "command_loop",
      "command": "ps aux",
      "n": 4,
      "failures": 0,
      "success_rate_pct": 100.0,
      "min_ms": 320.311231,
      "mean_ms": 763.50612175,
      "median_ms": 560.438365,
      "stdev_ms": 584.0941848604157,
      "p95_ms": 1471.1466264999997,
      "p99_ms": 1584.4985460999997,
      "max_ms": 1612.836526,
      "ci95_half_width_ms": 572.4123011632073,
      "recv_pct_mean": 99.80313022935329,
      "recv_pct_min": 99.21252091741313
    },
    {
      "protocol": "ssh",
      "workload": "command_loop",
      "command": "grep -n root /etc/passwd",
      "n": 4,
      "failures": 0,
      "success_rate_pct": 100.0,
      "min_ms": 61.431129,
      "mean_ms": 227.60562525,
      "median_ms": 182.8829825,
      "stdev_ms": 183.84124842557304,
      "p95_ms": 445.23930469999993,
      "p99_ms": 475.62818653999994,
      "max_ms": 483.225407,
      "ci95_half_width_ms": 180.1644234570616,
      "recv_pct_mean": 100.0,
      "recv_pct_min": 100.0
    },
    {
      "protocol": "ssh3",
      "workload": "command_loop",
      "command": "ls",
      "n": 4,
      "failures": 0,
      "success_rate_pct": 100.0,
      "min_ms": 50.49817,
      "mean_ms": 129.729726,
      "median_ms": 120.933383,
      "stdev_ms": 92.25444684260006,
      "p95_ms": 221.1707989,
      "p99_ms": 225.47733417999999,
      "max_ms": 226.553968,
      "ci95_half_width_ms": 90.40935790574805,
      "recv_pct_mean": 100.0,
      "recv_pct_min": 100.0
    },
    {
      "protocol": "ssh3",
      "workload": "command_loop",
      "command": "df -h",
      "n": 4,
      "failures": 0,
      "success_rate_pct": 100.0,
      "min_ms": 50.486366,
      "mean_ms": 178.77627375,
      "median_ms": 159.1578005,
      "stdev_ms": 142.62754478234203,
      "p95_ms": 331.5359709,
      "p99_ms": 343.34969658,
      "max_ms": 346.303128,
      "ci95_half_width_ms": 139.77499388669517,
      "recv_pct_mean": 75.0,
      "recv_pct_min": 0.0
    },
    {
      "protocol": "ssh3",
      "workload": "command_loop",
      "command": "ps aux",
      "n": 4,
      "failures": 0,
      "success_rate_pct": 100.0,
      "min_ms": 427.344279,
      "mean_ms": 806.8932725,
      "median_ms": 867.603276,
      "stdev_ms": 282.2136043104246,
      "p95_ms": 1050.7337063,
      "p99_ms": 1062.16454846,
      "max_ms": 1065.022259,
      "ci95_half_width_ms": 276.5693322242161,
      "recv_pct_mean": 99.36878629786396,
      "recv_pct_min": 98.9565902155724
    },
    {
      "protocol": "ssh3",
      "workload": "command_loop",
      "command": "grep -n root /etc/passwd",
      "n": 4,
      "failures": 0,
      "success_rate_pct": 100.0,
      "min_ms": 50.270423,
      "mean_ms": 132.97832125,
      "median_ms": 135.191741,
      "stdev_ms": 88.45817723141072,
      "p95_ms": 210.7158145,
      "p99_ms": 211.1506669,
      "max_ms": 211.25938,
      "ci95_half_width_ms": 86.6890136867825,
      "recv_pct_mean": 100.0,
      "recv_pct_min": 100.0
    },
    {
      "protocol": "mosh",
      "workload": "command_loop",
      "command": "ls",
      "n": 4,
      "failures": 0,
      "success_rate_pct": 100.0,
      "min_ms": 103.60754,
      "mean_ms": 159.36894625,
      "median_ms": 155.413667,
      "stdev_ms": 57.99990190566472,
      "p95_ms": 218.60591964999998,
      "p99_ms": 222.15391273,
      "max_ms": 223.040911,
      "ci95_half_width_ms": 56.83990386755143,
      "recv_pct_mean": 100.0,
      "recv_pct_min": 100.0
    },
    {
      "protocol": "mosh",
      "workload": "command_loop",
      "command": "df -h",
      "n": 4,
      "failures": 0,
      "success_rate_pct": 100.0,
      "min_ms": 112.416749,
      "mean_ms": 183.9548675,
      "median_ms": 184.778287,
      "stdev_ms": 58.14875765924683,
      "p95_ms": 244.7408893,
      "p99_ms": 252.02509546,
      "max_ms": 253.846147,
      "ci95_half_width_ms": 56.985782506061895,
      "recv_pct_mean": 100.0,
      "recv_pct_min": 100.0
    },
    {
      "protocol": "mosh",
      "workload": "command_loop",
      "command": "ps aux",
      "n": 4,
      "failures": 0,
      "success_rate_pct": 100.0,
      "min_ms": 76.032963,
      "mean_ms": 118.993635,
      "median_ms": 102.2123085,
      "stdev_ms": 53.79324694052317,
      "p95_ms": 183.68582984999998,
      "p99_ms": 193.15073396999998,
      "max_ms": 195.51696,
      "ci95_half_width_ms": 52.71738200171271,
      "recv_pct_mean": 4.081356432719756,
      "recv_pct_min": 0.00492174426616793
    },
    {
      "protocol": "mosh",
      "workload": "command_loop",
      "command": "grep -n root /etc/passwd",
      "n": 4,
      "failures": 0,
      "success_rate_pct": 100.0,
      "min_ms": 50.362581,
      "mean_ms": 141.783732,
      "median_ms": 134.248727,
      "stdev_ms": 83.74396521914159,
      "p95_ms": 234.88692604999994,
      "p99_ms": 245.59729960999996,
      "max_ms": 248.274893,
      "ci95_half_width_ms": 82.06908591475876,
      "recv_pct_mean": 100.0,
      "recv_pct_min": 100.0
    }
  ],
  "session_setup": {
    "ssh": {
      "ls": {
        "n": 2,
        "mean": 3119.4799755,
        "median": 3119.4799755,
        "stdev": 283.63065075328336,
        "min": 2918.922819,
        "max": 3320.037132
      },
      "df -h": {
        "n": 2,
        "mean": 3554.9906705000003,
        "median": 3554.9906705000003,
        "stdev": 810.2434833655642,
        "min": 2982.062009,
        "max": 4127.919332
      },
      "ps aux": {
        "n": 2,
        "mean": 3332.828838,
        "median": 3332.828838,
        "stdev": 749.438258972366,
        "min": 2802.895963,
        "max": 3862.761713
      },
      "grep -n root /etc/passwd": {
        "n": 2,
        "mean": 3500.2541505,
        "median": 3500.2541505,
        "stdev": 905.3892630271666,
        "min": 2860.047263,
        "max": 4140.461038
      }
    },
    "ssh3": {
      "ls": {
        "n": 2,
        "mean": 863.7359625,
        "median": 863.7359625,
        "stdev": 50.50779663019225,
        "min": 828.021557,
        "max": 899.450368
      },
      "df -h": {
        "n": 2,
        "mean": 1226.7807954999998,
        "median": 1226.7807954999998,
        "stdev": 437.67774646521497,
        "min": 917.295893,
        "max": 1536.265698
      },
      "ps aux": {
        "n": 2,
        "mean": 1033.1989975000001,
        "median": 1033.1989975000001,
        "stdev": 66.59180586698044,