{
  "started_at_utc": "2026-05-27T18:27:04+00:00",
  "scenario": "medium",
  "target": "trungnt@192.168.8.102",
  "client_source_ip": "192.168.8.100",
  "protocols": [
    "ssh",
    "ssh3",
    "mosh"
  ],
  "workloads": [
    "command_loop"
  ],
  "commands": [
    "ls",
    "df -h",
    "ps aux",
    "grep -n root /etc/passwd"
  ],
  "trials": 2,
  "iterations": 5,
  "warmup": 3,
  "timeout_sec": 20,
  "random_seed": 42,
  "shuffle_pairs": true,
  "reopen_on_failure": true,
  "min_recv_pct": 0.0,
  "mosh_predict": "always",
  "summary": [
    {
      "protocol": "ssh",
      "workload": "command_loop",
      "command": "ls",
      "n": 4,
      "failures": 0,
      "success_rate_pct": 100.0,
      "min_ms": 51.969535,
      "mean_ms": 80.7656395,
      "median_ms": 83.43798699999999,
      "stdev_ms": 23.423414767419906,
      "p95_ms": 102.7856116,
      "p99_ms": 103.93076152,
      "max_ms": 104.217049,
      "ci95_half_width_ms": 22.95494647207151,
      "recv_pct_mean": 100.0,
      "recv_pct_min": 100.0
    },
    {
      "protocol": "ssh",
      "workload": "command_loop",
      "command": "df -h",
      "n": 4,
      "failures": 0,
      "success_rate_pct": 100.0,
      "min_ms": 50.198601,
      "mean_ms": 73.9679345,
      "median_ms": 72.77092,
      "stdev_ms": 27.380000244013498,
      "p95_ms": 99.37567725,
      "p99_ms": 99.98017305,
      "max_ms": 100.131297,
      "ci95_half_width_ms": 26.83240023913323,
      "recv_pct_mean": 100.0,
      "recv_pct_min": 100.0
    },
    {
      "protocol": "ssh",
      "workload": "command_loop",
      "command": "ps aux",
      "n": 4,
      "failures": 0,
      "success_rate_pct": 100.0,
      "min_ms": 195.047768,
      "mean_ms": 231.4695555,
      "median_ms": 208.57014,
      "stdev_ms": 55.43048429488509,
      "p95_ms": 298.88306259999996,
      "p99_ms": 310.72875172,
      "max_ms": 313.690174,
      "ci95_half_width_ms": 54.321874608987386,
      "recv_pct_mean": 100.0,
      "recv_pct_min": 100.0
    },
    {
      "protocol": "ssh",
      "workload": "command_loop",
      "command": "grep -n root /etc/passwd",
      "n": 4,
      "failures": 0,
      "success_rate_pct": 100.0,
      "min_ms": 53.945504,
      "mean_ms": 72.7441355,
      "median_ms": 75.054092,
      "stdev_ms": 14.831035778799594,
      "p95_ms": 86.17515905,
      "p99_ms": 86.77331501,
      "max_ms": 86.922854,
      "ci95_half_width_ms": 14.534415063223602,
      "recv_pct_mean": 100.0,
      "recv_pct_min": 100.0
    },
    {
      "protocol": "ssh3",
      "workload": "command_loop",
      "command": "ls",
      "n": 4,
      "failures": 0,
      "success_rate_pct": 100.0,
      "min_ms": 154.797705,
      "mean_ms": 195.5140125,
      "median_ms": 162.9709755,
      "stdev_ms": 70.68737860150674,
      "p95_ms": 281.0395905,
      "p99_ms": 297.2610333,
      "max_ms": 301.316394,
      "ci95_half_width_ms": 69.2736310294766,
      "recv_pct_mean": 100.0,
      "recv_pct_min": 100.0
    },
    {
      "protocol": "ssh3",
      "workload": "command_loop",
      "command": "df -h",
      "n": 4,
      "failures": 0,
      "success_rate_pct": 100.0,
      "min_ms": 50.497848,
      "mean_ms": 211.15451025,
      "median_ms": 186.98330550000003,
      "stdev_ms": 166.85617925198417,
      "p95_ms": 397.2076684499999,
      "p99_ms": 415.5643992899999,
      "max_ms": 420.153582,
      "ci95_half_width_ms": 163.5190556669445,
      "recv_pct_mean": 100.0,
      "recv_pct_min": 100.0
    },
    {
      "protocol": "ssh3",
      "workload": "command_loop",
      "command": "ps aux",
      "n": 4,
      "failures": 0,
      "success_rate_pct": 100.0,
      "min_ms": 186.582665,
      "mean_ms": 320.71320875,
      "median_ms": 317.387319,
      "stdev_ms": 123.41544364994262,
      "p95_ms": 449.2835505,
      "p99_ms": 459.0531357,
      "max_ms": 461.495532,
      "ci95_half_width_ms": 120.94713477694376,
      "recv_pct_mean": 91.91151139327724,
      "recv_pct_min": 69.30951326344801
    },
    {
      "protocol": "ssh3",
      "workload": "command_loop",
      "command": "grep -n root /etc/passwd",
      "n": 4,
      "failures": 0,
      "success_rate_pct": 100.0,
      "min_ms": 57.732097,
      "mean_ms": 118.96244275000001,
      "median_ms": 126.3871105,
      "stdev_ms": 53.834570725963324,
      "p95_ms": 164.99487475,
      "p99_ms": 165.27373735,
      "max_ms": 165.343453,
      "ci95_half_width_ms": 52.75787931144406,
      "recv_pct_mean": 100.0,
      "recv_pct_min": 100.0
    },
    {
      "protocol": "mosh",
      "workload": "command_loop",
      "command": "ls",
      "n": 4,
      "failures": 0,
      "success_rate_pct": 100.0,
      "min_ms": 50.474679,
      "mean_ms": 79.30717075,
      "median_ms": 79.663928,
      "stdev_ms": 24.779282453897736,
      "p95_ms": 104.83429335,
      "p99_ms": 106.90777707,
      "max_ms": 107.426148,
      "ci95_half_width_ms": 24.28369680481978,
      "recv_pct_mean": 100.0,
      "recv_pct_min": 100.0
    },
    {
      "protocol": "mosh",
      "workload": "command_loop",
      "command": "df -h",
      "n": 4,
      "failures": 0,
      "success_rate_pct": 100.0,
      "min_ms": 50.500289,
      "mean_ms": 100.51657675,
      "median_ms": 102.98209299999999,
      "stdev_ms": 39.36463934463255,
      "p95_ms": 140.2814376,
      "p99_ms": 144.53775312,
      "max_ms": 145.601832,
      "ci95_half_width_ms": 38.5773465577399,
      "recv_pct_mean": 100.0,
      "recv_pct_min": 100.0
    },
    {
      "protocol": "mosh",
      "workload": "command_loop",
      "command": "ps aux",
      "n": 4,
      "failures": 0,
      "success_rate_pct": 100.0,
      "min_ms": 50.508247,
      "mean_ms": 51.03660875,
      "median_ms": 50.832439,
      "stdev_ms": 0.6529753098478657,
      "p95_ms": 51.82317515,
      "p99_ms": 51.943283029999996,
      "max_ms": 51.97331,
      "ci95_half_width_ms": 0.6399158036509084,
      "recv_pct_mean": 4.083616319700773,
      "recv_pct_min": 0.004921502042423347
    },
    {
      "protocol": "mosh",
      "workload": "command_loop",
      "command": "grep -n root /etc/passwd",
      "n": 4,
      "failures": 0,
      "success_rate_pct": 100.0,
      "min_ms": 50.466066,
      "mean_ms": 77.01911725,
      "median_ms": 76.11591899999999,
      "stdev_ms": 30.691088945320672,
      "p95_ms": 104.83524895,
      "p99_ms": 105.26990178999999,
      "max_ms": 105.378565,
      "ci95_half_width_ms": 30.07726716641426,
      "recv_pct_mean": 100.0,
      "recv_pct_min": 100.0
    }
  ],
  "session_setup": {
    "ssh": {
      "ls": {
        "n": 2,
        "mean": 1731.5173535,
        "median": 1731.5173535,
        "stdev": 85.52786808028797,
        "min": 1671.040018,
        "max": 1791.994689
      },
      "df -h": {
        "n": 2,
        "mean": 1741.881562,
        "median": 1741.881562,
        "stdev": 22.879641986818793,
        "min": 1725.703212,
        "max": 1758.059912
      },
      "ps aux": {
        "n": 2,
        "mean": 1745.8791055000002,
        "median": 1745.8791055000002,
        "stdev": 85.74637821781003,
        "min": 1685.24726,
        "max": 1806.510951
      },
      "grep -n root /etc/passwd": {
        "n": 2,
        "mean": 1713.573734,
        "median": 1713.573734,
        "stdev": 43.30727665857467,
        "min": 1682.950865,
        "max": 1744.196603
      }
    },
    "ssh3": {
      "ls": {
        "n": 2,
        "mean": 693.313407,
        "median": 693.313407,
        "stdev": 226.7326254897046,
        "min": 532.98923,
        "max": 853.637584
      },
      "df -h": {
        "n": 2,
        "mean": 546.554506,
        "median": 546.554506,
        "stdev": 7.454725566560946,
        "min": 541.283219,
        "max": 551.825793
      },
      "ps aux": {
        "n": 2,
        "mean": 541.7215455,
        "median": 541.7215455,
        "stdev": 22.20150749177781,
        "min": 526.022709,
        "max": 557.420382
      },